Transaction_ID,Customer_ID,Transaction_Date,Product,Category,Quantity,Unit_Price,Discount,Sales,Payment_Method,Returned
T00001,C0632,2025-09-09,Monitor,Electronics,2,364.31,0.0,728.61,Debit Card,No
T00002,C0347,2025-03-11,Speaker,Electronics,1,281.19,0.0,281.19,Credit Card,No
T00003,C0809,2024-12-26,Speaker,Electronics,3,92.63,0.0,277.88,PayPal,No
T00004,C0302,2025-02-17,Headphones,Electronics,1,127.73,0.0,127.73,PayPal,No
T00005,C0771,2025-12-31,Mouse,Electronics,1,33.17,0.0,33.17,Mobile Payment,No
T00006,C0243,2025-12-31,Tablet,Electronics,1,268.4,0.0,268.4,Debit Card,No
T00007,C1021,2024-09-10,Phone,Electronics,1,869.7,0.1,782.73,PayPal,Yes
T00008,C1152,2025-05-06,Smartwatch,Electronics,1,297.14,0.0,297.14,Mobile Payment,No
T00009,C0172,2024-12-23,Headphones,Electronics,1,32.24,0.1,29.02,PayPal,No
T00010,C0723,2025-03-20,Phone,Electronics,3,424.53,0.05,1209.92,Credit Card,No
T00011,C0109,2025-11-15,Smartwatch,Electronics,1,119.49,0.0,119.49,PayPal,No
T00012,C0904,2025-07-28,Speaker,Electronics,1,78.25,0.0,78.25,Debit Card,No
T00013,C0401,2024-10-28,Speaker,Electronics,3,221.33,0.05,630.78,Debit Card,No
T00014,C0800,2025-12-13,Keyboard,Electronics,3,112.86,0.0,338.58,Debit Card,No
T00015,C0783,2025-03-03,Monitor,Electronics,1,354.27,0.05,336.56,Debit Card,No
T00016,C1396,2025-12-31,Phone,Electronics,2,373.17,0.0,746.35,PayPal,No
T00017,C0830,2024-10-21,Smartwatch,Electronics,1,140.51,0.05,133.48,Credit Card,No
T00018,C0884,2025-06-18,Speaker,Electronics,3,132.59,0.0,397.76,Credit Card,No
T00019,C0623,2025-05-20,Camera,Electronics,2,1006.93,0.1,1812.48,Debit Card,No
T00020,C1429,2025-07-20,Smartwatch,Electronics,1,346.86,0.0,346.86,Debit Card,No
T00021,C1194,2024-12-24,Laptop,Electronics,2,828.78,0.1,1491.81,Credit Card,No
T00022,C0436,2025-05-06, phone ,Electronics,4,94.89,0.0,379.56,Mobile Payment,No
T00023,C1292,2025-07-19,Headphones,Electronics,1,83.24,0.0,83.24,Mobile Payment,No
T00024,C0671,2025-12-31,Camera,Electronics,1,339.66,0.0,339.66,PayPal,No
T00025,C1271,2025-12-31,Laptop,Electronics,1,853.45,0.0,853.45,Mobile Payment,No
T00026,C1264,2024-05-08,Keyboard,Electronics,2,164.75,0.15,280.08,PayPal,No
T00027,C0287,2025-06-09,Phone,Electronics,2,797.86,0.0,1595.72,Debit Card,Yes
T00028,C1066,2024-07-14,Mouse,Electronics,1,29.25,0.0,29.25,Debit Card,No
T00029,C0448,2025-07-01,Smartwatch,Electronics,1,166.19,0.0,166.19,Credit Card,No
T00030,C0457,2024-08-21,Mouse,Electronics,2,41.42,0.0,82.84,Credit Card,No
T00031,C0455,2025-06-06,Smartwatch,Electronics,3,102.84,0.0,308.53,Credit Card,Yes
T00032,C1114,2025-05-19,Keyboard,Electronics,2,121.44,0.05,230.74,Debit Card,No
T00033,C0342,2025-06-18,Phone,Electronics,2,612.24,0.0,1224.49,Credit Card,No
T00034,C0001,2024-06-18,Headphones,Electronics,1,111.13,0.0,111.13,Mobile Payment,No
T00035,C1095,2025-09-21,Speaker,Electronics,2,262.43,0.05,498.62,Credit Card,No
T00036,C0264,2025-06-26,Tablet,Electronics,1,471.26,0.0,471.26,Mobile Payment,No
T00037,C0161,2025-04-13,Laptop,Electronics,1,881.49,0.0,881.49,Mobile Payment,No
T00038,C0353,2025-06-19,Headphones,Electronics,2,101.0,0.2,161.61,Credit Card,No
T00039,C0587,2025-05-26,Headphones,Electronics,1,58.53,0.05,55.6,PayPal,No
T00040,C0734,2025-12-31,Monitor,Electronics,1,416.12,0.05,395.31,Mobile Payment,No
T00041,C0071,2025-10-23,Keyboard,Electronics,1,115.93,0.1,104.33,Mobile Payment,Yes
T00042,C1461,2025-12-31,Speaker,Electronics,2,266.25,0.15,452.62,Mobile Payment,No
T00043,C1098,2025-09-21,Smartwatch,Electronics,1,308.19,0.0,308.19,Mobile Payment,No
T00044,C0497,2025-12-31,Laptop,Electronics,1,1285.86,0.0,1285.86,Debit Card,No
T00045,C0490,2024-07-21,Mouse,Electronics,1,61.66,0.1,55.49,Credit Card,No
T00046,C0697,2025-12-31,Smartwatch,Electronics,1,249.09,0.05,236.63,Debit Card,No
T00047,C0950,2025-12-31,Camera,Electronics,2,997.99,0.0,1995.98,Debit Card,No
T00048,C0226,2024-09-19,Headphones,Electronics,1,47.42,0.0,47.42,Credit Card,No
T00049,C0287,2025-12-31,Tablet,Electronics,1,321.28,0.05,305.22,Credit Card,No
T00050,C1308,2025-12-31,Camera,Electronics,2,452.18,0.1,813.93,PayPal,No
T00051,C0387,2025-12-20,Smartwatch,Electronics,2,208.33,0.05,395.82,Credit Card,No
T00052,C0588,2024-09-23,Keyboard,Electronics,1,154.84,0.1,139.35,Mobile Payment,No
T00053,C1326,2025-09-24,Phone,Electronics,1,399.96,0.0,399.96,Debit Card,No
T00054,C1009,2024-09-30,Mouse,Electronics,1,77.13,0.0,77.13,Credit Card,No
T00055,C0524,2024-08-03,Laptop,Electronics,2,984.08,0.0,1968.15,Credit Card,No
T00056,C1040,2025-02-23,Phone,Electronics,1,837.0,0.2,669.6,Debit Card,No
T00057,C0029,2024-03-14,Headphones,Electronics,1,149.09,0.1,134.18,PayPal,No
T00058,C1127,2025-12-16,Headphones,Electronics,1,215.55,0.05,204.77,Mobile Payment,No
T00059,C0750,2025-11-22,Monitor,Electronics,3,260.55,0.0,781.65,Debit Card,No
T00060,C1248,2025-09-27,Headphones,Electronics,3,205.55,0.05,585.82,PayPal,No
T00061,C1437,2024-04-19,Laptop,Electronics,3,949.94,0.1,2564.84,Mobile Payment,No
T00062,C1398,2024-10-26,Phone,Electronics,2,654.28,0.1,1177.7,Debit Card,No
T00063,C1380,2025-03-25,Phone,Electronics,2,363.43,0.1,654.17,Credit Card,No
T00064,C0774,2024-09-06,Headphones,Electronics,1,174.36,0.0,174.36,Debit Card,Yes
T00065,C0551,2025-12-31,Phone,Electronics,1,885.86,0.1,797.28,Debit Card,No
T00066,C0720,2025-01-27,Tablet,Electronics,2,550.09,0.0,1100.18,Mobile Payment,Yes
T00067,C1050,2025-12-31,Monitor,Electronics,2,427.11,0.0,854.22,Mobile Payment,No
T00068,C1349,2025-12-31,Tablet,Electronics,2,390.66,0.2,625.06,PayPal,No
T00069,C0311,2025-08-25,Tablet,Electronics,3,342.26,0.0,1026.78,PayPal,No
T00070,C1388,2024-05-20,Camera,Electronics,3,677.11,0.1,1828.2,PayPal,No
T00071,C1250,2025-02-18,Keyboard,Electronics,1,75.88,0.0,75.88,Debit Card,No
T00072,C1471,2025-02-03,Camera,Electronics,1,1049.44,0.0,1049.44,PayPal,No
T00073,C1343,2025-09-05,Monitor,Electronics,1,551.9,0.0,551.9,Credit Card,No
T00074,C0428,2024-09-14,Speaker,Electronics,1,286.91,0.0,286.91,Debit Card,No
T00075,C0164,2025-11-03,Tablet,Electronics,3,376.63,0.1,1016.9,Debit Card,No
T00076,C0173,2025-11-13,Keyboard,Electronics,4,109.66,0.0,438.66,Credit Card,No
T00077,C0448,2024-11-28,Monitor,Electronics,2,409.6,0.1,737.29,Debit Card,No
T00078,C0928,2025-07-01,Speaker,Electronics,2,209.28,0.0,418.57,Debit Card,No
T00079,C1234,2025-12-31,Headphones,Electronics,1,30.47,0.15,25.9,PayPal,No
T00080,C1369,2024-02-14,Camera,Electronics,2,1058.42,0.0,2116.84,Debit Card,No
T00081,C0946,2025-11-23,Keyboard,Electronics,3,66.56,0.0,199.69,Debit Card,No
T00082,C0010,2025-05-20,Mouse,Electronics,1,55.13,0.15,46.86,Debit Card,No
T00083,C0285,2025-08-29,Camera,Electronics,1,1057.41,0.15,898.8,Debit Card,No
T00084,C0154,2024-04-27,Speaker,Electronics,1,299.18,0.0,299.18,Mobile Payment,No
T00085,C0558,2025-05-23,Mouse,Electronics,2,82.57,0.2,132.1,Debit Card,No
T00086,C0764,2025-06-27,Tablet,Electronics,1,191.67,0.0,191.67,Credit Card,No
T00087,C0068,2025-12-31,Tablet,Electronics,1,353.31,0.15,300.32,PayPal,No
T00088,C0531,2024-08-17,Tablet,Electronics,1,296.19,0.0,296.19,Mobile Payment,No
T00089,C0274,2025-10-28,Phone,Electronics,1,876.69,0.0,876.69,Credit Card,No
T00090,C0987,2024-04-16,Laptop,Electronics,4,884.96,0.1,3185.86,Mobile Payment,No
T00091,C0718,2025-12-31,Keyboard,Electronics,2,171.22,0.15,291.07,PayPal,No
T00092,C0760,2025-10-08,Smartwatch,Electronics,1,331.88,0.0,331.88,Mobile Payment,No
T00093,C0661,2025-10-06,Laptop,Electronics,1,1287.59,0.05,1223.21,Debit Card,No
T00094,C1439,2025-02-23,Keyboard,Electronics,1,40.2,0.1,36.18,PayPal,No
T00095,C0325,2025-02-20,Headphones,Electronics,1,30.38,0.0,30.38,Mobile Payment,No
T00096,C0782,2025-06-15,Camera,Electronics,1,1014.49,0.1,913.05,Mobile Payment,No
T00097,C1127,2025-12-31,Phone,Electronics,1,798.14,0.05,758.24,Credit Card,No
T00098,C0843,2025-12-17,Keyboard,Electronics,1,174.14,0.05,165.43,Mobile Payment,No
T00099,C1404,2025-11-20,Speaker,Electronics,1,96.78,0.15,82.26,PayPal,No
T00100,C0586,2025-12-31,Headphones,Electronics,1,169.3,0.0,169.3,Mobile Payment,No
T00101,C0717,2025-02-12,Mouse,Electronics,1,59.12,0.1,53.21,Debit Card,No
T00102,C0142,2025-12-31,Camera,Electronics,2,595.63,0.05,1131.7,Credit Card,No
T00103,C0921,2025-03-25,Phone,Electronics,2,644.09,0.0,1288.18,Debit Card,No
T00104,C0443,2024-08-10,Speaker,Electronics,1,182.53,0.0,182.53,Mobile Payment,No
T00105,C0246,2025-01-31,Smartwatch,Electronics,2,144.77,0.15,246.1,Debit Card,No
T00106,C0824,2025-04-26,Phone,Electronics,3,424.5,0.0,1273.5,Mobile Payment,Yes
T00107,C0808,2024-10-05,Tablet,Electronics,1,408.69,0.0,408.69,Credit Card,No
T00108,C0116,2025-12-31,Keyboard,Electronics,1,98.48,0.2,78.78,Credit Card,No
T00109,C1063,2025-11-08,Camera,Electronics,1,571.85,0.0,571.85,PayPal,No
T00110,C0946,2025-12-31,Phone,Electronics,1,421.43,0.1,379.28,Debit Card,No
T00111,C0287,2025-06-29,Mouse,Electronics,1,96.12,0.0,96.12,Credit Card,No
T00112,C0726,2024-10-02,Tablet,Electronics,1,585.31,0.05,556.05,Debit Card,No
T00113,C1106,2025-01-22,Smartwatch,Electronics,2,296.87,0.0,593.73,Credit Card,No
T00114,C0804,2025-12-01,Mouse,Electronics,1,33.21,0.0,33.21,Debit Card,No
T00115,C0612,2024-03-22,Monitor,Electronics,2,235.18,0.05,446.84,Credit Card,No
T00116,C0495,2025-02-13,Mouse,Electronics,2,83.79,0.2,134.07,Mobile Payment,No
T00117,C0923,2025-07-05,Camera,Electronics,4,466.21,0.15,1585.1,Mobile Payment,No
T00118,C1416,2025-07-21,Headphones,Electronics,2,125.67,0.2,201.07,Mobile Payment,No
T00119,C1023,2025-12-31,Smartwatch,Electronics,1,124.21,0.05,118.0,Debit Card,No
T00120,C0115,2025-07-01,Phone,Electronics,2,495.75,0.0,991.49,Mobile Payment,No
T00121,C0714,2025-02-25,Mouse,Electronics,1,87.54,0.05,83.17,PayPal,No
T00122,C1360,2025-11-21,Smartwatch,Electronics,3,318.51,0.05,907.76,Credit Card,No
T00123,C0150,2025-04-16,Headphones,Electronics,2,219.37,0.0,438.74,Credit Card,No
T00124,C1484,2025-12-31,Smartwatch,Electronics,1,333.73,0.1,300.36,Debit Card,No
T00125,C1429,2025-09-05,Keyboard,Electronics,2,129.04,0.1,232.28,Debit Card,No
T00126,C0123,2025-12-31,Speaker,Electronics,1,-100.0,0.0,152.25,Mobile Payment,No
T00127,C1409,2025-09-09,Phone,Electronics,1,287.5,0.0,287.5,Mobile Payment,No
T00128,C0557,2025-06-21,Phone,Electronics,2,645.31,0.0,1290.62,Mobile Payment,No
T00129,C1292,2025-05-10,Camera,Electronics,1,489.61,0.2,391.69,Debit Card,No
T00130,C0645,2024-07-12,Camera,Electronics,1,1065.12,0.1,958.61,PayPal,Yes
T00131,C0688,2024-10-01,Monitor,Electronics,1,397.0,0.05,377.15,Debit Card,No
T00132,C0961,2025-11-30,Speaker,Electronics,2,230.71,0.15,392.21,Mobile Payment,No
T00133,C1188,2025-03-18,Mouse,Electronics,3,72.25,0.0,216.74,Mobile Payment,No
T00134,C0049,2025-04-15,Speaker,Electronics,2,130.31,0.1,234.55,Credit Card,No
T00135,C0898,2025-07-09,Keyboard,Electronics,2,142.66,0.05,271.05,PayPal,No
T00136,C0285,2025-12-31,Phone,Electronics,3,798.19,0.15,2035.39,Debit Card,No
T00137,C0528,2025-07-02,Headphones,Electronics,1,171.38,0.05,162.82,PayPal,No
T00138,C0530,2025-07-08,Speaker,Electronics,1,241.97,0.1,217.77,Credit Card,No
T00139,C0725,2025-12-31,Headphones,Electronics,1,98.4,0.0,98.4,PayPal,No
T00140,C0510,2025-07-12,Speaker,Electronics,1,285.36,0.0,285.36,PayPal,No
T00141,C0168,2025-05-25,Smartwatch,Electronics,3,183.13,0.0,549.38,Credit Card,No
T00142,C0224,2025-10-17,Headphones,Electronics,1,200.44,0.05,190.42,Debit Card,No
T00143,C0048,2025-12-31,Keyboard,Electronics,1,157.96,0.0,157.96,Mobile Payment,No
T00144,C0727,2025-12-31,Keyboard,Electronics,1,44.27,0.1,39.84,Debit Card,No
T00145,C1436,2025-07-22,Mouse,Electronics,1,97.13,0.0,97.13,Mobile Payment,No
T00146,C0174,2025-04-20,Laptop,Electronics,1,1397.44,0.1,1257.7,PayPal,No
T00147,C1426,2025-12-31,Speaker,Electronics,1,197.6,0.1,177.84,Debit Card,No
T00148,C1124,2025-04-07,Keyboard,Electronics,1,146.38,0.05,139.06,Mobile Payment,No
T00149,C0966,2025-08-09,Speaker,Electronics,3,282.76,0.0,848.28,Mobile Payment,No
T00150,C0983,2025-03-24,Mouse,Electronics,1,16.7,0.0,16.7,PayPal,No
T00151,C1269,2024-09-08,Headphones,Electronics,1,206.7,0.0,206.7,Credit Card,Yes
T00152,C0168,2025-02-28,Keyboard,Electronics,2,122.24,0.0,244.48,Credit Card,No
T00153,C0766,2025-12-20,Smartwatch,Electronics,1,300.25,0.1,270.23,Debit Card,No
T00154,C1062,2025-04-03,Tablet,Electronics,2,434.14,0.0,868.28,Credit Card,Yes
T00155,C0890,2025-12-31,Speaker,Electronics,2,177.94,0.0,355.88,PayPal,No
T00156,C1278,2025-12-06,Monitor,Electronics,4,553.88,0.1,1993.98,Credit Card,Yes
T00157,C0110,2024-12-05,Speaker,Electronics,2,171.94,0.0,343.89,Mobile Payment,No
T00158,C1051,2025-12-31,Camera,Electronics,1,724.61,0.0,724.61,Mobile Payment,Yes
T00159,C0809,2025-05-20,Smartwatch,Electronics,1,236.37,0.1,212.74,Mobile Payment,No
T00160,C0587,2025-12-31,Monitor,Electronics,1,383.36,0.1,345.02,Mobile Payment,No
T00161,C0521,2024-08-25,Keyboard,Electronics,1,94.17,0.1,84.76,Mobile Payment,No
T00162,C0941,2024-04-25,Camera,Electronics,1,462.47,0.0,462.47,Debit Card,No
T00163,C1360,2025-06-25,Keyboard,Electronics,1,86.6,0.0,86.6,Mobile Payment,No
T00164,C0761,2025-05-30,Mouse,Electronics,2,38.97,0.05,74.05,Debit Card,No
T00165,C1268,2025-07-02,Smartwatch,Electronics,1,176.13,0.0,176.13,Mobile Payment,No
T00166,C0624,2025-04-06,Monitor,Electronics,1,416.92,0.0,416.92,PayPal,No
T00167,C0157,2025-08-15,Keyboard,Electronics,1,119.37,0.1,107.43,Debit Card,No
T00168,C0096,2025-01-01,Phone,Electronics,2,405.13,0.05,769.75,PayPal,No
T00169,C0080,2024-07-29,Tablet,Electronics,2,219.7,0.1,395.47,Credit Card,No
T00170,C0588,2024-05-02,Speaker,Electronics,1,233.55,0.05,221.88,Mobile Payment,No
T00171,C0514,2024-07-12,Camera,Electronics,2,775.71,0.0,1551.43,PayPal,No
T00172,C1101,2025-12-31,Laptop,Electronics,1,1009.47,0.0,1009.47,Debit Card,No
T00173,C1137,2025-07-25,Camera,Electronics,1,416.64,0.1,374.97,Debit Card,No
T00174,C0080,2024-05-16,Laptop,Electronics,1,990.26,0.0,990.26,PayPal,No
T00175,C0330,2024-11-08,Monitor,Electronics,1,518.18,0.2,414.54,Mobile Payment,No
T00176,C0422,2025-09-24,Laptop,Electronics,3,1107.0,0.0,3321.01,Mobile Payment,No
T00177,C0828,2025-04-05,Speaker,Electronics,1,63.65,0.0,63.65,Credit Card,No
T00178,C0223,2025-12-20,Speaker,Electronics,2,126.39,0.1,227.5,Debit Card,No
T00179,C0206,2024-06-03,Keyboard,Electronics,2,176.87,0.15,300.68,Credit Card,No
T00180,C1424,2024-11-30,Headphones,Electronics,2,133.46,0.0,266.91,Credit Card,No
T00181,C1234,2025-12-31,Monitor,Electronics,1,278.88,0.0,278.88,Credit Card,No
T00182,C0276,2025-12-31,Smartwatch,Electronics,1,324.9,0.0,324.9,Credit Card,No
T00183,C0631,2025-10-07,Phone,Electronics,1,468.4,0.05,444.98,PayPal,No
T00184,C0542,2025-11-26,Headphones,Electronics,1,168.68,0.05,160.25,Mobile Payment,No
T00185,C1213,2025-09-03,Mouse,Electronics,2,27.51,0.05,52.28,Debit Card,No
T00186,C0772,2025-06-06,Headphones,Electronics,1,59.73,0.0,59.73,Debit Card,No
T00187,C0196,2025-12-31,Laptop,Electronics,2,1092.92,0.0,2185.84,Credit Card,No
T00188,C1132,2024-10-30,Monitor,Electronics,1,257.92,0.0,257.92,Mobile Payment,No
T00189,C0615,2025-05-25,Mouse,Electronics,1,19.19,0.05,18.23,Mobile Payment,No
T00190,C0398,2025-08-06,Speaker,Electronics,2,280.88,0.05,533.67,Debit Card,No
T00191,C0580,2025-07-06,Laptop,Electronics,2,739.19,0.05,1404.47,Credit Card,Yes
T00192,C0763,2025-05-03,Keyboard,Electronics,1,136.2,0.05,129.39,Credit Card,No
T00193,C0525,2025-12-31,Headphones,Electronics,3,93.27,0.1,251.82,Debit Card,No
T00194,C0363,2024-07-16,Tablet,Electronics,1,618.75,0.15,525.94,Debit Card,No
T00195,C0616,2025-05-10,Mouse,Electronics,2,98.81,0.05,187.75,Mobile Payment,Yes
T00196,C0029,2025-04-11,Phone,Electronics,1,468.03,0.1,421.23,Credit Card,No
T00197,C1184,2025-08-24,Tablet,Electronics,1,457.82,0.05,434.93,Credit Card,No
T00198,C0263,2024-11-22,Smartwatch,Electronics,3,284.17,0.1,767.25,Credit Card,No
T00199,C0068,2025-10-01,Monitor,Electronics,3,205.53,0.15,524.11,Debit Card,No
T00200,C0996,2025-01-27,Speaker,Electronics,1,224.46,0.05,213.24,Debit Card,No
T00201,C1187,2025-06-21,Headphones,Electronics,3,202.18,0.0,606.53,Credit Card,No
T00202,C1248,2025-02-18,Monitor,Electronics,1,230.33,0.1,207.29,Debit Card,No
T00203,C0758,2025-02-03,Tablet,Electronics,2,574.19,0.05,1090.97,Credit Card,Yes
T00204,C0308,2025-05-09,Tablet,Electronics,2,234.33,0.15,398.37,Mobile Payment,No
T00205,C1128,2025-05-17,Speaker,Electronics,1,187.76,0.0,187.76,Mobile Payment,No
T00206,C1065,2025-12-31,Mouse,Electronics,3,43.85,0.2,105.23,Debit Card,No
T00207,C0369,2025-12-13,Headphones,Electronics,1,119.63,0.05,113.64,Debit Card,No
T00208,C1375,2025-03-21,Mouse,Electronics,1,40.55,0.2,32.44,Credit Card,No
T00209,C0160,2024-07-30,Speaker,Electronics,1,107.74,0.1,96.97,Mobile Payment,No
T00210,C1477,2025-07-10,Laptop,Electronics,3,1220.2,0.1,3294.53,PayPal,No
T00211,C1310,2025-12-31,Tablet,Electronics,2,284.86,0.0,569.73,Debit Card,No
T00212,C1045,2025-08-02,Phone,Electronics,1,515.47,0.0,515.47,Debit Card,No
T00213,C1416,2025-11-21,Camera,Electronics,1,547.1,0.05,519.75,Credit Card,No
T00214,C1110,2024-10-29,Phone,Electronics,1,405.11,0.0,405.11,Mobile Payment,No
T00215,C0290,2025-08-06,Tablet,Electronics,1,474.74,0.2,379.79,Mobile Payment,No
T00216,C0690,2025-03-20,Keyboard,Electronics,1,32.04,0.0,32.04,Mobile Payment,No
T00217,C0109,2025-12-31,Keyboard,Electronics,1,147.28,0.0,147.28,Debit Card,No
T00218,C0604,2025-12-31,Smartwatch,Electronics,1,218.41,0.0,218.41,Debit Card,No
T00219,C1136,2025-09-15,Headphones,Electronics,1,187.4,0.0,187.4,Debit Card,No
T00220,C0599,2024-09-18,Keyboard,Electronics,1,58.02,0.0,58.02,Debit Card,No
T00221,C0505,2025-08-26,Speaker,Electronics,1,224.45,0.0,224.45,Credit Card,No
T00222,C0902,2025-01-22,Tablet,Electronics,2,377.67,0.0,755.35,Mobile Payment,No
T00223,C1328,2025-09-17,Tablet,Electronics,1,216.1,0.05,205.29,PayPal,No
T00224,C0075,2025-02-20,Mouse,Electronics,1,78.96,0.0,78.96,Debit Card,Yes
T00225,C0598,2025-07-04,Smartwatch,Electronics,2,281.03,0.0,562.07,Credit Card,No
T00226,C0244,2025-12-31,Headphones,Electronics,1,81.47,0.1,73.33,PayPal,No
T00227,C1059,2025-07-08,Phone,Electronics,3,845.43,0.0,2536.29,Credit Card,No
T00228,C0163,2025-12-31,Smartwatch,Electronics,1,281.55,0.05,267.47,Mobile Payment,No
T00229,C1009,2024-11-22,Mouse,Electronics,1,41.07,0.05,39.02,Credit Card,No
T00230,C0438,2025-05-06,Camera,Electronics,3,515.2,0.1,1391.03,Credit Card,No
T00231,C0302,2025-06-05,Camera,Electronics,2,696.08,0.0,1392.16,PayPal,No
T00232,C1414,2025-07-31,Phone,Electronics,2,440.31,0.1,792.56,Debit Card,No
T00233,C0029,2024-08-18,Camera,Electronics,1,495.32,0.0,495.32,PayPal,No
T00234,C0681,2025-10-29,Phone,Electronics,1,509.42,0.0,509.42,Credit Card,No
T00235,C0033,2025-07-14,Camera,Electronics,2,323.13,0.05,613.95,Debit Card,No
T00236,C0744,2025-05-19,Smartwatch,Electronics,1,176.41,0.1,158.77,Debit Card,No
T00237,C0764,2025-04-05,Keyboard,Electronics,1,59.36,0.0,59.36,Debit Card,No
T00238,C0493,2025-01-09,Mouse,Electronics,2,37.47,0.0,74.94,PayPal,No
T00239,C0204,2025-11-11,Phone,Electronics,2,303.66,0.0,607.32,Credit Card,No
T00240,C0583,2024-05-31,Laptop,Electronics,2,1112.25,0.0,2224.5,Debit Card,No
T00241,C1024,2025-10-29,Headphones,Electronics,3,119.68,0.1,323.14,Debit Card,No
T00242,C1202,2025-03-21,Smartwatch,Electronics,3,277.68,0.15,708.09,Mobile Payment,No
T00243,C0805,2025-07-19,Monitor,Electronics,1,594.19,0.0,594.19,PayPal,No
T00244,C0894,2025-12-31,Phone,Electronics,1,327.7,0.0,327.7,Debit Card,No
T00245,C0303,2025-07-06,Camera,Electronics,2,545.18,0.0,1090.37,Mobile Payment,No
T00246,C0440,2025-12-31,Phone,Electronics,1,693.6,0.15,589.56,Credit Card,Yes
T00247,C0250,2025-04-03,Smartwatch,Electronics,1,128.82,0.05,122.38,PayPal,No
T00248,C0374,2025-03-15,Monitor,Electronics,2,163.57,0.0,327.13,Mobile Payment,No
T00249,C0337,2024-11-12,Monitor,Electronics,2,199.41,0.05,378.88,Credit Card,No
T00250,C0786,2024-07-15,Tablet,Electronics,2,383.8,0.0,767.61,Mobile Payment,Yes
T00251,C0850,2024-01-19,Speaker,Electronics,1,152.0,0.0,152.0,PayPal,No
T00252,C1426,2025-12-16,Phone,Electronics,3,882.0,0.15,2249.1,Credit Card,No
T00253,C0297,2024-04-23,Phone,Electronics,2,552.87,0.1,995.16,Credit Card,No
T00254,C0976,2024-12-28,Mouse,Electronics,2,72.64,0.15,123.48,Credit Card,No
T00255,C1256,2024-09-14,Camera,Electronics,1,742.98,0.05,705.83,Debit Card,No
T00256,C0847,2025-05-23,Phone,Electronics,1,425.45,0.0,425.45,Mobile Payment,No
T00257,C0385,2025-06-04,Mouse,Electronics,1,23.96,0.0,23.96,PayPal,No
T00258,C0398,2025-12-31,Mouse,Electronics,2,88.02,0.0,176.04,PayPal,No
T00259,C0057,2024-08-30,Keyboard,Electronics,2,48.66,0.0,97.33,Credit Card,No
T00260,C0471,2025-05-05,Monitor,Electronics,2,193.6,0.0,387.2,PayPal,No
T00261,C1141,2025-09-05,Tablet,Electronics,1,280.5,0.0,280.5,Mobile Payment,No
T00262,C0075,2024-12-01,Headphones,Electronics,2,30.47,0.05,57.9,Debit Card,No
T00263,C0328,2025-04-10,Mouse,Electronics,2,21.12,0.0,42.23,PayPal,No
T00264,C1077,2025-12-31,Laptop,Electronics,2,1144.64,0.15,1945.88,Debit Card,No
T00265,C1202,2025-05-23,Keyboard,Electronics,4,62.75,0.05,238.45,Credit Card,No
T00266,C0706,2025-11-26,Tablet,Electronics,2,339.1,0.0,678.2,Credit Card,No
T00267,C1063,2025-10-25,Monitor,Electronics,1,525.88,0.0,525.88,Credit Card,No
T00268,C0603,2025-04-17,Keyboard,Electronics,2,144.8,0.0,289.6,Debit Card,No
T00269,C0245,2025-12-31,Camera,Electronics,1,743.02,0.2,594.42,Debit Card,No
T00270,C0615,2025-04-26,Keyboard,Electronics,1,120.01,0.0,120.01,PayPal,Yes
T00271,C0880,2024-06-15,Phone,Electronics,2,305.78,0.0,611.55,Debit Card,No
T00272,C1427,2025-12-31,Laptop,Electronics,1,1233.12,0.0,1233.12,Credit Card,No
T00273,C0106,2025-12-31,Keyboard,Electronics,1,105.01,0.0,105.01,Debit Card,No
T00274,C0769,2025-05-29,Keyboard,Electronics,2,113.5,0.05,215.64,PayPal,No
T00275,C0503,2024-12-26,Mouse,Electronics,3,71.57,0.0,214.71,Debit Card,No
T00276,C0771,2025-06-02,Monitor,Electronics,3,375.08,0.0,1125.24,Mobile Payment,No
T00277,C0037,2025-02-02,Smartwatch,Electronics,2,211.29,0.2,338.07,Credit Card,No
T00278,C0482,2025-08-20,Speaker,Electronics,3,169.91,0.05,484.23,PayPal,No
T00279,C1259,2024-05-15,Laptop,Electronics,2,1047.77,0.0,2095.54,Debit Card,No
T00280,C0836,2025-06-10,Mouse,Electronics,1,78.77,0.05,74.83,Credit Card,No
T00281,C0699,2025-04-05,Laptop,Electronics,1,999.05,0.0,999.05,Debit Card,No
T00282,C0437,2025-12-31,Headphones,Electronics,1,30.55,0.2,24.44,Mobile Payment,No
T00283,C0460,2025-05-07,Monitor,Electronics,1,425.43,0.0,425.43,Credit Card,No
T00284,C0591,2025-08-23,Mouse,Electronics,2,95.98,0.0,191.95,PayPal,No
T00285,C1282,2024-04-19,Headphones,Electronics,1,78.82,0.05,74.88,Mobile Payment,No
T00286,C1454,2024-06-14,Smartwatch,Electronics,2,296.7,0.0,593.39,Credit Card,No
T00287,C0683,2025-02-15,Headphones,Electronics,1,116.54,0.0,116.54,Mobile Payment,No
T00288,C0607,2025-08-30,Headphones,Electronics,1,152.17,0.1,136.95,Mobile Payment,No
T00289,C1294,2025-03-28,Phone,Electronics,1,829.07,0.0,829.07,Credit Card,No
T00290,C0660,2025-03-01,Mouse,Electronics,2,80.54,0.0,161.07,Credit Card,No
T00291,C0833,2025-08-14,Laptop,Electronics,2,1319.2,0.0,2638.4,Mobile Payment,No
T00292,C0343,2024-09-21,Headphones,Electronics,1,31.81,0.05,30.22,Debit Card,No
T00293,C1138,2025-07-02,Tablet,Electronics,4,268.04,0.0,1072.15,Mobile Payment,No
T00294,C0808,2025-09-11,Phone,Electronics,1,525.27,0.0,525.27,Mobile Payment,Yes
T00295,C1240,2025-08-03,Laptop,Electronics,1,1293.49,0.1,1164.14,Debit Card,No
T00296,C1200,2025-08-09,Phone,Electronics,2,794.95,0.0,1589.91,Credit Card,No
T00297,C0325,2024-04-17,Headphones,Electronics,1,65.18,0.1,58.66,PayPal,No
T00298,C1097,2025-01-18,Monitor,Electronics,2,214.01,0.05,406.62,Mobile Payment,No
T00299,C1226,2025-12-31,Tablet,Electronics,2,572.31,0.0,1144.62,Credit Card,No
T00300,C0529,2025-11-24,Mouse,Electronics,3,61.02,0.0,183.07,Mobile Payment,No
T00301,C0268,2024-07-30,Headphones,Electronics,1,149.09,0.05,141.63,Credit Card,No
T00302,C0004,2024-05-29,Headphones,Electronics,2,183.75,0.05,349.12,Credit Card,No
T00303,C0699,2025-11-01,Smartwatch,Electronics,1,121.41,0.05,115.34,Debit Card,No
T00304,C0536,2025-04-29,Keyboard,Electronics,1,46.16,0.05,43.85,Mobile Payment,No
T00305,C0837,2025-03-24,Speaker,Electronics,1,263.35,0.0,263.35,Debit Card,No
T00306,C0286,2025-06-23,Headphones,Electronics,1,51.24,0.0,51.24,Debit Card,No
T00307,C1310,2025-12-16,Smartwatch,Electronics,2,85.57,0.0,171.14,Credit Card,No
T00308,C0388,2025-08-04,Mouse,Electronics,1,38.55,0.05,36.62,Mobile Payment,Yes
T00309,C0338,2024-09-15,Camera,Electronics,1,585.16,0.05,555.91,Debit Card,No
T00310,C0741,2025-06-20,Speaker,Electronics,2,102.7,0.0,205.39,PayPal,No
T00311,C0764,2024-12-06,Laptop,Electronics,2,1219.14,0.0,2438.27,Credit Card,No
T00312,C0325,2025-07-02,Phone,Electronics,2,882.68,0.1,1588.82,Debit Card,No
T00313,C0418,2025-06-14,Mouse,Electronics,2,31.97,0.1,57.54,Mobile Payment,No
T00314,C0260,2025-12-31,Headphones,Electronics,1,178.55,0.2,142.84,Mobile Payment,No
T00315,C1102,2025-04-21,Smartwatch,Electronics,1,72.83,0.0,72.83,Credit Card,No
T00316,C1182,2025-12-31,Laptop,Electronics,1,783.23,0.0,783.23,Credit Card,No
T00317,C0717,2025-11-19,Smartwatch,Electronics,2,209.38,0.0,418.77,Mobile Payment,No
T00318,C1092,2025-12-31,Phone,Electronics,2,899.75,0.0,1799.49,Debit Card,No
T00319,C1127,2025-06-10,Tablet,Electronics,1,626.2,0.0,626.2,Debit Card,No
T00320,C0212,2025-09-29,Speaker,Electronics,2,69.11,0.05,131.3,Mobile Payment,No
T00321,C1454,2025-02-06,Laptop,Electronics,1,867.78,0.0,867.78,Debit Card,Yes
T00322,C1261,2025-07-24,Headphones,Electronics,2,209.7,0.0,419.4,Credit Card,No
T00323,C0308,2024-03-01,Phone,Electronics,2,347.97,0.05,661.14,Mobile Payment,No
T00324,C0285,2025-09-20,Camera,Electronics,1,968.51,0.0,968.51,Debit Card,No
T00325,C0191,2025-04-13,Mouse,Electronics,2,15.09,0.05,28.68,Debit Card,No
T00326,C0212,2025-01-07,Smartwatch,Electronics,2,243.2,0.0,486.39,Debit Card,No
T00327,C1148,2025-12-31,Monitor,Electronics,1,372.57,0.0,372.57,PayPal,No
T00328,C0726,2024-10-12,Headphones,Electronics,1,119.49,0.1,107.55,Mobile Payment,No
T00329,C1202,2024-08-31,Laptop,Electronics,1,1280.43,0.05,1216.41,Credit Card,No
T00330,C1144,2024-03-01,Tablet,Electronics,1,217.95,0.1,196.15,Debit Card,No
T00331,C0915,2025-01-29,Monitor,Electronics,1,319.8,0.1,287.82,Debit Card,No
T00332,C1042,2025-05-12,Mouse,Electronics,1,52.91,0.05,50.27,Credit Card,No
T00333,C0029,2025-04-07,Phone,Electronics,1,330.55,0.1,297.5,PayPal,No
T00334,C0481,2025-06-08,Phone,Electronics,1,305.68,0.0,305.68,Debit Card,No
T00335,C0968,2025-01-17,Phone,Electronics,2,366.75,0.0,733.5,Credit Card,No
T00336,C0016,2025-08-14,Headphones,Electronics,1,75.8,0.2,60.64,Credit Card,No
T00337,C0047,2025-01-27,Phone,Electronics,1,877.94,0.0,877.94,Mobile Payment,No
T00338,C1299,2025-09-04,Phone,Electronics,1,559.15,0.05,531.19,PayPal,No
T00339,C1040,2024-08-26,Laptop,Electronics,1,1057.2,0.1,951.48,Debit Card,No
T00340,C0403,2025-02-27,Camera,Electronics,2,936.3,0.15,1591.71,Debit Card,No
T00341,C1045,2024-12-23,Phone,Electronics,1,694.77,0.1,625.3,Debit Card,No
T00342,C1215,2025-03-25,Smartwatch,Electronics,4,205.81,0.05,782.06,PayPal,Yes
T00343,C0474,2025-09-07,Headphones,Electronics,1,94.57,0.05,89.84,Credit Card,No
T00344,C0051,2024-08-24,Mouse,Electronics,2,43.14,0.0,86.28,Mobile Payment,No
T00345,C1409,2025-12-31,Laptop,Electronics,3,740.4,0.0,2221.19,PayPal,No
T00346,C0528,2025-02-17,Keyboard,Electronics,1,164.44,0.15,139.78,Credit Card,No
T00347,C0167,2025-12-31,Tablet,Electronics,1,541.62,0.2,433.29,Credit Card,No
T00348,C0756,2025-12-31,Phone,Electronics,1,655.17,0.0,655.17,PayPal,No
T00349,C1178,2025-09-08,Speaker,Electronics,1,142.98,0.0,142.98,Debit Card,Yes
T00350,C0332,2024-10-19,Keyboard,Electronics,2,115.28,0.0,230.56,PayPal,No
T00351,C0412,2025-11-02,Tablet,Electronics,1,407.99,0.0,407.99,PayPal,No
T00352,C0364,2025-12-31,Headphones,Electronics,2,82.05,0.1,147.69,Debit Card,No
T00353,C1486,2024-12-13,Headphones,Electronics,1,86.73,0.0,86.73,Credit Card,No
T00354,C0300,2024-08-15,Mouse,Electronics,2,89.33,0.15,151.86,Debit Card,No
T00355,C0873,2025-10-13,Keyboard,Electronics,3,123.41,0.05,351.72,Debit Card,No
T00356,C1397,2025-04-04,Laptop,Electronics,2,701.0,0.2,1121.59,Mobile Payment,No
T00357,C0227,2025-12-31,Phone,Electronics,1,462.47,0.05,439.34,PayPal,No
T00358,C1461,2025-12-31,Monitor,Electronics,1,302.98,0.0,302.98,PayPal,Yes
T00359,C1427,2025-07-19,Headphones,Electronics,4,164.2,0.15,558.29,Credit Card,No
T00360,C1350,2024-03-24,Monitor,Electronics,2,465.2,0.0,930.41,Mobile Payment,No
T00361,C0325,2024-07-25,Mouse,Electronics,1,54.45,0.2,43.56,Debit Card,No
T00362,C0960,2025-05-29,Mouse,Electronics,1,95.83,0.0,95.83,Credit Card,No
T00363,C1164,2025-07-21,Headphones,Electronics,1,195.72,0.05,185.94,PayPal,No
T00364,C1480,2025-07-26,Camera,Electronics,1,1079.59,0.0,1079.59,Mobile Payment,No
T00365,C0276,2025-12-31,Laptop,Electronics,1,943.79,0.0,943.79,Debit Card,No
T00366,C1169,2024-11-26,Keyboard,Electronics,1,91.8,0.0,91.8,PayPal,No
T00367,C0519,2025-03-28,Speaker,Electronics,1,148.93,0.0,148.93,Debit Card,No
T00368,C0269,2025-12-31,Keyboard,Electronics,3,93.24,0.2,223.78,PayPal,No
T00369,C0649,2025-03-29,Monitor,Electronics,2,550.14,0.1,990.26,Debit Card,No
T00370,C1216,2025-06-29,Phone,Electronics,1,411.93,0.1,370.74,Debit Card,No
T00371,C0719,2024-10-20,Smartwatch,Electronics,1,292.64,0.2,234.11,Credit Card,No
T00372,C0811,2024-08-07,Headphones,Electronics,2,127.67,0.05,242.57,PayPal,No
T00373,C1491,2025-01-30,Mouse,Electronics,1,36.17,0.0,36.17,Mobile Payment,No
T00374,C0619,2025-12-31,Phone,Electronics,1,592.74,0.1,533.47,PayPal,No
T00375,C0931,2024-04-29,Laptop,Electronics,2,836.81,0.05,1589.94,Debit Card,No
T00376,C0560,2025-12-31,Tablet,Electronics,1,230.84,0.0,230.84,Mobile Payment,No
T00377,C0606,2024-10-28,Tablet,Electronics,1,573.94,0.0,573.94,Mobile Payment,No
T00378,C1059,2024-11-05,Camera,Electronics,2,929.39,0.05,1765.84,Credit Card,No
T00379,C1414,2024-11-19,Camera,Electronics,1,484.48,0.0,484.48,Credit Card,No
T00380,C0822,2024-07-23,Keyboard,Electronics,1,171.06,0.0,171.06,PayPal,No
T00381,C1178,2024-07-20,Laptop,Electronics,1,717.08,0.0,717.08,Debit Card,No
T00382,C0143,2025-10-26,Phone,Electronics,1,466.63,0.0,466.63,PayPal,No
T00383,C0318,2025-04-29,Mouse,Electronics,2,16.84,0.1,30.31,Debit Card,No
T00384,C0765,2025-12-29,Phone,Electronics,2,342.49,0.05,650.74,Debit Card,No
T00385,C0030,2025-12-31,Mouse,Electronics,2,30.31,0.0,60.61,Credit Card,Yes
T00386,C0383,2025-12-31,Laptop,Electronics,3,1267.23,0.15,3231.45,Debit Card,No
T00387,C0783,2025-10-14,Mouse,Electronics,1,99.41,0.0,99.41,Credit Card,No
T00388,C0025,2025-09-06,Camera,Electronics,1,1080.59,0.05,1026.56,Debit Card,No
T00389,C0401,2025-12-29,Monitor,Electronics,1,435.81,0.0,435.81,Debit Card,No
T00390,C0779,2025-04-22,Smartwatch,Electronics,1,269.65,0.0,269.65,Debit Card,No
T00391,C0868,2024-12-04,Smartwatch,Electronics,1,211.62,,211.62,Debit Card,No
T00392,C1397,2025-12-31,Mouse,Electronics,2,50.92,0.0,101.83,Debit Card,No
T00393,C0983,2024-10-21,Headphones,Electronics,1,161.51,0.0,161.51,Debit Card,No
T00394,C0642,2025-06-09,Tablet,Electronics,1,637.36,0.1,573.63,Credit Card,No
T00395,C1405,2025-08-31,Camera,Electronics,2,326.0,0.0,652.01,Credit Card,No
T00396,C1204,2025-05-15,Mouse,Electronics,1,41.7,0.0,41.7,Credit Card,No
T00397,C0303,2025-03-19,Smartwatch,Electronics,3,155.72,0.05,443.79,Credit Card,No
T00398,C0202,2025-07-10,Keyboard,Electronics,1,89.21,0.1,80.29,Debit Card,No
T00399,C1028,2025-12-31,Phone,Electronics,1,657.48,0.05,624.61,Mobile Payment,No
T00400,C0846,2025-11-27,Speaker,Electronics,2,173.58,0.15,295.08,Debit Card,No
T00401,C1211,2025-05-17,Phone,Electronics,3,262.17,0.1,707.87,PayPal,No
T00402,C1131,2024-11-28,Speaker,Electronics,1,147.02,0.05,139.67,Credit Card,No
T00403,C0948,2025-02-08,Phone,Electronics,1,652.64,0.1,587.38,Mobile Payment,No
T00404,C1480,2025-11-11,Headphones,Electronics,1,125.92,0.0,125.92,Credit Card,No
T00405,C0809,2025-06-06,Headphones,Electronics,1,195.69,0.05,185.91,Debit Card,No
T00406,C0173,2025-09-05,Speaker,Electronics,2,143.63,0.2,229.82,Mobile Payment,No
T00407,C1271,2025-12-31,Camera,Electronics,1,311.3,0.1,280.17,Credit Card,No
T00408,C0380,2025-12-31,Smartwatch,Electronics,1,142.62,0.0,142.62,Credit Card,No
T00409,C1195,2025-07-31,Headphones,Electronics,2,55.78,0.15,94.82,PayPal,No
T00410,C1441,2025-12-31,Laptop,Electronics,3,875.16,0.1,2362.94,Mobile Payment,No
T00411,C1061,2025-12-31,Mouse,Electronics,1,45.78,0.0,45.78,Credit Card,No
T00412,C0902,2025-12-15,Headphones,Electronics,1,158.56,0.1,142.71,PayPal,No
T00413,C0714,2025-10-14,Smartwatch,Electronics,1,154.01,0.2,123.21,PayPal,Yes
T00414,C0558,2024-08-17,Smartwatch,Electronics,2,316.39,0.0,632.78,PayPal,No
T00415,C0538,2025-02-10,Headphones,Electronics,1,86.92,0.0,86.92,Mobile Payment,No
T00416,C0965,2024-03-01,Mouse,Electronics,1,26.64,0.05,25.31,Credit Card,No
T00417,C1151,2025-11-10,Camera,Electronics,1,451.98,0.0,451.98,PayPal,No
T00418,C1032,2024-01-29,Speaker,Electronics,1,282.99,0.05,268.84,Credit Card,No
T00419,C0301,2025-07-28,Keyboard,Electronics,1,95.5,0.0,95.5,Debit Card,No
T00420,C0758,2025-05-13,Smartwatch,Electronics,1,176.91,0.0,176.91,Debit Card,No
T00421,C1215,2025-12-31,Monitor,Electronics,2,181.01,0.15,307.71,Mobile Payment,No
T00422,C0733,2025-01-28,Laptop,Electronics,1,1213.32,0.1,1091.99,Credit Card,No
T00423,C0810,2024-06-11,Phone,Electronics,3,701.52,0.0,2104.57,PayPal,No
T00424,C1183,2024-08-27,Phone,Electronics,1,494.23,0.1,444.81,Mobile Payment,No
T00425,C1006,2025-11-11,Phone,Electronics,1,699.65,0.0,699.65,Credit Card,No
T00426,C0635,2025-12-31,Laptop,Electronics,1,957.22,0.2,765.77,Mobile Payment,No
T00427,C1366,2025-05-12,Camera,Electronics,1,365.84,0.0,365.84,Credit Card,No
T00428,C0250,2025-04-28,Keyboard,Electronics,1,139.41,0.0,139.41,Mobile Payment,No
T00429,C1492,2024-09-08,Headphones,Electronics,1,213.39,0.0,213.39,Mobile Payment,No
T00430,C0180,2025-12-31,Headphones,Electronics,1,153.18,0.05,145.52,PayPal,No
T00431,C0025,2025-07-26,Monitor,Electronics,1,274.41,0.0,274.41,Debit Card,No
T00432,C1359,2025-03-29,Laptop,Electronics,2,888.94,0.15,1511.21,Mobile Payment,No
T00433,C0368,2024-10-22,Tablet,Electronics,2,616.62,0.05,1171.58,Credit Card,No
T00434,C1121,2025-12-31,Camera,Electronics,1,572.96,0.15,487.02,Credit Card,No
T00435,C1245,2025-12-31,Mouse,Electronics,2,80.3,0.05,152.56,Mobile Payment,No
T00436,C1308,2025-09-03,Keyboard,Electronics,2,124.65,0.0,249.3,Debit Card,No
T00437,C1486,2025-03-01,Monitor,Electronics,2,416.67,0.0,833.34,Mobile Payment,No
T00438,C0453,2025-12-22,Tablet,Electronics,1,265.11,0.0,265.11,Debit Card,No
T00439,C1086,2024-08-29,Monitor,Electronics,1,165.48,0.2,132.39,Debit Card,No
T00440,C0174,2024-05-19,Keyboard,Electronics,1,100.74,0.1,90.67,Debit Card,No
T00441,C0631,2025-06-03,Mouse,Electronics,1,98.99,0.1,89.09,Mobile Payment,No
T00442,C1294,2025-10-27,Phone,Electronics,1,377.24,0.05,358.38,Debit Card,No
T00443,C0565,2025-12-31,Smartwatch,Electronics,1,215.69,0.0,215.69,PayPal,Yes
T00444,C0895,2025-10-20,Headphones,Electronics,1,157.49,0.0,157.49,PayPal,No
T00445,C0765,2025-02-10,Monitor,Electronics,1,367.65,0.1,330.89,Credit Card,No
T00446,C0986,2025-10-12,Keyboard,Electronics,2,103.57,0.0,207.15,Mobile Payment,No
T00447,C1463,2025-06-13,Monitor,Electronics,1,447.55,0.0,447.55,Debit Card,No
T00448,C0085,2025-12-31,Keyboard,Electronics,1,151.31,0.05,143.74,Mobile Payment,No
T00449,C0869,2024-07-27,Phone,Electronics,3,466.64,0.0,1399.91,Mobile Payment,No
T00450,C1314,2025-12-31,Headphones,Electronics,1,200.86,0.1,180.78,Credit Card,No
T00451,C0741,2025-09-19,Tablet,Electronics,3,407.9,0.0,1223.71,PayPal,No
T00452,C0123,2025-03-04,Phone,Electronics,2,680.22,0.0,1360.44,PayPal,No
T00453,C0847,2025-03-28,Phone,Electronics,1,319.23,0.0,319.23,Mobile Payment,No
T00454,C0506,2025-08-16,Keyboard,Electronics,1,101.33,0.1,91.2,Debit Card,No
T00455,C0239,2025-03-24,Phone,Electronics,1,260.47,0.0,260.47,PayPal,No
T00456,C1295,2025-07-15,Phone,Electronics,3,504.17,0.0,1512.5,Mobile Payment,No
T00457,C0792,2025-01-31,Keyboard,Electronics,4,33.45,0.0,133.78,Mobile Payment,No
T00458,C1409,2025-12-31,Speaker,Electronics,1,273.22,0.2,218.57,Mobile Payment,No
T00459,C1236,2024-05-25,Smartwatch,Electronics,1,255.11,0.05,242.36,Debit Card,No
T00460,C1056,2024-06-20,Speaker,Electronics,1,245.89,0.05,233.59,Credit Card,No
T00461,C0008,2025-10-12,Keyboard,Electronics,1,97.49,0.0,97.49,Mobile Payment,No
T00462,C0661,2025-12-31,Headphones,Electronics,4,191.86,0.0,767.44,PayPal,No
T00463,C0300,2025-02-11,Mouse,Electronics,4,89.21,0.1,321.15,Credit Card,No
T00464,C1382,2025-02-08,Tablet,Electronics,1,347.7,0.1,312.93,Mobile Payment,No
T00465,C0268,2024-06-22,Laptop,Electronics,1,963.8,0.0,963.8,PayPal,No
T00466,C0438,2024-10-03,Headphones,Electronics,1,126.57,0.1,113.91,Credit Card,No
T00467,C0782,2025-04-14,Tablet,Electronics,1,199.85,0.1,179.87,Credit Card,No
T00468,C0398,2025-07-12,Mouse,Electronics,3,99.64,0.0,298.92,Mobile Payment,No
T00469,C0315,2024-12-18,Keyboard,Electronics,2,80.67,0.0,161.35,Mobile Payment,No
T00470,C0906,2025-03-31,Phone,Electronics,1,556.05,0.1,500.44,Debit Card,No
T00471,C0143,2024-09-08,Speaker,Electronics,1,236.24,0.1,212.61,Debit Card,No
T00472,C0091,2024-03-11,Keyboard,Electronics,4,71.11,0.0,284.46,Debit Card,No
T00473,C0573,2024-06-15,Monitor,Electronics,2,240.73,0.0,481.47,Mobile Payment,No
T00474,C1107,2025-12-31,Speaker,Electronics,1,73.14,0.2,58.51,Debit Card,No
T00475,C0837,2025-06-10,Phone,Electronics,1,593.21,0.1,533.89,Debit Card,No
T00476,C0650,2024-07-06,Smartwatch,Electronics,1,61.59,0.2,49.28,PayPal,No
T00477,C0858,2025-05-01,Headphones,Electronics,1,164.81,0.1,148.33,Debit Card,No
T00478,C0561,2025-01-07,Mouse,Electronics,1,54.22,0.0,54.22,Debit Card,No
T00479,C1413,2025-12-31,Speaker,Electronics,1,178.27,0.05,169.36,Debit Card,No
T00480,C0085,2025-09-09,Monitor,Electronics,2,268.44,0.05,510.04,Debit Card,No
T00481,C1026,2025-09-25,Laptop,Electronics,2,824.78,0.05,1567.08,Credit Card,No
T00482,C1360,2025-08-11,Laptop,Electronics,1,1189.99,0.1,1070.99,Mobile Payment,No
T00483,C1234,2025-08-25,Headphones,Electronics,1,69.95,0.15,59.46,Credit Card,No
T00484,C0281,2025-11-02,Smartwatch,Electronics,2,286.22,0.0,572.45,PayPal,No
T00485,C0455,2025-12-31,Tablet,Electronics,1,275.73,0.1,248.15,Debit Card,No
T00486,C1100,2024-08-10,Headphones,Electronics,3,146.41,0.05,417.27,Credit Card,No
T00487,C0133,2024-11-13,Smartwatch,Electronics,1,246.72,0.15,209.71,PayPal,No
T00488,C1245,2025-10-25,Phone,Electronics,1,578.67,0.05,549.74,PayPal,No
T00489,C1103,2024-06-27,Camera,Electronics,1,1197.11,0.15,1017.54,PayPal,No
T00490,C1120,2025-10-13,Tablet,Electronics,2,356.65,0.0,713.29,PayPal,No
T00491,C0155,2025-08-06,Laptop,Electronics,1,1318.32,0.0,1318.32,Debit Card,No
T00492,C1101,2025-12-31,Phone,Electronics,3,360.0,0.05,1026.0,Debit Card,No
T00493,C1033,2025-11-17,Speaker,Electronics,2,127.67,0.1,229.81,Mobile Payment,No
T00494,C1273,2024-11-03,Monitor,Electronics,3,215.42,0.05,613.93,Credit Card,No
T00495,C0062,2025-02-25,Tablet,Electronics,3,463.7,0.05,1321.56,Credit Card,No
T00496,C0036,2025-12-12,Monitor,Electronics,1,437.22,0.0,437.22,Mobile Payment,No
T00497,C0575,2025-05-25,Mouse,Electronics,1,53.55,0.2,42.84,Debit Card,No
T00498,C0231,2025-01-19,Tablet,Electronics,1,518.48,0.0,518.48,PayPal,Yes
T00499,C0845,2025-12-24,Mouse,Electronics,1,88.75,0.0,88.75,Debit Card,No
T00500,C1387,2025-12-06,Tablet,Electronics,1,544.98,0.0,544.98,Mobile Payment,No
T00501,C0606,2024-04-26,Phone,Electronics,3,407.08,0.15,1038.06,Debit Card,No
T00502,C1292,2025-07-24,Keyboard,Electronics,3,74.66,0.1,201.59,Debit Card,No
T00503,C0001,2024-11-02,Phone,Electronics,2,497.18,0.05,944.64,Credit Card,Yes
T00504,C0259,2025-12-31,Speaker,Electronics,1,92.98,0.0,92.98,PayPal,No
T00505,C0043,2025-09-15,Laptop,Electronics,2,952.87,0.0,1905.73,Debit Card,No
T00506,C0501,2025-04-06,Smartwatch,Electronics,2,129.03,0.0,258.07,Mobile Payment,No
T00507,C1378,2025-10-22,Tablet,Electronics,1,647.99,0.0,647.99,Credit Card,No
T00508,C0151,2024-05-18,Camera,Electronics,1,1004.93,0.05,954.68,Debit Card,No
T00509,C0919,2025-12-31,Laptop,Electronics,1,1302.01,0.0,1302.01,Credit Card,Yes
T00510,C0699,2025-12-31,Speaker,Electronics,1,279.76,0.1,251.78,Debit Card,No
T00511,C1415,2024-11-27,Phone,Electronics,1,682.25,0.1,614.03,Debit Card,No
T00512,C0186,2025-09-30,Smartwatch,Electronics,2,111.03,0.05,210.96,Credit Card,No
T00513,C0320,2024-12-31,Monitor,Electronics,1,491.34,0.0,491.34,Credit Card,No
T00514,C0042,2024-10-02,Headphones,Electronics,3,32.97,0.0,98.9,Credit Card,No
T00515,C0673,2024-10-29,Tablet,Electronics,3,233.22,0.05,664.67,Credit Card,No
T00516,C0427,2024-02-28,Camera,Electronics,1,326.63,0.1,293.96,Debit Card,No
T00517,C1322,2024-08-16,Phone,Electronics,1,338.04,0.1,304.24,Mobile Payment,No
T00518,C0916,2025-12-31,Mouse,Electronics,1,78.92,0.0,78.92,Credit Card,No
T00519,C0928,2025-12-31,Headphones,Electronics,1,198.24,0.0,198.24,Mobile Payment,No
T00520,C0807,2025-02-16,Speaker,Electronics,1,112.5,0.0,112.5,Debit Card,No
T00521,C0147,2025-04-18,Keyboard,Electronics,1,43.46,0.0,43.46,Credit Card,No
T00522,C0696,2025-07-05,Phone,Electronics,4,427.42,0.0,1709.7,Credit Card,No
T00523,C1499,2025-02-26,Headphones,Electronics,1,152.95,0.0,152.95,Mobile Payment,No
T00524,C1281,2025-12-31,Laptop,Electronics,1,945.14,0.0,945.14,Mobile Payment,No
T00525,C1365,2025-03-19,Tablet,Electronics,1,631.74,0.05,600.15,Credit Card,No
T00526,C1265,2025-03-13,Headphones,Electronics,2,54.89,0.0,109.77,Credit Card,No
T00527,C0159,2024-09-04,Camera,Electronics,1,1191.31,0.05,1131.74,Mobile Payment,No
T00528,C0341,2024-09-15,Camera,Electronics,2,311.21,0.0,622.41,Mobile Payment,Yes
T00529,C0004,2024-05-24,Laptop,Electronics,1,1016.19,0.1,914.57,PayPal,No
T00530,C0466,2025-05-04,Keyboard,Electronics,2,64.03,0.0,128.06,Mobile Payment,No
T00531,C0171,2025-12-31,Phone,Electronics,2,618.09,0.0,1236.17,Mobile Payment,No
T00532,C0729,2025-08-18,Tablet,Electronics,1,225.38,0.0,225.38,PayPal,No
T00533,C1030,2024-07-28,Laptop,Electronics,2,1313.08,0.2,2100.92,Debit Card,No
T00534,C1330,2025-11-25,Mouse,Electronics,2,26.6,0.0,53.21,Credit Card,No
T00535,C1149,2025-05-03,Speaker,Electronics,2,192.72,0.05,366.17,Debit Card,No
T00536,C1416,2025-08-24,Phone,Electronics,1,271.68,0.2,217.34,Debit Card,No
T00537,C0083,2025-05-27,Headphones,Electronics,1,89.09,0.1,80.18,Credit Card,No
T00538,C0020,2025-03-27,Phone,Electronics,1,347.32,0.0,347.32,Debit Card,No
T00539,C1007,2024-03-31,Speaker,Electronics,2,294.24,0.0,588.48,Debit Card,No
T00540,C0446,2025-07-22,Laptop,Electronics,1,708.41,0.1,637.57,PayPal,No
T00541,C0383,2025-09-21,Keyboard,Electronics,2,79.62,0.05,151.28,Credit Card,No
T00542,C0505,2025-12-31,Camera,Electronics,1,572.5,0.0,572.5,Mobile Payment,No
T00543,C0412,2025-12-31,Phone,Electronics,1,677.29,0.1,609.56,Credit Card,Yes
T00544,C0774,2025-04-01,Keyboard,Electronics,2,33.74,0.05,64.1,Mobile Payment,No
T00545,C0687,2025-08-12,Laptop,Electronics,1,1267.43,0.1,1140.69,Debit Card,No
T00546,C0774,2024-03-30,Smartwatch,Electronics,1,195.29,0.05,185.53,Credit Card,Yes
T00547,C1024,2025-06-15,Tablet,Electronics,3,392.8,0.0,1178.41,Mobile Payment,No
T00548,C0601,2024-06-02,Speaker,Electronics,1,98.97,0.05,94.02,Credit Card,No
T00549,C0379,2024-08-22,Speaker,Electronics,1,167.41,0.1,150.67,Credit Card,No
T00550,C0255,2025-04-29,Mouse,Electronics,3,45.93,0.0,137.79,Credit Card,No
T00551,C0532,2025-09-01,Monitor,Electronics,1,260.31,0.0,260.31,Debit Card,No
T00552,C1136,2024-08-29,Smartwatch,Electronics,1,108.91,0.05,103.47,Mobile Payment,No
T00553,C1155,2024-10-26,Phone,Electronics,2,723.42,0.0,1446.84,Mobile Payment,No
T00554,C1014,2025-04-05,Tablet,Electronics,3,246.76,0.0,740.28,PayPal,No
T00555,C0349,2025-12-24,Laptop,Electronics,2,817.59,0.0,1635.17,PayPal,No
T00556,C0892,2024-05-10,Mouse,Electronics,3,64.05,0.0,192.15,Debit Card,No
T00557,C0864,2025-09-25,Smartwatch,Electronics,1,125.56,0.0,125.56,Debit Card,Yes
T00558,C0744,2024-10-27,Speaker,Electronics,1,159.44,0.0,159.44,Credit Card,No
T00559,C0831,2024-10-22,Mouse,Electronics,2,62.0,0.0,124.0,Mobile Payment,No
T00560,C0756,2025-02-15,Mouse,Electronics,2,38.33,0.0,76.65,Mobile Payment,No
T00561,C0857,2025-11-24,Camera,Electronics,1,609.2,0.0,609.2,Mobile Payment,No
T00562,C1097,2025-08-18,Speaker,Electronics,2,94.65,0.05,179.84,Mobile Payment,No
T00563,C0171,2025-05-29,Monitor,Electronics,2,357.19,0.05,678.66,Debit Card,No
T00564,C1149,2025-12-31,Phone,Electronics,1,895.06,0.1,805.55,Credit Card,No
T00565,C0209,2025-12-31,Monitor,Electronics,3,313.22,0.0,939.66,Mobile Payment,No
T00566,C0104,2025-12-31,Keyboard,Electronics,2,126.27,0.05,239.91,PayPal,No
T00567,C1467,2025-07-04,Mouse,Electronics,1,69.05,0.0,69.05,Debit Card,No
T00568,C1440,2025-12-31,Speaker,Electronics,1,244.49,0.0,244.49,Mobile Payment,No
T00569,C0093,2025-04-13,Speaker,Electronics,2,225.1,0.0,450.2,Credit Card,No
T00570,C0692,2025-12-31,Headphones,Electronics,2,32.24,0.0,64.48,PayPal,No
T00571,C0285,2025-12-31,Phone,Electronics,2,450.99,0.05,856.88,Mobile Payment,No
T00572,C0746,2024-09-18,Phone,Electronics,2,815.65,0.05,1549.74,Mobile Payment,No
T00573,C1272,2024-01-19,Phone,Electronics,1,600.71,0.05,570.67,PayPal,No
T00574,C1431,2025-06-12,Headphones,Electronics,3,49.8,0.2,119.53,Credit Card,No
T00575,C0961,2025-12-31,Camera,Electronics,2,548.52,0.1,987.34,Credit Card,Yes
T00576,C0540,2025-03-30,Headphones,Electronics,1,83.84,0.0,83.84,Debit Card,No
T00577,C0912,2025-04-25,Keyboard,Electronics,1,160.34,0.0,160.34,PayPal,Yes
T00578,C0481,2025-12-31,Phone,Electronics,1,609.71,0.0,609.71,Debit Card,No
T00579,C1381,2025-12-31,Monitor,Electronics,1,423.75,0.0,423.75,Debit Card,Yes
T00580,C1324,2025-06-20,Camera,Electronics,2,630.36,0.05,1197.68,Debit Card,No
T00581,C0844,2024-11-06,Smartwatch,Electronics,2,77.49,0.0,154.98,Debit Card,No
T00582,C0499,2024-04-12,Phone,Electronics,2,298.91,0.0,597.82,Mobile Payment,No
T00583,C0452,2025-12-31,Camera,Electronics,2,678.34,0.0,1356.69,Debit Card,No
T00584,C0048,2025-12-31,Tablet,Electronics,1,263.42,0.0,263.42,Mobile Payment,No
T00585,C1252,2024-11-14,Mouse,Electronics,1,23.86,0.1,21.48,Credit Card,No
T00586,C0699,2025-10-03,Phone,Electronics,3,420.46,0.0,1261.37,Mobile Payment,No
T00587,C0499,2025-01-29,Mouse,Electronics,1,78.07,0.05,74.17,PayPal,Yes
T00588,C0727,2025-08-23,Laptop,Electronics,1,751.11,0.05,713.56,PayPal,No
T00589,C1258,2025-10-06,Keyboard,Electronics,2,94.48,0.0,188.95,Debit Card,No
T00590,C0190,2025-07-08,Mouse,Electronics,1,85.22,0.0,85.22,Mobile Payment,No
T00591,C1305,2024-11-04,Tablet,Electronics,3,305.92,0.15,780.11,Debit Card,No
T00592,C1368,2025-12-31,Speaker,Electronics,1,118.49,0.0,118.49,Credit Card,No
T00593,C1427,2025-05-10,Laptop,Electronics,2,1318.95,0.0,2637.89,Debit Card,Yes
T00594,C0615,2024-07-25,Camera,Electronics,2,885.0,0.1,1593.01,Credit Card,No
T00595,C0327,2025-05-25,Headphones,Electronics,1,181.57,0.0,181.57,Debit Card,No
T00596,C0576,2025-03-04,Mouse,Electronics,2,39.58,0.1,71.25,PayPal,No
T00597,C0507,2025-01-09,Mouse,Electronics,1,99.73,0.05,94.74,Debit Card,No
T00598,C0271,2024-09-26,Phone,Electronics,1,341.58,0.0,341.58,Credit Card,No
T00599,C0919,2025-12-31,Tablet,Electronics,2,632.11,0.0,1264.22,PayPal,No
T00600,C0735,2024-11-05,Monitor,Electronics,2,555.94,0.0,1111.89,Credit Card,Yes
T00601,C1316,2025-04-21,Camera,Electronics,2,796.71,0.0,1593.41,Mobile Payment,No
T00602,C0046,2024-04-29,Speaker,Electronics,4,192.18,0.0,768.71,Mobile Payment,No
T00603,C0981,2025-02-11,Laptop,Electronics,1,1242.53,0.0,1242.53,Mobile Payment,No
T00604,C1166,2024-05-17,Headphones,Electronics,2,88.29,0.0,176.58,Debit Card,No
T00605,C1161,2025-06-22,Mouse,Electronics,2,59.83,0.05,113.69,PayPal,No
T00606,C1353,2024-07-04,Monitor,Electronics,3,556.07,0.0,1668.21,Credit Card,No
T00607,C1120,2025-12-18,Speaker,Electronics,1,57.74,0.0,57.74,Credit Card,No
T00608,C1402,2025-12-31,Laptop,Electronics,2,1333.87,0.05,2534.35,Debit Card,No
T00609,C0507,2025-12-27,Headphones,Electronics,2,168.47,0.05,320.09,PayPal,No
T00610,C0765,2025-01-28,Mouse,Electronics,1,80.44,0.15,68.37,PayPal,No
T00611,C0023,2025-06-09,Phone,Electronics,1,292.07,0.0,292.07,Debit Card,No
T00612,C0013,2025-10-26,Mouse,Electronics,1,30.96,0.0,30.96,Debit Card,No
T00613,C0359,2024-05-20,Phone,Electronics,2,851.42,0.05,1617.7,Credit Card,No
T00614,C0155,2024-08-14,Monitor,Electronics,1,205.82,0.2,164.66,Debit Card,No
T00615,C0392,2024-08-02,Mouse,Electronics,2,68.65,0.15,116.71,PayPal,No
T00616,C0271,2024-10-16,Tablet,Electronics,1,547.87,0.1,493.08,Mobile Payment,Yes
T00617,C0040,2025-05-19,Laptop,Electronics,1,861.9,0.1,775.71,PayPal,No
T00618,C1380,2025-09-12,Speaker,Electronics,4,221.69,0.1,798.07,Mobile Payment,No
T00619,C0014,2025-03-27,Speaker,Electronics,1,57.05,0.0,57.05,Debit Card,No
T00620,C1127,2025-03-25,Speaker,Electronics,2,169.68,0.0,339.36,Debit Card,No
T00621,C0236,2025-11-20,Speaker,Electronics,1,126.95,0.05,120.6,Mobile Payment,No
T00622,C1383,2025-12-31,Phone,Electronics,1,669.73,0.0,669.73,Debit Card,No
T00623,C1364,2025-08-29,Phone,Electronics,1,827.85,0.15,703.68,PayPal,No
T00624,C0997,2025-12-31,Laptop,Electronics,2,787.84,0.0,1575.69,Mobile Payment,No
T00625,C1024,2025-12-31,Camera,Electronics,1,705.28,0.0,705.28,PayPal,No
T00626,C0010,2025-10-01,Smartwatch,Electronics,2,182.73,0.0,365.45,Credit Card,No
T00627,C1479,2025-01-23,Mouse,Electronics,1,42.52,0.0,42.52,Credit Card,Yes
T00628,C1337,2025-11-30,Speaker,Electronics,1,164.84,0.0,164.84,Debit Card,No
T00629,C1366,2025-04-13,Keyboard,Electronics,3,161.51,0.0,484.54,Mobile Payment,No
T00630,C1004,2024-08-19, phone ,Electronics,1,882.88,0.1,794.59,Mobile Payment,No
T00631,C0527,2025-10-30,Phone,Electronics,4,251.85,0.0,1007.39,PayPal,No
T00632,C1366,2025-07-09,Phone,Electronics,2,730.37,0.05,1387.7,Credit Card,No
T00633,C0449,2025-07-17,Tablet,Electronics,1,469.09,0.0,469.09,Debit Card,No
T00634,C0850,2024-12-10,Headphones,Electronics,1,218.96,0.15,186.11,Mobile Payment,No
T00635,C0154,2025-05-08,Smartwatch,Electronics,1,86.08,0.15,73.17,Debit Card,No
T00636,C1394,2024-07-08,Phone,Electronics,1,777.38,0.0,777.38,Credit Card,No
T00637,C0217,2024-09-16,Mouse,Electronics,1,94.38,0.0,94.38,PayPal,No
T00638,C0337,2025-12-31,Monitor,Electronics,3,560.45,0.2,1345.08,PayPal,Yes
T00639,C0844,2024-11-09,Speaker,Electronics,1,185.75,0.0,185.75,Debit Card,Yes
T00640,C1169,2024-01-28,Smartwatch,Electronics,1,154.99,0.0,154.99,Mobile Payment,No
T00641,C0938,2024-08-16,Speaker,Electronics,2,206.37,0.05,392.11,Mobile Payment,No
T00642,C0347,2025-12-31,Headphones,Electronics,1,88.15,0.0,88.15,PayPal,No
T00643,C0001,2025-03-20,Phone,Electronics,1,517.98,0.15,440.28,Mobile Payment,No
T00644,C1156,2025-12-31,Monitor,Electronics,1,350.58,0.05,333.05,Debit Card,Yes
T00645,C1479,2025-06-25,Phone,Electronics,1,446.27,0.0,446.27,PayPal,No
T00646,C1242,2025-06-24,Monitor,Electronics,1,303.82,0.15,258.25,Mobile Payment,No
T00647,C0714,2025-06-03,Tablet,Electronics,1,183.44,0.0,183.44,PayPal,No
T00648,C1375,2025-07-10,Monitor,Electronics,2,283.69,0.05,539.0,Debit Card,No
T00649,C0636,2025-01-23,Speaker,Electronics,1,162.8,0.1,146.52,PayPal,No
T00650,C0796,2025-12-31,Tablet,Electronics,2,261.31,0.05,496.5,Debit Card,No
T00651,C0735,2024-09-25,Speaker,Electronics,1,249.45,0.0,249.45,Debit Card,Yes
T00652,C0696,2025-12-31,Phone,Electronics,1,599.46,0.05,569.49,Mobile Payment,No
T00653,C1190,2025-01-15,Phone,Electronics,1,766.02,0.0,766.02,Credit Card,No
T00654,C0799,2024-06-18,Keyboard,Electronics,1,44.86,0.2,35.88,Mobile Payment,No
T00655,C0486,2024-10-26,Camera,Electronics,1,1038.46,0.0,1038.46,PayPal,No
T00656,C0388,2025-12-31,Mouse,Electronics,1,96.45,0.1,86.81,Credit Card,No
T00657,C0054,2025-07-30,Mouse,Electronics,2,44.96,0.0,89.92,PayPal,No
T00658,C0884,2025-05-03,Tablet,Electronics,2,313.46,0.05,595.57,Credit Card,No
T00659,C0342,2025-05-14,Laptop,Electronics,4,1152.78,0.0,4611.13,Credit Card,No
T00660,C0229,2025-12-31,Phone,Electronics,1,663.34,0.15,563.84,Mobile Payment,No
T00661,C0997,2025-09-06,Headphones,Electronics,3,51.37,0.0,154.11,Debit Card,No
T00662,C1035,2024-11-21,Speaker,Electronics,1,280.96,0.1,252.86,Credit Card,No
T00663,C1152,2025-01-17,Speaker,Electronics,1,164.55,0.05,156.33,Debit Card,No
T00664,C0765,2025-07-10,Phone,Electronics,1,746.87,0.0,746.87,Credit Card,No
T00665,C1366,2025-03-11,Mouse,Electronics,1,45.54,0.0,45.54,Debit Card,No
T00666,C1414,2024-08-18,Keyboard,Electronics,1,65.54,0.0,65.54,Credit Card,No
T00667,C1239,2025-12-31,Laptop,Electronics,3,777.89,0.0,2333.67,Credit Card,No
T00668,C0964,2024-09-12,Headphones,Electronics,1,82.16,0.0,82.16,Debit Card,No
T00669,C0466,2024-06-26,Monitor,Electronics,1,597.04,0.0,597.04,Debit Card,No
T00670,C1477,2025-06-17,Mouse,Electronics,1,70.93,0.05,67.38,Credit Card,No
T00671,C0422,2025-08-07,Tablet,Electronics,1,557.31,0.2,445.85,PayPal,No
T00672,C0306,2025-12-31,Speaker,Electronics,2,289.21,0.05,549.5,Credit Card,No
T00673,C0690,2025-05-23,Monitor,Electronics,1,185.55,0.0,185.55,PayPal,Yes
T00674,C0088,2025-12-31,Tablet,Electronics,1,257.41,0.05,244.54,Credit Card,No
T00675,C1470,2025-02-25,Tablet,Electronics,3,616.14,0.0,1848.43,Mobile Payment,Yes
T00676,C0892,2024-09-25,Smartwatch,Electronics,1,223.72,0.05,212.53,PayPal,No
T00677,C0843,2025-05-06,Mouse,Electronics,1,68.96,0.05,65.51,Mobile Payment,No
T00678,C1001,2025-12-31,Mouse,Electronics,2,51.35,0.0,102.7,Debit Card,No
T00679,C0763,2025-03-21,Tablet,Electronics,1,562.78,0.15,478.36,Credit Card,No
T00680,C0046,2025-06-25,Tablet,Electronics,2,423.1,0.05,803.9,Credit Card,No
T00681,C0927,2025-02-22,Headphones,Electronics,1,186.96,0.05,177.62,Mobile Payment,No
T00682,C1098,2025-12-31,Phone,Electronics,1,894.92,0.0,894.92,PayPal,No
T00683,C0644,2025-03-21,Mouse,Electronics,1,69.97,0.0,69.97,Credit Card,No
T00684,C1157,2025-06-03,Tablet,Electronics,2,428.54,0.05,814.23,Debit Card,No
T00685,C0340,2024-06-16,Tablet,Electronics,1,351.62,0.15,298.88,Debit Card,No
T00686,C0330,2025-07-08,Tablet,Electronics,4,271.51,0.05,1031.73,Debit Card,No
T00687,C0249,2024-10-16,Monitor,Electronics,1,445.5,0.0,445.5,Mobile Payment,Yes
T00688,C0573,2025-03-25,Smartwatch,Electronics,2,78.16,0.05,148.51,Credit Card,No
T00689,C1294,2025-03-09,Camera,Electronics,2,1160.66,0.0,2321.32,Debit Card,No
T00690,C1271,2025-12-31,Smartwatch,Electronics,1,247.79,0.0,247.79,Debit Card,No
T00691,C0590,2025-12-31,Keyboard,Electronics,1,173.7,0.15,147.65,PayPal,No
T00692,C0893,2025-03-23,Tablet,Electronics,2,307.97,0.1,554.34,Credit Card,No
T00693,C1108,2025-08-26,Mouse,Electronics,1,95.45,0.0,95.45,Credit Card,No
T00694,C0362,2025-12-31,Laptop,Electronics,2,1128.49,0.0,2256.98,Debit Card,No
T00695,C0259,2024-12-30,Smartwatch,Electronics,1,294.98,0.0,294.98,Mobile Payment,No
T00696,C1461,2025-10-15,Smartwatch,Electronics,1,111.89,0.0,111.89,Credit Card,No
T00697,C0934,2024-10-27,Mouse,Electronics,1,57.51,0.0,57.51,Mobile Payment,No
T00698,C1475,2024-05-21,Phone,Electronics,1,619.82,0.0,619.82,Debit Card,No
T00699,C0516,2025-12-31,Speaker,Electronics,1,142.14,0.0,142.14,Credit Card,No
T00700,C1071,2025-03-28,Smartwatch,Electronics,1,133.44,0.0,133.44,Debit Card,No
T00701,C0334,2024-12-21,Mouse,Electronics,3,91.91,0.05,261.93,Debit Card,No
T00702,C0393,2025-07-18,Laptop,Electronics,1,759.54,0.1,683.59,PayPal,Yes
T00703,C0774,2024-08-27,Headphones,Electronics,1,59.26,0.0,59.26,Debit Card,No
T00704,C0490,2025-06-16,Phone,Electronics,2,458.33,0.0,916.66,Mobile Payment,No
T00705,C0258,2024-07-14,Headphones,Electronics,1,204.76,0.0,204.76,Mobile Payment,No
T00706,C0398,2025-12-31,Keyboard,Electronics,3,112.45,0.0,337.36,Credit Card,No
T00707,C0051,2025-04-18,Camera,Electronics,1,635.86,0.0,635.86,Mobile Payment,Yes
T00708,C1072,2025-02-20,Tablet,Electronics,3,369.26,0.0,1107.78,Debit Card,No
T00709,C0757,2025-12-31,Keyboard,Electronics,1,154.86,0.1,139.37,Mobile Payment,No
T00710,C0150,2025-03-28,Phone,Electronics,1,267.41,0.05,254.04,Mobile Payment,No
T00711,C0266,2025-09-05,Headphones,Electronics,2,32.15,0.1,57.88,Debit Card,No
T00712,C0157,2025-10-09,Speaker,Electronics,1,51.98,0.0,51.98,PayPal,No
T00713,C0927,2025-06-06,Mouse,Electronics,2,54.88,0.0,109.76,Credit Card,No
T00714,C0150,2025-07-07,Keyboard,Electronics,1,115.09,0.05,109.34,Debit Card,No
T00715,C1152,2025-09-09,Tablet,Electronics,1,473.5,0.0,473.5,Credit Card,No
T00716,C0030,2025-10-26,Headphones,Electronics,1,168.92,0.15,143.58,PayPal,No
T00717,C0374,2024-12-20,Phone,Electronics,1,373.32,0.1,335.99,Credit Card,No
T00718,C1360,2025-02-03,Headphones,Electronics,1,79.83,0.0,79.83,Debit Card,No
T00719,C1102,2025-12-31,Phone,Electronics,2,408.28,0.05,775.73,Mobile Payment,No
T00720,C0112,2025-09-29,Smartwatch,Electronics,2,103.26,0.0,206.52,PayPal,No
T00721,C1261,2025-08-07,Phone,Electronics,3,408.86,0.1,1103.91,Debit Card,No
T00722,C0757,2025-09-09,Phone,Electronics,1,648.87,0.0,648.87,PayPal,No
T00723,C1294,2025-07-29,Mouse,Electronics,1,46.14,0.15,39.22,Debit Card,No
T00724,C0907,2024-04-25,Speaker,Electronics,1,239.66,0.1,215.69,Mobile Payment,No
T00725,C1035,2024-09-13,Speaker,Electronics,2,179.47,0.0,358.94,PayPal,No
T00726,C1489,2024-06-24,Camera,Electronics,1,490.84,0.05,466.29,PayPal,No
T00727,C0347,2025-02-19,Phone,Electronics,1,553.8,0.0,553.8,Mobile Payment,No
T00728,C0947,2025-07-23,Tablet,Electronics,1,458.88,0.0,458.88,PayPal,Yes
T00729,C0714,2024-12-21,Camera,Electronics,1,1079.58,0.0,1079.58,Debit Card,No
T00730,C0057,2025-08-18,Camera,Electronics,2,1050.35,0.0,2100.69,PayPal,No
T00731,C0024,2025-12-31,Mouse,Electronics,2,51.25,0.0,102.5,Mobile Payment,Yes
T00732,C0180,2025-01-29,Tablet,Electronics,4,484.41,0.0,1937.63,Debit Card,No
T00733,C0990,2025-09-01,Phone,Electronics,1,443.57,0.0,443.57,Mobile Payment,No
T00734,C0859,2024-10-02,Camera,Electronics,1,869.7,0.1,782.73,Credit Card,No
T00735,C0836,2024-10-17,Phone,Electronics,1,843.32,0.0,843.32,Debit Card,No
T00736,C0046,2024-04-16,Mouse,Electronics,1,68.09,0.1,61.28,PayPal,No
T00737,C0726,2024-12-09,Speaker,Electronics,3,118.98,0.1,321.25,Credit Card,No
T00738,C1396,2025-12-31,Mouse,Electronics,1,69.74,0.0,69.74,Credit Card,No
T00739,C0615,2024-12-03,Tablet,Electronics,2,604.29,0.1,1087.73,Debit Card,Yes
T00740,C0948,2024-04-08,Tablet,Electronics,4,244.41,0.05,928.77,PayPal,No
T00741,C1199,2024-09-02,Phone,Electronics,1,563.59,0.0,563.59,PayPal,No
T00742,C1203,2025-07-20,Mouse,Electronics,1,42.29,0.0,42.29,PayPal,No
T00743,C0786,2025-03-28,Monitor,Electronics,1,258.66,0.05,245.73,PayPal,No
T00744,C1306,2025-08-27,Phone,Electronics,1,507.54,0.0,507.54,Debit Card,No
T00745,C0606,2024-07-31,Phone,Electronics,1,506.08,0.1,455.47,Debit Card,No
T00746,C1358,2025-07-05,Laptop,Electronics,1,847.3,0.15,720.21,Debit Card,No
T00747,C0359,2024-01-24,Speaker,Electronics,1,144.94,0.0,144.94,Debit Card,No
T00748,C0428,2025-09-25,Smartwatch,Electronics,2,243.78,0.0,487.56,Credit Card,No
T00749,C0082,2024-08-17,Headphones,Electronics,2,34.89,0.0,69.78,Mobile Payment,No
T00750,C1219,2025-12-09,Speaker,Electronics,1,297.2,0.0,297.2,PayPal,No
T00751,C0644,2025-09-09,Mouse,Electronics,1,40.16,0.0,40.16,Mobile Payment,No
T00752,C0341,2025-01-17,Smartwatch,Electronics,1,240.86,0.15,204.73,PayPal,No
T00753,C0346,2025-09-09,Mouse,Electronics,1,39.1,0.0,39.1,Credit Card,Yes
T00754,C1374,2025-01-16,Smartwatch,Electronics,3,174.13,0.05,496.26,Credit Card,No
T00755,C1279,2025-12-11,Phone,Electronics,4,607.0,0.05,2306.62,Mobile Payment,No
T00756,C0836,2025-07-08,Keyboard,Electronics,1,119.84,0.1,107.85,Debit Card,No
T00757,C0931,2025-01-26,Camera,Electronics,1,993.41,0.0,993.41,Mobile Payment,No
T00758,C0730,2025-12-31,Laptop,Electronics,1,1254.18,0.15,1066.05,PayPal,No
T00759,C0606,2024-05-31,Phone,Electronics,1,587.16,0.0,587.16,Mobile Payment,No
T00760,C1385,2024-09-19,Tablet,Electronics,2,215.59,0.15,366.5,PayPal,No
T00761,C0191,2024-10-01,Tablet,Electronics,2,442.16,0.0,884.32,Debit Card,No
T00762,C0645,2024-08-19,Phone,Electronics,3,560.43,0.0,1681.28,Mobile Payment,No
T00763,C0526,2025-12-31,Keyboard,Electronics,2,58.38,0.0,116.77,Debit Card,No
T00764,C0763,2025-11-04,Tablet,Electronics,1,184.78,0.2,147.82,PayPal,No
T00765,C0710,2025-07-09,Phone,Electronics,1,455.38,0.0,455.38,Debit Card,No
T00766,C0785,2024-06-03,Speaker,Electronics,1,107.47,0.0,107.47,Mobile Payment,No
T00767,C0215,2025-05-14,Mouse,Electronics,1,56.05,0.0,56.05,Debit Card,No
T00768,C0775,2025-07-20,Tablet,Electronics,1,537.95,0.0,537.95,Credit Card,No
T00769,C0363,2025-10-15,Headphones,Electronics,1,113.42,0.0,113.42,Debit Card,No
T00770,C0281,2025-10-06,Mouse,Electronics,1,95.88,0.0,95.88,Mobile Payment,No
T00771,C0104,2025-12-31,Smartwatch,Electronics,1,124.18,0.0,124.18,Debit Card,No
T00772,C1166,2025-06-21,Phone,Electronics,1,393.62,0.1,354.26,Debit Card,No
T00773,C0661,2025-12-31,Speaker,Electronics,2,197.16,0.0,394.31,PayPal,No
T00774,C0950,2025-07-09,Smartwatch,Electronics,2,319.92,0.0,639.83,PayPal,No
T00775,C1117,2024-11-02,Camera,Electronics,1,904.67,0.0,904.67,Debit Card,No
T00776,C1033,2024-12-27,Phone,Electronics,1,687.89,0.05,653.5,Debit Card,No
T00777,C0727,2025-08-28,Phone,Electronics,2,774.09,0.1,1393.35,Debit Card,No
T00778,C0603,2025-11-17,Tablet,Electronics,1,494.28,0.0,494.28,Debit Card,No
T00779,C0583,2025-01-06,Laptop,Electronics,2,1231.54,0.05,2339.93,Mobile Payment,No
T00780,C0972,2025-02-01,Phone,Electronics,1,812.98,0.0,812.98,Debit Card,No
T00781,C0759,2025-07-04,Phone,Electronics,2,255.14,0.1,459.26,Debit Card,No
T00782,C1295,2025-05-20,Mouse,Electronics,2,90.28,0.15,153.47,Credit Card,Yes
T00783,C1330,2025-03-21,Laptop,Electronics,3,850.69,0.05,2424.45,Debit Card,No
T00784,C0263,2025-07-27,Phone,Electronics,1,842.87,0.05,800.73,Debit Card,No
T00785,C0209,2025-12-09,Speaker,Electronics,1,109.21,0.1,98.29,Debit Card,No
T00786,C0955,2025-12-31,Phone,Electronics,1,545.91,0.0,545.91,PayPal,No
T00787,C0463,2025-11-04,Keyboard,Electronics,1,169.75,0.0,169.75,Credit Card,No
T00788,C0029,2024-06-07,Mouse,Electronics,1,24.33,0.05,23.11,PayPal,No
T00789,C1358,2024-08-22,Speaker,Electronics,1,233.77,0.05,222.08,Debit Card,No
T00790,C0340,2024-04-25,Camera,Electronics,1,653.2,0.0,653.2,Credit Card,No
T00791,C1405,2025-05-18,Headphones,Electronics,3,34.58,0.0,103.74,Debit Card,Yes
T00792,C1100,2024-10-22,Speaker,Electronics,1,284.17,0.0,284.17,PayPal,No
T00793,C1166,2024-10-09,Headphones,Electronics,2,52.39,0.1,94.3,Mobile Payment,Yes
T00794,C0303,2025-12-31,Mouse,Electronics,1,80.8,0.0,80.8,Credit Card,No
T00795,C0349,2025-11-13,Tablet,Electronics,1,360.61,0.0,360.61,Debit Card,No
T00796,C0790,2025-11-01,Mouse,Electronics,1,83.9,0.1,75.51,Debit Card,No
T00797,C0267,2025-02-21,Keyboard,Electronics,2,141.29,0.05,268.46,Credit Card,No
T00798,C0471,2025-09-06,Keyboard,Electronics,1,123.15,0.1,110.83,PayPal,No
T00799,C0493,2025-02-17,Mouse,Electronics,1,94.83,0.15,80.61,Debit Card,No
T00800,C0245,2025-12-31,Phone,Electronics,1,314.3,0.0,314.3,Debit Card,No
T00801,C0308,2025-02-27,Tablet,Electronics,2,555.33,0.05,1055.13,PayPal,No
T00802,C1209,2024-07-28,Mouse,Electronics,1,72.02,0.1,64.82,Debit Card,No
T00803,C0257,2025-04-17,Phone,Electronics,1,454.57,0.0,454.57,PayPal,No
T00804,C0040,2025-12-31,Headphones,Electronics,1,133.73,0.0,133.73,PayPal,No
T00805,C0954,2025-10-19,Mouse,Electronics,2,69.79,0.15,118.65,Credit Card,No
T00806,C1467,2024-10-02,Speaker,Electronics,1,231.43,0.0,231.43,Mobile Payment,No
T00807,C0506,2025-09-12,Laptop,Electronics,1,830.94,0.05,789.39,Credit Card,No
T00808,C0179,2025-09-23,Monitor,Electronics,1,195.95,0.2,156.76,PayPal,No
T00809,C0864,2025-12-31,Phone,Electronics,4,316.34,0.0,1265.35,Mobile Payment,No
T00810,C1377,2024-12-06,Headphones,Electronics,2,85.84,0.0,171.67,PayPal,No
T00811,C1203,2025-01-20,Phone,Electronics,1,350.21,0.2,280.17,Debit Card,No
T00812,C0943,2025-06-26,Mouse,Electronics,1,60.53,0.0,60.53,Mobile Payment,No
T00813,C0484,2025-01-31,Smartwatch,Electronics,1,186.74,0.05,177.4,Debit Card,Yes
T00814,C0821,2025-02-17,Tablet,Electronics,2,599.74,0.0,1199.48,PayPal,No
T00815,C0146,2025-12-31,Mouse,Electronics,2,75.98,0.1,136.76,Mobile Payment,Yes
T00816,C1033,2024-09-26,Headphones,Electronics,2,69.1,0.0,138.21,Credit Card,No
T00817,C1113,2024-10-17,Tablet,Electronics,1,201.49,0.0,201.49,PayPal,No
T00818,C1452,2024-06-16,Monitor,Electronics,1,469.12,0.0,469.12,Mobile Payment,No
T00819,C0392,2025-05-14,Headphones,Electronics,1,190.71,0.0,190.71,Credit Card,No
T00820,C0029,2025-01-27,Phone,Electronics,1,705.65,0.0,705.65,Credit Card,No
T00821,C0827,2025-03-16,Smartwatch,Electronics,1,246.7,0.0,246.7,Debit Card,No
T00822,C1078,2025-08-31,Smartwatch,Electronics,1,132.3,0.15,112.46,Mobile Payment,No
T00823,C1211,2024-08-08,Smartwatch,Electronics,1,203.44,0.0,203.44,Credit Card,No
T00824,C0295,2024-07-04,Headphones,Electronics,2,167.74,0.15,285.16,Debit Card,No
T00825,C0395,2024-10-10,Phone,Electronics,2,375.69,0.0,751.39,Mobile Payment,No
T00826,C0774,2025-06-24,Camera,Electronics,1,728.89,0.05,692.44,Credit Card,No
T00827,C0505,2025-12-31,Tablet,Electronics,2,235.0,0.1,423.01,Mobile Payment,No
T00828,C1311,2024-11-18,Mouse,Electronics,2,60.11,0.0,120.22,PayPal,No
T00829,C0730,2025-12-31, phone ,Electronics,2,226.33,0.0,452.65,Mobile Payment,No
T00830,C1226,2025-11-16,Smartwatch,Electronics,1,215.26,0.0,215.26,Credit Card,No
T00831,C0880,2024-08-08,Headphones,Electronics,3,119.2,0.15,303.96,Credit Card,No
T00832,C1184,2025-12-31,Speaker,Electronics,2,192.74,0.0,385.48,Debit Card,No
T00833,C0507,2025-09-22,Mouse,Electronics,1,99.73,0.0,99.73,Credit Card,No
T00834,C1276,2025-12-31,Keyboard,Electronics,1,121.49,0.05,115.42,Credit Card,Yes
T00835,C0422,2025-12-31,Mouse,Electronics,1,78.97,0.15,67.12,Mobile Payment,No
T00836,C0828,2025-12-31,Laptop,Electronics,3,834.48,0.1,2253.11,Credit Card,No
T00837,C0323,2024-04-04,Headphones,Electronics,4,130.7,0.0,522.82,PayPal,No
T00838,C0733,2025-01-01,Camera,Electronics,2,306.75,0.0,613.51,PayPal,No
T00839,C0489,2024-11-15,Phone,Electronics,3,270.45,0.1,730.21,Credit Card,No
T00840,C0406,2024-07-03,Headphones,Electronics,1,91.27,0.1,82.14,Credit Card,No
T00841,C1454,2024-10-05,Headphones,Electronics,1,118.65,0.0,118.65,Debit Card,No
T00842,C0246,2024-11-22,Headphones,Electronics,3,139.37,0.0,418.11,PayPal,No
T00843,C1207,2024-11-16,Keyboard,Electronics,1,162.64,0.15,138.24,Mobile Payment,No
T00844,C1477,2024-11-22,Speaker,Electronics,1,240.66,0.0,240.66,Debit Card,No
T00845,C0029,2025-05-20,Tablet,Electronics,2,320.99,0.0,641.98,Mobile Payment,No
T00846,C1063,2025-06-14,Mouse,Electronics,1,78.2,0.05,74.29,Credit Card,No
T00847,C0383,2025-09-12,Smartwatch,Electronics,1,219.32,0.2,175.46,PayPal,Yes
T00848,C0059,2025-12-31,Keyboard,Electronics,1,145.77,0.0,145.77,Mobile Payment,No
T00849,C0625,2025-10-23,Phone,Electronics,3,517.18,0.0,1551.55,Credit Card,No
T00850,C1412,2025-11-06,Keyboard,Electronics,2,39.24,0.05,74.56,PayPal,No
T00851,C0019,2025-03-07,Speaker,Electronics,2,200.81,0.0,401.61,Debit Card,No
T00852,C0892,2024-11-28,Headphones,Electronics,4,135.84,0.0,543.35,Mobile Payment,Yes
T00853,C0764,2025-08-04,Mouse,Electronics,1,96.06,0.0,96.06,Credit Card,No
T00854,C1329,2025-08-24,Speaker,Electronics,1,82.15,0.0,82.15,Debit Card,No
T00855,C0133,2025-01-09,Smartwatch,Electronics,1,250.28,0.0,250.28,PayPal,No
T00856,C1035,2024-07-24,Mouse,Electronics,1,55.3,0.0,55.3,PayPal,No
T00857,C1033,2024-12-26,Speaker,Electronics,1,138.52,0.0,138.52,Debit Card,No
T00858,C1018,2025-09-15,Phone,Electronics,1,766.47,0.15,651.5,Debit Card,No
T00859,C1422,2025-12-31,Smartwatch,Electronics,1,295.09,0.2,236.07,Debit Card,Yes
T00860,C1264,2025-03-10,Headphones,Electronics,1,165.77,0.05,157.49,Debit Card,No
T00861,C0063,2025-11-03,Headphones,Electronics,1,45.88,0.1,41.3,PayPal,No
T00862,C0727,2025-12-31,Monitor,Electronics,1,305.3,0.15,259.5,PayPal,No
T00863,C0615,2024-11-28,Laptop,Electronics,1,732.73,0.1,659.45,Debit Card,No
T00864,C0479,2025-06-05,Tablet,Electronics,1,341.53,0.0,341.53,Mobile Payment,No
T00865,C0699,2025-06-09,Phone,Electronics,1,671.15,0.05,637.59,Debit Card,No
T00866,C0593,2025-02-09,Phone,Electronics,1,587.16,0.0,587.16,Debit Card,No
T00867,C0671,2025-12-31,Headphones,Electronics,1,163.56,0.05,155.38,Debit Card,No
T00868,C1472,2025-09-13,Smartwatch,Electronics,1,219.92,0.0,219.92,Credit Card,No
T00869,C0142,2025-10-11,Phone,Electronics,1,611.28,0.05,580.72,Credit Card,No
T00870,C1394,2024-12-02,Keyboard,Electronics,2,104.2,0.05,197.98,Mobile Payment,No
T00871,C0741,2025-12-31,Mouse,Electronics,1,45.97,0.0,45.97,Debit Card,No
T00872,C0946,2025-09-25,Tablet,Electronics,1,389.89,0.1,350.9,Credit Card,No
T00873,C1272,2024-03-02,Speaker,Electronics,1,69.23,0.0,69.23,PayPal,No
T00874,C0552,2025-09-22,Camera,Electronics,3,1051.06,0.0,3153.17,Mobile Payment,No
T00875,C0665,2025-12-31,Tablet,Electronics,4,597.93,0.0,2391.72,Mobile Payment,No
T00876,C0635,2025-09-28,Speaker,Electronics,1,239.23,0.0,239.23,PayPal,No
T00877,C0578,2025-12-28,Mouse,Electronics,1,64.6,0.15,54.91,Credit Card,No
T00878,C1397,2025-03-02,Tablet,Electronics,1,447.51,0.0,447.51,Credit Card,No
T00879,C1271,2025-12-31,Mouse,Electronics,1,54.98,0.0,54.98,Mobile Payment,No
T00880,C0171,2025-11-10,Mouse,Electronics,1,34.66,0.0,34.66,Mobile Payment,No
T00881,C0169,2025-02-22,Keyboard,Electronics,4,84.49,0.0,337.96,PayPal,No
T00882,C0661,2025-06-14,Mouse,Electronics,3,99.14,0.0,297.43,Mobile Payment,No
T00883,C0154,2024-03-08,Tablet,Electronics,1,248.53,0.0,248.53,Mobile Payment,No
T00884,C0937,2025-09-02,Speaker,Electronics,1,181.1,0.0,181.1,Credit Card,No
T00885,C0220,2024-12-10,Camera,Electronics,1,1079.87,0.1,971.89,Credit Card,No
T00886,C0792,2024-10-09,Mouse,Electronics,1,53.51,0.1,48.15,Credit Card,No
T00887,C0013,2025-06-26,Laptop,Electronics,2,1123.93,0.0,2247.85,Debit Card,No
T00888,C0486,2025-04-23,Keyboard,Electronics,1,153.31,0.2,122.65,Debit Card,No
T00889,C1030,2024-11-12,Mouse,Electronics,1,61.54,0.1,55.39,Debit Card,Yes
T00890,C0744,2025-08-14,Camera,Electronics,1,958.32,0.0,958.32,Credit Card,No
T00891,C1470,2024-09-27,Speaker,Electronics,1,130.29,0.2,104.23,PayPal,No
T00892,C1329,2024-05-24,Speaker,Electronics,1,230.59,0.1,207.53,Credit Card,No
T00893,C0550,2025-02-15,Headphones,Electronics,2,37.79,0.05,71.81,Debit Card,No
T00894,C0071,2025-08-08,Camera,Electronics,1,437.61,0.05,415.73,Debit Card,No
T00895,C1293,2025-12-31,Laptop,Electronics,1,1146.11,0.05,1088.8,Credit Card,No
T00896,C1383,2025-12-31,Headphones,Electronics,3,115.3,0.2,276.72,Debit Card,No
T00897,C1260,2025-12-31,Phone,Electronics,2,788.43,0.0,1576.85,Mobile Payment,No
T00898,C0197,2024-03-28,Camera,Electronics,1,607.78,0.0,607.78,Mobile Payment,No
T00899,C1497,2025-03-13,Speaker,Electronics,1,239.47,0.0,239.47,Credit Card,No
T00900,C0389,2025-02-16,Tablet,Electronics,1,245.38,0.0,245.38,Credit Card,No
T00901,C1112,2025-08-16,Headphones,Electronics,1,206.73,0.0,206.73,PayPal,No
T00902,C1378,2025-03-22,Speaker,Electronics,1,148.79,0.0,148.79,Credit Card,No
T00903,C0351,2024-08-07,Keyboard,Electronics,2,60.79,0.0,121.58,Mobile Payment,No
T00904,C1378,2025-08-07,Monitor,Electronics,1,505.12,0.0,505.12,Debit Card,No
T00905,C0477,2024-04-17,Monitor,Electronics,1,576.55,0.05,547.72,Debit Card,No
T00906,C1467,2024-11-13,Mouse,Electronics,1,93.04,0.05,88.39,Mobile Payment,No
T00907,C0429,2025-06-19,Speaker,Electronics,1,101.86,0.0,101.86,Debit Card,Yes
T00908,C1434,2025-12-31,Headphones,Electronics,3,157.68,0.0,473.04,Debit Card,No
T00909,C0083,2024-08-29,Phone,Electronics,1,605.46,0.0,605.46,Credit Card,No
T00910,C1085,2024-07-24,Phone,Electronics,1,721.32,0.0,721.32,Credit Card,No
T00911,C0808,2025-12-05,Laptop,Electronics,1,1040.85,0.0,1040.85,PayPal,No
T00912,C0738,2024-08-30,Keyboard,Electronics,1,97.81,0.1,88.03,PayPal,Yes
T00913,C0335,2025-12-31,Speaker,Electronics,1,269.5,0.15,229.08,Debit Card,No
T00914,C1075,2024-05-22,Mouse,Electronics,2,89.06,0.0,178.11,Debit Card,No
T00915,C0291,2025-06-06,Speaker,Electronics,2,244.78,0.0,489.55,Debit Card,No
T00916,C0835,2024-12-06,Speaker,Electronics,1,223.27,0.1,200.95,Debit Card,No
T00917,C0383,2025-10-05,Monitor,Electronics,1,455.26,0.0,455.26,PayPal,No
T00918,C1437,2025-01-06,Monitor,Electronics,1,175.28,0.0,175.28,Mobile Payment,No
T00919,C0040,2025-11-30,Keyboard,Electronics,2,141.18,0.0,282.36,Credit Card,No
T00920,C0303,2025-01-05,Phone,Electronics,1,664.77,0.05,631.53,Mobile Payment,No
T00921,C0363,2025-08-02,Keyboard,Electronics,1,71.87,0.0,71.87,Credit Card,No
T00922,C0641,2025-07-06,Monitor,Electronics,1,519.05,0.0,519.05,Mobile Payment,No
T00923,C0347,2025-12-31,Mouse,Electronics,1,85.76,0.0,85.76,Credit Card,No
T00924,C0756,2025-12-31,Keyboard,Electronics,1,169.49,0.05,161.02,Mobile Payment,No
T00925,C1329,2025-08-08,Tablet,Electronics,3,376.63,0.0,1129.88,PayPal,No
T00926,C1089,2025-04-06,Keyboard,Electronics,1,110.44,0.05,104.92,Credit Card,No
T00927,C0880,2024-12-05,Headphones,Electronics,4,202.13,0.0,808.53,Credit Card,No
T00928,C0143,2025-12-22,Phone,Electronics,2,455.92,0.0,911.84,PayPal,Yes
T00929,C1058,2025-05-15,Mouse,Electronics,2,82.71,0.0,165.43,Mobile Payment,No
T00930,C0255,2025-05-18,Tablet,Electronics,1,646.22,0.05,613.91,PayPal,No
T00931,C1206,2025-12-31,Camera,Electronics,1,886.74,0.05,842.4,Debit Card,No
T00932,C0375,2024-11-15,Phone,Electronics,2,889.41,0.1,1600.93,Credit Card,No
T00933,C0644,2025-07-10,Keyboard,Electronics,1,104.95,0.0,104.95,Debit Card,No
T00934,C0533,2024-12-05,Keyboard,Electronics,3,48.72,0.15,124.24,Credit Card,No
T00935,C1308,2025-12-31,Phone,Electronics,1,364.14,0.0,364.14,PayPal,No
T00936,C0194,2025-12-31,Headphones,Electronics,2,168.96,0.0,337.92,Credit Card,No
T00937,C0858,2024-12-25,Mouse,Electronics,2,15.08,0.0,30.15,Mobile Payment,No
T00938,C0219,2025-09-17,Tablet,Electronics,1,491.09,0.0,491.09,PayPal,No
T00939,C1072,2025-12-31,Phone,Electronics,3,348.33,0.0,1044.98,Debit Card,No
T00940,C1376,2024-11-30,Keyboard,Electronics,1,177.58,0.15,150.94,Debit Card,No
T00941,C0674,2025-12-31,Phone,Electronics,1,356.03,0.0,356.03,Debit Card,No
T00942,C0753,2025-06-24,Mouse,Electronics,2,61.96,0.0,123.92,Debit Card,No
T00943,C1401,2025-12-26,Camera,Electronics,1,902.5,0.05,857.38,Credit Card,No
T00944,C0789,2025-06-25,Phone,Electronics,1,782.67,0.0,782.67,Mobile Payment,No
T00945,C0752,2024-10-31,Headphones,Electronics,1,117.26,0.0,117.26,Mobile Payment,No
T00946,C0877,2024-09-11,Headphones,Electronics,1,207.42,0.0,207.42,Debit Card,No
T00947,C1048,2024-02-26,Mouse,Electronics,1,55.82,0.0,55.82,Credit Card,No
T00948,C0168,2025-09-04,Headphones,Electronics,1,77.89,0.1,70.1,Debit Card,No
T00949,C1261,2025-11-01,Headphones,Electronics,1,142.68,0.0,142.68,Mobile Payment,No
T00950,C0675,2025-02-21,Laptop,Electronics,1,1160.6,0.0,1160.6,Debit Card,No
T00951,C0110,2025-10-22,Phone,Electronics,4,579.8,0.0,2319.22,Mobile Payment,No
T00952,C1206,2025-07-16,Keyboard,Electronics,2,138.64,0.0,277.29,Credit Card,No
T00953,C0584,2025-07-21,Phone,Electronics,1,523.44,0.0,523.44,PayPal,No
T00954,C0155,2024-08-21,Phone,Electronics,2,252.82,0.1,455.07,PayPal,No
T00955,C0959,2024-11-29,Tablet,Electronics,2,304.33,0.0,608.67,PayPal,No
T00956,C1342,2024-02-24,Phone,Electronics,1,864.84,0.05,821.6,Credit Card,No
T00957,C1357,2025-08-24,Laptop,Electronics,2,1234.26,0.05,2345.09,Mobile Payment,No
T00958,C1441,2025-09-20,Tablet,Electronics,1,269.08,0.05,255.63,Credit Card,No
T00959,C1320,2025-12-31,Phone,Electronics,2,293.32,0.05,557.32,PayPal,Yes
T00960,C0003,2025-01-09,Smartwatch,Electronics,2,161.73,0.05,307.29,PayPal,No
T00961,C0588,2025-06-26,Laptop,Electronics,2,1285.41,0.0,2570.82,PayPal,No
T00962,C1257,2025-01-20,Mouse,Electronics,1,24.01,0.0,24.01,Mobile Payment,No
T00963,C0562,2024-04-13,Headphones,Electronics,1,133.24,0.0,133.24,Mobile Payment,No
T00964,C0909,2025-07-26,Mouse,Electronics,1,38.38,0.0,38.38,Credit Card,No
T00965,C0919,2025-12-31,Laptop,Electronics,1,1208.38,0.0,1208.38,Debit Card,No
T00966,C0560,2025-12-31,Speaker,Electronics,1,40.11,0.0,40.11,Mobile Payment,No
T00967,C1376,2025-03-11,Smartwatch,Electronics,1,140.38,0.0,140.38,Mobile Payment,No
T00968,C0765,2025-08-13,Phone,Electronics,1,691.51,0.0,691.51,Mobile Payment,Yes
T00969,C0719,2024-07-24,Phone,Electronics,1,605.39,0.1,544.85,PayPal,No
T00970,C1497,2024-11-06,Mouse,Electronics,1,81.2,0.0,81.2,PayPal,No
T00971,C0758,2025-03-18,Speaker,Electronics,1,81.0,0.1,72.9,Credit Card,No
T00972,C0274,2025-05-01,Headphones,Electronics,1,130.89,0.05,124.34,Debit Card,No
T00973,C0775,2025-12-31,Monitor,Electronics,1,238.1,0.0,238.1,Credit Card,No
T00974,C1248,2024-09-16,Tablet,Electronics,1,480.43,0.0,480.43,PayPal,No
T00975,C1193,2025-12-31,Headphones,Electronics,2,54.96,0.0,109.91,Mobile Payment,No
T00976,C1209,2024-12-28,Tablet,Electronics,2,249.89,0.15,424.81,Credit Card,No
T00977,C1084,2025-08-22,Headphones,Electronics,1,92.36,0.1,83.12,Debit Card,No
T00978,C0384,2025-12-31,Laptop,Electronics,1,981.33,0.0,981.33,PayPal,No
T00979,C1312,2025-04-29,Laptop,Electronics,2,1048.99,0.0,2097.98,PayPal,No
T00980,C1365,2025-08-24,Mouse,Electronics,3,64.36,0.1,173.77,Debit Card,No
T00981,C0295,2025-04-17,Mouse,Electronics,1,54.85,0.0,54.85,Credit Card,No
T00982,C0200,2024-09-01,Headphones,Electronics,1,38.67,0.15,32.87,Mobile Payment,No
T00983,C1467,2024-12-18,Camera,Electronics,1,609.11,0.0,609.11,Credit Card,No
T00984,C1320,2025-02-13,Tablet,Electronics,1,208.85,0.05,198.41,Credit Card,No
T00985,C1364,2025-07-04,Headphones,Electronics,2,52.44,0.0,104.87,Mobile Payment,No
T00986,C1354,2024-06-26,Mouse,Electronics,1,22.89,0.0,22.89,Debit Card,No
T00987,C0821,2025-06-03,Mouse,Electronics,2,28.44,0.0,56.88,Mobile Payment,No
T00988,C0987,2024-09-29,Camera,Electronics,1,1031.63,0.2,825.3,Mobile Payment,No
T00989,C0825,2025-03-09,Laptop,Electronics,1,1139.3,0.0,1139.3,Mobile Payment,No
T00990,C0080,2025-07-27,Phone,Electronics,1,579.41,0.0,579.41,Credit Card,No
T00991,C1143,2025-09-10,Mouse,Electronics,1,77.24,0.05,73.38,Credit Card,No
T00992,C0767,2024-12-31,Headphones,Electronics,1,212.63,0.15,180.74,Credit Card,No
T00993,C0988,2024-03-25,Laptop,Electronics,1,992.37,0.0,992.37,PayPal,No
T00994,C0765,2025-08-12,Keyboard,Electronics,1,81.95,0.05,77.85,Credit Card,No
T00995,C0756,2025-09-23,Headphones,Electronics,1,215.78,0.0,215.78,Debit Card,No
T00996,C0267,2025-05-08,Headphones,Electronics,1,176.55,0.1,158.9,PayPal,No
T00997,C0427,2024-09-03,Tablet,Electronics,2,545.24,0.0,1090.48,Credit Card,No
T00998,C0245,2025-12-31,Laptop,Electronics,2,1119.96,0.0,2239.92,Debit Card,No
T00999,C0297,2025-04-15,Phone,Electronics,1,579.56,0.0,579.56,PayPal,No
T01000,C1463,2025-12-31,Monitor,Electronics,1,397.77,0.05,377.88,Credit Card,No
T01001,C0237,2025-10-28,Tablet,Electronics,2,486.48,0.0,972.96,PayPal,No
T01002,C0412,2025-12-31,Camera,Electronics,3,639.16,0.0,1917.47,PayPal,No
T01003,C0895,2025-12-31,Phone,Electronics,1,758.49,0.05,720.57,Credit Card,No
T01004,C0922,2025-09-30,Camera,Electronics,1,1118.3,0.15,950.55,Credit Card,No
T01005,C0238,2025-04-23,Headphones,Electronics,1,138.54,0.0,138.54,Credit Card,No
T01006,C1216,2025-02-17,Tablet,Electronics,1,359.29,0.0,359.29,PayPal,No
T01007,C1204,2024-12-25,Tablet,Electronics,1,506.93,0.0,506.93,Debit Card,No
T01008,C0352,2025-06-06,Headphones,Electronics,2,64.61,0.15,109.84,Debit Card,No
T01009,C0445,2024-10-09,Monitor,Electronics,1,585.86,0.2,468.69,Credit Card,No
T01010,C1414,2025-03-16,Headphones,Electronics,1,155.02,0.0,155.02,Debit Card,No
T01011,C1269,2024-12-31,Mouse,Electronics,2,20.74,0.1,37.34,Mobile Payment,No
T01012,C1062,2024-06-24,Headphones,Electronics,1,130.65,0.0,130.65,Credit Card,No
T01013,C0130,2024-08-14,Mouse,Electronics,2,78.78,0.1,141.8,Mobile Payment,No
T01014,C0645,2025-07-27,Keyboard,Electronics,3,68.07,0.0,204.2,Mobile Payment,No
T01015,C0845,2025-12-31,Tablet,Electronics,1,203.97,0.0,203.97,Credit Card,No
T01016,C0285,2025-07-29,Smartwatch,Electronics,1,201.86,0.05,191.76,PayPal,No
T01017,C0697,2025-02-04,Smartwatch,Electronics,1,301.75,0.1,271.58,Credit Card,No
T01018,C0908,2025-09-01,Speaker,Electronics,2,105.4,0.1,189.72,Credit Card,No
T01019,C0501,2025-01-19,Phone,Electronics,1,716.06,0.0,716.06,Debit Card,No
T01020,C1200,2025-03-04,Camera,Electronics,1,667.01,0.2,533.61,Debit Card,No
T01021,C1289,2024-10-21,Camera,Electronics,3,353.67,0.05,1007.96,Mobile Payment,No
T01022,C0498,2025-12-31,Mouse,Electronics,2,40.84,0.05,77.59,Mobile Payment,No
T01023,C1288,2025-06-03,Monitor,Electronics,1,291.26,0.15,247.57,Mobile Payment,No
T01024,C0160,2024-09-28,Speaker,Electronics,2,275.21,0.0,550.43,Credit Card,No
T01025,C1287,2024-06-10,Speaker,Electronics,1,295.25,0.0,295.25,PayPal,No
T01026,C0237,2025-11-12,Mouse,Electronics,2,32.83,0.2,52.53,PayPal,No
T01027,C0132,2025-08-14,Headphones,Electronics,3,111.8,0.0,335.39,Debit Card,No
T01028,C0976,2025-12-31,Smartwatch,Electronics,1,343.24,0.1,308.92,Mobile Payment,No
T01029,C0728,2025-01-02,Phone,Electronics,2,514.72,0.1,926.5,Debit Card,No
T01030,C1378,2025-12-31,Tablet,Electronics,2,344.11,0.0,688.22,PayPal,No
T01031,C0558,2025-07-29,Speaker,Electronics,2,68.57,0.1,123.42,Debit Card,No
T01032,C0440,2025-12-31,Smartwatch,Electronics,3,278.45,0.0,835.36,Credit Card,No
T01033,C0764,2024-08-22,Speaker,Electronics,1,156.22,0.05,148.41,Credit Card,No
T01034,C0707,2025-12-29,Keyboard,Electronics,1,123.99,0.0,123.99,PayPal,Yes
T01035,C0526,2025-12-31,Headphones,Electronics,1,126.87,0.0,126.87,Mobile Payment,No
T01036,C1057,2025-06-26,Speaker,Electronics,3,85.38,0.15,217.72,Debit Card,No
T01037,C1161,2025-12-31,Tablet,Electronics,1,262.89,0.0,262.89,Credit Card,No
T01038,C1300,2025-11-19,Smartwatch,Electronics,2,332.53,0.0,665.06,Mobile Payment,No
T01039,C1463,2025-02-08,Keyboard,Electronics,2,162.88,0.1,293.18,Debit Card,No
T01040,C0406,2025-08-25,Phone,Electronics,1,646.91,0.0,646.91,Credit Card,Yes
T01041,C1098,2025-03-20,Laptop,Electronics,1,700.87,0.05,665.83,Credit Card,No
T01042,C0610,2025-07-28,Headphones,Electronics,1,112.33,0.15,95.48,Credit Card,No
T01043,C1030,2025-04-28,Keyboard,Electronics,1,107.22,0.0,107.22,PayPal,No
T01044,C0734,2025-12-31,Phone,Electronics,2,542.13,0.1,975.84,PayPal,No
T01045,C1490,2025-07-26,Headphones,Electronics,1,205.84,0.0,205.84,PayPal,No
T01046,C1119,2025-12-31,Keyboard,Electronics,3,31.33,0.0,94.0,Debit Card,No
T01047,C1434,2025-11-23,Mouse,Electronics,1,70.67,0.0,70.67,Debit Card,Yes
T01048,C1281,2025-12-31,Laptop,Electronics,1,919.69,0.05,873.7,Mobile Payment,No
T01049,C1375,2025-11-26,Mouse,Electronics,1,62.56,0.0,62.56,Mobile Payment,No
T01050,C1250,2025-12-31,Laptop,Electronics,3,1159.14,0.1,3129.68,Mobile Payment,No
T01051,C0711,2025-12-31,Laptop,Electronics,1,1008.57,0.0,1008.57,Debit Card,No
T01052,C0380,2025-09-05,Phone,Electronics,2,346.44,0.05,658.24,Mobile Payment,Yes
T01053,C0570,2025-06-14,Mouse,Electronics,1,59.12,0.0,59.12,Credit Card,No
T01054,C0030,2025-12-31,Laptop,Electronics,1,1353.07,0.1,1217.76,Credit Card,No
T01055,C0796,2025-12-31,Laptop,Electronics,1,1075.12,0.1,967.6,Debit Card,No
T01056,C0767,2025-05-03,Phone,Electronics,1,329.91,0.15,280.42,Credit Card,No
T01057,C0797,2024-10-15,Speaker,Electronics,1,254.28,0.05,241.57,Debit Card,No
T01058,C1465,2025-12-31,Speaker,Electronics,1,97.65,0.0,97.65,Debit Card,No
T01059,C1383,2025-12-31,Phone,Electronics,1,490.64,0.1,441.58,Credit Card,Yes
T01060,C0249,2025-05-23,Tablet,Electronics,1,381.52,0.0,381.52,Mobile Payment,No
T01061,C0568,2024-06-09,Speaker,Electronics,1,128.32,0.15,109.07,Debit Card,Yes
T01062,C0652,2025-12-03,Phone,Electronics,1,512.89,0.2,410.31,Credit Card,No
T01063,C0552,2025-12-31,Phone,Electronics,2,767.06,0.0,1534.12,Credit Card,Yes
T01064,C1224,2025-05-23,Phone,Electronics,1,395.18,0.0,395.18,Debit Card,No
T01065,C0796,2025-12-31,Speaker,Electronics,1,162.31,0.15,137.96,Mobile Payment,No
T01066,C0866,2025-12-31,Mouse,Electronics,2,16.7,0.15,28.39,Debit Card,No
T01067,C1300,2025-10-13,Phone,Electronics,1,579.98,0.05,550.98,Credit Card,No
T01068,C1236,2024-12-07,Laptop,Electronics,1,778.18,0.15,661.45,Credit Card,No
T01069,C0204,2025-11-07,Speaker,Electronics,1,113.38,0.15,96.37,Credit Card,No
T01070,C1092,2025-08-05,Headphones,Electronics,2,91.73,0.05,174.28,Mobile Payment,No
T01071,C0675,2025-03-31,Keyboard,Electronics,1,37.76,,35.88,Mobile Payment,No
T01072,C0453,2025-03-30,Tablet,Electronics,1,349.47,0.05,331.99,Credit Card,No
T01073,C0079,2025-04-28,Smartwatch,Electronics,1,204.44,0.0,204.44,Credit Card,No
T01074,C0751,2025-08-26,Phone,Electronics,1,530.21,0.0,530.21,Credit Card,No
T01075,C0542,2025-03-30,Smartwatch,Electronics,3,141.32,0.05,402.77,Mobile Payment,Yes
T01076,C0379,2025-04-10,Tablet,Electronics,2,318.58,0.05,605.31,Mobile Payment,No
T01077,C1058,2025-01-19,Phone,Electronics,1,661.83,0.0,661.83,Debit Card,No
T01078,C1180,2025-07-20,Monitor,Electronics,1,473.28,0.15,402.29,Mobile Payment,No
T01079,C0368,2025-03-02,Smartwatch,Electronics,1,227.19,0.1,204.47,Credit Card,No
T01080,C0078,2025-12-26,Headphones,Electronics,3,215.48,0.0,646.43,Debit Card,No
T01081,C1294,2025-09-03,Laptop,Electronics,1,1361.41,0.0,1361.41,Mobile Payment,No
T01082,C0017,2025-01-04,Keyboard,Electronics,2,40.26,0.2,64.42,Mobile Payment,No
T01083,C1414,2025-04-22,Mouse,Electronics,1,37.22,0.0,37.22,Debit Card,No
T01084,C0952,2025-09-21,Mouse,Electronics,2,88.81,0.05,168.75,Credit Card,No
T01085,C0493,2025-04-25,Headphones,Electronics,1,35.64,0.0,35.64,Mobile Payment,No
T01086,C0369,2025-12-31,Phone,Electronics,1,634.93,0.0,634.93,Debit Card,No
T01087,C0015,2024-10-05,Keyboard,Electronics,1,172.95,0.15,147.01,Debit Card,No
T01088,C0351,2025-05-06,Tablet,Electronics,4,499.0,0.0,1995.99,Debit Card,No
T01089,C0212,2025-05-07,Speaker,Electronics,1,63.9,0.1,57.51,Debit Card,No
T01090,C0927,2024-05-13,Monitor,Electronics,1,486.52,0.0,486.52,Debit Card,No
T01091,C0255,2025-12-31,Monitor,Electronics,2,319.42,0.05,606.89,Debit Card,Yes
T01092,C0801,2024-11-10,Tablet,Electronics,3,613.12,0.0,1839.36,Debit Card,No
T01093,C0894,2025-01-10,Headphones,Electronics,3,84.4,0.1,227.88,Debit Card,No
T01094,C0460,2024-04-16,Monitor,Electronics,1,362.95,0.15,308.51,PayPal,No
T01095,C0049,2025-12-31,Tablet,Electronics,3,530.91,0.05,1513.08,Credit Card,No
T01096,C0053,2024-08-01,Camera,Electronics,2,531.79,0.0,1063.57,PayPal,No
T01097,C0038,2025-08-17,Headphones,Electronics,2,64.54,0.0,129.08,PayPal,No
T01098,C1132,2025-12-31,Tablet,Electronics,3,181.27,0.0,543.82,Debit Card,No
T01099,C0489,2024-10-25,Phone,Electronics,1,567.18,0.1,510.46,Credit Card,No
T01100,C1220,2024-05-01,Mouse,Electronics,1,93.93,0.0,93.93,Mobile Payment,No
T01101,C0670,2024-10-10,Laptop,Electronics,1,897.04,0.0,897.04,Debit Card,No
T01102,C0702,2025-06-14,Headphones,Electronics,2,38.24,0.05,72.66,Debit Card,No
T01103,C0775,2025-12-31,Keyboard,Electronics,1,121.17,0.05,115.11,Debit Card,No
T01104,C1090,2025-10-19,Headphones,Electronics,1,40.67,0.1,36.61,Debit Card,No
T01105,C0421,2025-10-30,Mouse,Electronics,2,58.09,0.15,98.75,Mobile Payment,No
T01106,C0184,2025-11-26,Mouse,Electronics,1,47.43,0.15,40.32,Debit Card,No
T01107,C0840,2024-06-16,Speaker,Electronics,3,163.61,0.05,466.29,PayPal,No
T01108,C0501,2025-06-07,Monitor,Electronics,2,223.19,0.0,446.38,PayPal,No
T01109,C0690,2025-06-16,Keyboard,Electronics,1,38.98,0.1,35.08,PayPal,No
T01110,C0987,2024-10-10,Tablet,Electronics,3,532.03,0.0,1596.08,Mobile Payment,No
T01111,C0758,2025-03-04,Headphones,Electronics,1,76.68,0.1,69.01,Mobile Payment,Yes
T01112,C0940,2025-12-31,Laptop,Electronics,1,1260.3,0.0,1260.3,Debit Card,No
T01113,C0823,2025-06-19,Mouse,Electronics,3,79.47,0.0,238.4,Debit Card,No
T01114,C1133,2025-12-31,Tablet,Electronics,2,273.24,0.1,491.83,Credit Card,No
T01115,C1076,2025-12-31,Keyboard,Electronics,1,165.79,0.05,157.5,Mobile Payment,No
T01116,C0809,2025-01-22,Tablet,Electronics,1,255.8,0.0,255.8,PayPal,No
T01117,C1033,2025-08-27,Keyboard,Electronics,3,148.56,0.0,445.67,PayPal,No
T01118,C1329,2024-07-11,Headphones,Electronics,1,109.9,0.0,109.9,Debit Card,Yes
T01119,C0671,2025-11-24,Monitor,Electronics,1,232.36,0.05,220.74,Debit Card,No
T01120,C0638,2025-07-16,Speaker,Electronics,2,283.91,0.05,539.43,Debit Card,No
T01121,C1169,2024-04-17,Mouse,Electronics,1,96.88,0.0,96.88,Mobile Payment,No
T01122,C0883,2025-12-31,Tablet,Electronics,1,420.35,0.0,420.35,PayPal,No
T01123,C0109,2025-05-01,Monitor,Electronics,1,361.13,0.1,325.02,Mobile Payment,No
T01124,C1364,2025-05-08,Monitor,Electronics,4,555.38,0.2,1777.21,Credit Card,No
T01125,C0045,2025-02-22,Smartwatch,Electronics,1,232.88,0.15,197.95,Credit Card,No
T01126,C1148,2025-12-31,Camera,Electronics,1,539.43,0.0,539.43,Credit Card,No
T01127,C1160,2024-06-23,Tablet,Electronics,3,379.84,0.0,1139.53,Credit Card,No
T01128,C1434,2025-12-31,Smartwatch,Electronics,1,302.44,0.15,257.07,Credit Card,No
T01129,C0084,2025-09-27,Phone,Electronics,1,808.72,0.0,808.72,Credit Card,No
T01130,C0904,2025-06-11,Smartwatch,Electronics,1,332.38,0.0,332.38,Debit Card,Yes
T01131,C0661,2025-07-15,Tablet,Electronics,2,315.48,0.05,599.42,Credit Card,No
T01132,C0505,2025-12-31,Tablet,Electronics,1,499.58,0.0,499.58,Debit Card,No
T01133,C0145,2025-07-09,Camera,Electronics,1,361.55,0.1,325.39,Mobile Payment,No
T01134,C0849,2025-02-15,Headphones,Electronics,1,167.92,0.1,151.13,Debit Card,No
T01135,C0739,2025-12-31,Speaker,Electronics,1,186.43,0.15,158.47,Mobile Payment,No
T01136,C0161,2025-06-23,Phone,Electronics,4,412.35,0.0,1649.39,PayPal,No
T01137,C0927,2024-05-18,Monitor,Electronics,1,444.58,0.0,444.58,Mobile Payment,No
T01138,C1129,2025-12-13,Mouse,Electronics,2,26.49,0.1,47.68,PayPal,No
T01139,C1176,2025-04-08,Laptop,Electronics,2,933.66,0.0,1867.33,Mobile Payment,No
T01140,C1376,2025-12-22,Phone,Electronics,2,510.59,0.05,970.13,Debit Card,No
T01141,C0635,2025-12-31,Laptop,Electronics,1,1244.0,0.1,1119.6,Debit Card,Yes
T01142,C1434,2025-08-03,Speaker,Electronics,1,120.28,0.0,120.28,Mobile Payment,No
T01143,C1316,2025-11-04,Smartwatch,Electronics,4,74.22,0.0,296.88,Credit Card,No
T01144,C0455,2025-07-19,Headphones,Electronics,1,64.34,0.0,64.34,Debit Card,No
T01145,C0245,2025-12-31,Phone,Electronics,2,645.26,0.1,1161.47,PayPal,No
T01146,C0675,2025-09-27,Phone,Electronics,1,259.91,0.1,233.92,Debit Card,No
T01147,C0624,2025-01-22,Keyboard,Electronics,1,147.8,0.1,133.02,Credit Card,No
T01148,C0873,2024-11-06,Speaker,Electronics,1,274.29,0.0,274.29,Mobile Payment,Yes
T01149,C0885,2024-08-03,Mouse,Electronics,1,57.11,0.05,54.25,Debit Card,No
T01150,C1150,2025-12-31,Headphones,Electronics,3,164.45,0.0,493.35,Credit Card,No
T01151,C0772,2024-12-16,Monitor,Electronics,2,358.2,0.0,716.41,Debit Card,No
T01152,C0161,2025-09-26,Speaker,Electronics,3,120.28,0.0,360.84,Credit Card,No
T01153,C1306,2025-12-31,Monitor,Electronics,2,224.19,0.0,448.38,Mobile Payment,No
T01154,C0477,2025-01-31,Speaker,Electronics,1,174.72,0.0,174.72,Credit Card,No
T01155,C1461,2025-12-31,Laptop,Electronics,1,1350.92,0.1,1215.83,Mobile Payment,No
T01156,C0178,2025-12-31,Mouse,Electronics,2,90.65,0.2,145.04,PayPal,No
T01157,C1441,2025-12-31,Keyboard,Electronics,1,167.54,0.0,167.54,Debit Card,No
T01158,C0146,2025-12-31,Mouse,Electronics,2,97.15,0.0,194.29,Mobile Payment,No
T01159,C0343,2025-04-06,Keyboard,Electronics,2,50.63,0.15,86.07,Mobile Payment,No
T01160,C0073,2025-12-31,Laptop,Electronics,2,802.57,0.15,1364.37,Credit Card,No
T01161,C1074,2025-07-17,Phone,Electronics,2,528.04,0.05,1003.29,Debit Card,Yes
T01162,C1297,2025-07-25,Speaker,Electronics,2,219.22,0.0,438.44,Debit Card,No
T01163,C0673,2024-12-15,Tablet,Electronics,1,386.66,0.0,386.66,Debit Card,No
T01164,C1404,2025-04-11,Speaker,Electronics,1,272.01,0.15,231.21,Debit Card,No
T01165,C0894,2025-08-05,Mouse,Electronics,1,75.98,0.15,64.58,Debit Card,No
T01166,C0955,2025-12-31,Headphones,Electronics,1,150.45,0.1,135.41,Mobile Payment,No
T01167,C1293,2025-12-31,Speaker,Electronics,3,58.47,0.15,149.1,Debit Card,No
T01168,C0455,2025-07-19,Smartwatch,Electronics,1,110.85,0.0,110.85,Credit Card,No
T01169,C0541,2024-11-17,Headphones,Electronics,2,111.35,0.0,222.7,Mobile Payment,No
T01170,C1376,2025-12-31,Laptop,Electronics,1,1383.46,0.0,1383.46,PayPal,No
T01171,C1374,2025-08-27,Camera,Electronics,1,600.97,0.0,600.97,Credit Card,No
T01172,C1467,2025-03-24,Smartwatch,Electronics,1,242.69,0.1,218.42,Credit Card,No
T01173,C1375,2025-04-16,Smartwatch,Electronics,2,346.78,0.15,589.53,Debit Card,No
T01174,C0196,2025-08-11,Mouse,Electronics,2,37.44,0.0,74.88,Credit Card,No
T01175,C1266,2025-12-31,Tablet,Electronics,1,258.33,0.0,258.33,Mobile Payment,No
T01176,C0636,2025-03-06,Camera,Electronics,2,791.7,0.0,1583.4,Debit Card,No
T01177,C1486,2025-11-17,Laptop,Electronics,1,1086.32,0.0,1086.32,PayPal,No
T01178,C0728,2025-10-16,Tablet,Electronics,2,613.29,0.1,1103.92,PayPal,No
T01179,C0836,2025-02-11,Laptop,Electronics,1,718.5,0.0,718.5,PayPal,No
T01180,C0804,2025-12-31,Phone,Electronics,2,514.8,0.05,978.11,Debit Card,No
T01181,C0493,2025-08-23,Keyboard,Electronics,1,73.41,0.0,73.41,PayPal,No
T01182,C0115,2025-05-08,Laptop,Electronics,1,1099.74,0.05,1044.75,Debit Card,No
T01183,C1367,2025-05-02,Phone,Electronics,2,256.06,0.1,460.92,Debit Card,No
T01184,C1231,2025-08-07,Tablet,Electronics,1,514.2,0.0,514.2,Mobile Payment,No
T01185,C0215,2025-12-31,Mouse,Electronics,2,56.22,0.0,112.45,Debit Card,No
T01186,C1193,2025-05-31,Monitor,Electronics,1,465.31,0.05,442.04,Debit Card,No
T01187,C0950,2025-12-31,Monitor,Electronics,2,351.51,0.05,667.87,Debit Card,No
T01188,C0635,2025-12-31,Smartwatch,Electronics,1,197.52,0.0,197.52,PayPal,No
T01189,C0384,2025-12-31,Monitor,Electronics,1,553.0,0.0,553.0,Debit Card,No
T01190,C1310,2025-11-08,Headphones,Electronics,3,70.07,0.0,210.21,Debit Card,No
T01191,C1065,2025-12-31,Speaker,Electronics,1,96.55,0.15,82.07,Credit Card,No
T01192,C0828,2025-05-11,Laptop,Electronics,1,1091.63,0.0,1091.63,Mobile Payment,No
T01193,C0921,2024-12-12,Tablet,Electronics,1,490.31,0.0,490.31,Mobile Payment,No
T01194,C0146,2025-09-26,Keyboard,Electronics,3,79.98,0.1,215.94,Debit Card,No
T01195,C0730,2025-11-11,Smartwatch,Electronics,1,210.66,0.1,189.59,PayPal,No
T01196,C0295,2025-07-18,Smartwatch,Electronics,2,126.08,0.0,252.16,Debit Card,No
T01197,C0313,2025-08-11,Laptop,Electronics,2,795.14,0.1,1431.25,Credit Card,No
T01198,C1006,2025-12-31,Mouse,Electronics,1,35.25,0.0,35.25,Debit Card,No
T01199,C1383,2025-06-29,Mouse,Electronics,1,92.89,0.0,92.89,Mobile Payment,No
T01200,C0626,2024-08-02,Phone,Electronics,1,771.18,0.0,771.18,Mobile Payment,Yes
T01201,C0312,2025-05-23,Phone,Electronics,2,341.16,0.0,682.32,Credit Card,Yes
T01202,C0990,2024-08-21,Mouse,Electronics,1,18.96,0.0,18.96,Credit Card,No
T01203,C1326,2025-07-11,Tablet,Electronics,1,223.8,0.0,223.8,Mobile Payment,No
T01204,C1148,2025-12-25,Laptop,Electronics,2,905.4,0.1,1629.73,Mobile Payment,No
T01205,C1321,2025-12-31,Phone,Electronics,1,777.38,0.0,777.38,Debit Card,No
T01206,C0810,2025-05-09,Laptop,Electronics,1,924.96,0.0,924.96,Debit Card,No
T01207,C1151,2025-07-09,Tablet,Electronics,3,267.26,0.15,681.51,Debit Card,No
T01208,C0216,2025-06-20,Headphones,Electronics,2,105.21,0.0,210.42,Credit Card,No
T01209,C0530,2025-12-31,Tablet,Electronics,1,238.31,0.0,238.31,PayPal,No
T01210,C0604,2025-07-16,Speaker,Electronics,3,162.26,0.1,438.09,Debit Card,No
T01211,C0774,2025-04-25,Tablet,Electronics,3,497.51,0.0,1492.53,Mobile Payment,No
T01212,C1404,2025-12-31,Monitor,Electronics,1,315.98,0.05,300.18,Mobile Payment,No
T01213,C1330,2025-07-08,Speaker,Electronics,1,85.14,0.1,76.63,Mobile Payment,No
T01214,C0208,2025-12-31,Camera,Electronics,2,707.88,0.0,1415.76,Mobile Payment,No
T01215,C0268,2025-02-15,Tablet,Electronics,3,538.37,0.0,1615.11,PayPal,No
T01216,C0547,2024-09-23,Tablet,Electronics,2,216.0,0.0,432.0,Debit Card,No
T01217,C0448,2025-01-30,Keyboard,Electronics,1,36.0,0.1,32.4,Credit Card,No
T01218,C0929,2025-07-21,Speaker,Electronics,1,122.71,0.05,116.57,Credit Card,Yes
T01219,C1375,2025-02-19,Laptop,Electronics,1,990.54,0.0,990.54,Debit Card,No
T01220,C1447,2025-02-22,Headphones,Electronics,1,71.13,0.0,71.13,Debit Card,No
T01221,C0995,2025-07-07,Camera,Electronics,1,324.22,0.0,324.22,Mobile Payment,No
T01222,C1287,2025-06-21,Headphones,Electronics,2,71.72,0.1,129.09,Debit Card,No
T01223,C0797,2025-03-29,Mouse,Electronics,1,52.01,0.0,52.01,Credit Card,Yes
T01224,C0313,2025-12-31,Mouse,Electronics,1,21.75,0.15,18.49,Debit Card,No
T01225,C0796,2025-11-25,Phone,Electronics,3,715.33,0.0,2145.99,Mobile Payment,No
T01226,C0839,2025-04-27,Headphones,Electronics,1,134.9,0.0,134.9,Mobile Payment,No
T01227,C1137,2025-07-26,Keyboard,Electronics,1,92.34,0.0,92.34,Credit Card,No
T01228,C0329,2025-09-11,Mouse,Electronics,1,59.09,0.0,59.09,Credit Card,No
T01229,C0566,2025-01-20,Smartwatch,Electronics,1,250.18,0.05,237.67,Debit Card,No
T01230,C0558,2024-05-26,Smartwatch,Electronics,2,348.49,0.15,592.44,Credit Card,No
T01231,C1442,2025-04-13,Laptop,Electronics,2,1242.58,0.15,2112.39,PayPal,No
T01232,C0694,2025-01-19,Mouse,Electronics,1,60.93,0.0,60.93,Debit Card,No
T01233,C1154,2025-07-29,Monitor,Electronics,2,496.74,0.0,993.48,Credit Card,No
T01234,C1151,2025-05-30,Keyboard,Electronics,1,98.66,0.15,83.86,Credit Card,No
T01235,C0404,2025-06-22,Headphones,Electronics,1,89.07,0.1,80.17,Mobile Payment,No
T01236,C0866,2025-04-07,Mouse,Electronics,1,37.27,0.0,37.27,Credit Card,No
T01237,C1366,2025-12-31,Mouse,Electronics,3,48.96,0.1,132.18,Credit Card,No
T01238,C0733,2024-10-16,Keyboard,Electronics,1,25.35,0.1,22.82,Credit Card,No
T01239,C1426,2025-12-31,Camera,Electronics,1,459.26,0.0,459.26,Credit Card,No
T01240,C0325,2025-02-09,Phone,Electronics,1,332.25,0.15,282.41,PayPal,No
T01241,C0114,2025-02-28,Tablet,Electronics,1,631.36,0.0,631.36,Credit Card,No
T01242,C1361,2025-05-22,Monitor,Electronics,2,179.18,0.0,358.36,Debit Card,No
T01243,C1294,2025-12-31,Speaker,Electronics,1,170.25,0.05,161.74,Mobile Payment,No
T01244,C1488,2025-03-18,Laptop,Electronics,1,1343.8,0.0,1343.8,Mobile Payment,No
T01245,C1033,2025-11-10,Headphones,Electronics,2,145.43,0.05,276.31,Credit Card,No
T01246,C1414,2025-04-09,Speaker,Electronics,1,168.77,0.05,160.33,Credit Card,No
T01247,C1269,2025-08-10,Camera,Electronics,3,968.69,0.0,2906.08,PayPal,No
T01248,C1292,2025-12-31,Camera,Electronics,1,618.04,0.0,618.04,Credit Card,No
T01249,C0862,2025-11-12,Tablet,Electronics,1,271.05,0.05,257.49,PayPal,No
T01250,C0590,2025-04-18,Camera,Electronics,1,1062.55,0.15,903.17,Debit Card,No
T01251,C1411,2025-07-21,Monitor,Electronics,3,175.46,0.15,447.43,Credit Card,No
T01252,C0671,2025-10-15,Keyboard,Electronics,1,150.21,0.0,150.21,Mobile Payment,No
T01253,C0814,2025-05-20,Tablet,Electronics,3,228.58,0.05,651.46,Credit Card,No
T01254,C0696,2025-08-08,Mouse,Electronics,2,68.17,0.0,136.35,Credit Card,No
T01255,C0855,2024-07-27,Tablet,Electronics,2,404.21,0.0,808.42,Mobile Payment,No
T01256,C0727,2025-06-03,Headphones,Electronics,3,219.72,0.05,626.21,Debit Card,No
T01257,C0075,2024-12-21,Mouse,Electronics,1,47.97,0.0,47.97,Mobile Payment,No
T01258,C1345,2025-07-10,Tablet,Electronics,2,629.92,0.15,1070.87,Credit Card,No
T01259,C0694,2025-03-20,Phone,Electronics,1,512.46,0.1,461.21,Credit Card,No
T01260,C0893,2025-06-18,Headphones,Electronics,2,159.52,0.0,319.05,Credit Card,No
T01261,C0214,2025-12-31,Smartwatch,Electronics,1,246.66,0.0,246.66,Credit Card,No
T01262,C0005,2025-05-29,Phone,Electronics,2,306.19,0.15,520.53,PayPal,No
T01263,C0368,2025-04-21,Smartwatch,Electronics,2,275.58,0.0,551.15,PayPal,No
T01264,C1072,2025-04-19,Mouse,Electronics,1,32.74,0.0,32.74,Debit Card,No
T01265,C0154,2024-08-12,Mouse,Electronics,1,48.02,0.0,48.02,Credit Card,No
T01266,C1379,2024-12-29,Monitor,Electronics,2,501.99,0.0,1003.98,PayPal,No
T01267,C0325,2025-05-20,Mouse,Electronics,1,95.27,0.2,76.21,Credit Card,No
T01268,C0308,2024-02-05,Laptop,Electronics,3,1091.86,0.0,3275.59,PayPal,No
T01269,C0278,2025-04-03,Tablet,Electronics,1,424.11,0.0,424.11,PayPal,No
T01270,C0022,2025-04-22,Mouse,Electronics,2,57.92,0.1,104.25,Debit Card,No
T01271,C1183,2025-05-07,Speaker,Electronics,1,252.31,0.1,227.08,Credit Card,No
T01272,C1332,2025-03-22,Laptop,Electronics,2,1395.18,0.05,2650.84,PayPal,No
T01273,C0928,2025-09-23,Monitor,Electronics,1,435.12,0.0,435.12,Mobile Payment,No
T01274,C0286,2025-08-19,Speaker,Electronics,2,138.44,0.0,276.88,Debit Card,No
T01275,C0436,2024-04-04,Camera,Electronics,1,496.8,0.2,397.44,Debit Card,No
T01276,C0734,2025-07-01,Laptop,Electronics,3,839.17,0.0,2517.52,Mobile Payment,No
T01277,C1436,2025-12-31,Monitor,Electronics,1,535.27,0.1,481.74,Debit Card,No
T01278,C0371,2024-02-28,Laptop,Electronics,3,1394.65,0.15,3556.35,Credit Card,No
T01279,C1122,2025-10-29,Smartwatch,Electronics,1,262.42,0.0,262.42,Debit Card,No
T01280,C0685,2024-08-29,Tablet,Electronics,1,629.24,0.1,566.32,Debit Card,No
T01281,C0459,2025-03-19,Smartwatch,Electronics,2,161.5,0.0,323.0,Debit Card,No
T01282,C0707,2025-12-31,Speaker,Electronics,2,203.17,0.15,345.4,Debit Card,No
T01283,C0109,2025-12-31,Speaker,Electronics,2,173.04,0.05,328.77,Mobile Payment,No
T01284,C1225,2025-04-16,Camera,Electronics,1,733.82,0.0,733.82,Credit Card,No
T01285,C0365,2025-12-31,Phone,Electronics,4,661.04,0.1,2379.75,PayPal,No
T01286,C1113,2024-10-05,Phone,Electronics,1,451.72,0.15,383.96,Mobile Payment,No
T01287,C0105,2025-03-10,Keyboard,Electronics,1,124.3,0.05,118.08,Credit Card,No
T01288,C1437,2024-11-27,Keyboard,Electronics,1,129.29,0.1,116.36,Credit Card,No
T01289,C0293,2025-12-31,Laptop,Electronics,1,1285.28,0.1,1156.75,Debit Card,No
T01290,C1347,2025-03-02,Headphones,Electronics,1,168.79,0.1,151.91,Debit Card,No
T01291,C1241,2025-10-02,Speaker,Electronics,1,123.14,0.0,123.14,Mobile Payment,No
T01292,C1455,2024-05-05,Camera,Electronics,3,705.72,0.1,1905.44,Debit Card,No
T01293,C0738,2024-10-05,Phone,Electronics,1,328.25,0.0,328.25,Credit Card,No
T01294,C1117,2025-05-26,Headphones,Electronics,2,78.89,0.0,157.77,Credit Card,No
T01295,C0570,2024-10-06,Keyboard,Electronics,1,105.75,0.0,105.75,Debit Card,Yes
T01296,C0281,2025-01-13,Camera,Electronics,1,390.68,0.15,332.08,Credit Card,No
T01297,C0692,2025-12-31,Keyboard,Electronics,1,113.44,0.0,113.44,Credit Card,No
T01298,C0255,2025-12-31,Speaker,Electronics,2,141.47,0.0,282.95,Credit Card,No
T01299,C1475,2024-06-01,Smartwatch,Electronics,1,70.08,0.0,70.08,Credit Card,No
T01300,C0151,2025-05-30,Speaker,Electronics,1,152.96,0.0,152.96,Credit Card,No
T01301,C0893,2025-08-19,Mouse,Electronics,1,38.9,0.0,38.9,Mobile Payment,Yes
T01302,C0950,2025-12-31,Camera,Electronics,1,360.28,0.0,360.28,Debit Card,No
T01303,C0812,2025-10-09,Camera,Electronics,3,564.03,0.15,1438.28,PayPal,No
T01304,C1008,2025-12-31,Tablet,Electronics,3,318.22,0.0,954.67,Credit Card,No
T01305,C0177,2025-12-31,Phone,Electronics,1,480.8,0.15,408.68,Mobile Payment,No
T01306,C0839,2025-12-31,Camera,Electronics,1,629.83,0.0,629.83,Credit Card,No
T01307,C0440,2025-09-04,Phone,Electronics,2,529.35,0.05,1005.77,Mobile Payment,No
T01308,C1418,2025-11-22,Headphones,Electronics,1,47.47,0.1,42.72,Mobile Payment,No
T01309,C1165,2025-06-02,Smartwatch,Electronics,2,61.53,0.1,110.76,Mobile Payment,No
T01310,C1462,2025-08-08,Smartwatch,Electronics,1,273.44,0.0,273.44,PayPal,No
T01311,C0054,2025-12-31,Phone,Electronics,1,469.28,0.05,445.81,PayPal,No
T01312,C0436,2025-01-23,Monitor,Electronics,1,426.13,0.0,426.13,Mobile Payment,No
T01313,C0297,2024-03-16,Monitor,Electronics,3,288.17,0.0,864.5,PayPal,No
T01314,C0018,2025-12-31,Tablet,Electronics,1,642.57,0.0,642.57,PayPal,No
T01315,C0363,2025-10-15,Speaker,Electronics,1,122.01,0.0,122.01,Debit Card,No
T01316,C1033,2025-07-23,Mouse,Electronics,1,66.43,0.0,66.43,Credit Card,No
T01317,C0344,2025-07-28,Speaker,Electronics,1,97.19,0.05,92.33,PayPal,No
T01318,C0772,2024-09-05,Laptop,Electronics,1,1062.46,0.2,849.97,Debit Card,No
T01319,C1358,2024-11-10,Headphones,Electronics,1,140.07,0.0,140.07,Credit Card,No
T01320,C1057,2025-12-31,Camera,Electronics,3,464.54,0.0,1393.62,Debit Card,No
T01321,C0610,2024-10-01,Headphones,Electronics,1,53.49,0.0,53.49,PayPal,No
T01322,C0574,2025-10-02,Tablet,Electronics,1,637.59,0.1,573.83,Credit Card,No
T01323,C0707,2025-03-04,Speaker,Electronics,3,272.25,0.15,694.24,PayPal,No
T01324,C0271,2025-07-05,Camera,Electronics,2,894.06,0.0,1788.12,Credit Card,No
T01325,C0960,2025-12-31,Keyboard,Electronics,2,158.46,0.15,269.39,Credit Card,No
T01326,C0558,2024-04-08,Keyboard,Electronics,2,39.81,0.0,79.62,Debit Card,No
T01327,C1300,2025-02-19,Laptop,Electronics,2,1210.56,0.0,2421.13,Debit Card,No
T01328,C1154,2025-01-04,Speaker,Electronics,1,114.26,0.0,114.26,Debit Card,No
T01329,C0924,2025-06-14,Smartwatch,Electronics,2,216.45,0.0,432.91,Debit Card,No
T01330,C0558,2025-03-03,Laptop,Electronics,1,1235.37,0.0,1235.37,Mobile Payment,No
T01331,C0315,2024-04-25,Phone,Electronics,1,271.76,0.0,271.76,Credit Card,No
T01332,C1192,2024-08-10,Smartwatch,Electronics,1,261.5,0.05,248.43,Debit Card,No
T01333,C0748,2025-08-03,Phone,Electronics,2,532.66,0.0,1065.33,PayPal,No
T01334,C0337,2024-10-23,Speaker,Electronics,3,154.31,0.0,462.94,Credit Card,Yes
T01335,C0297,2024-12-14,Speaker,Electronics,2,275.89,0.0,551.78,Credit Card,No
T01336,C0255,2025-08-21,Camera,Electronics,1,1073.76,0.1,966.39,Credit Card,No
T01337,C1194,2024-10-23,Mouse,Electronics,1,19.89,0.0,19.89,Credit Card,No
T01338,C0341,2024-06-26,Monitor,Electronics,2,428.24,0.0,856.48,Debit Card,No
T01339,C0799,2025-03-20,Phone,Electronics,1,533.3,0.0,533.3,Debit Card,No
T01340,C0699,2025-12-31,Mouse,Electronics,1,25.01,0.0,25.01,PayPal,No
T01341,C0880,2024-03-30,Headphones,Electronics,1,191.7,0.0,191.7,Credit Card,No
T01342,C1336,2025-12-18,Keyboard,Electronics,1,36.08,0.0,36.08,Credit Card,No
T01343,C1320,2025-09-16,Tablet,Electronics,1,195.09,0.0,195.09,PayPal,No
T01344,C0699,2025-04-22,Tablet,Electronics,1,272.83,0.1,245.55,Mobile Payment,No
T01345,C0027,2025-03-03,Tablet,Electronics,2,322.59,0.2,516.14,Credit Card,No
T01346,C0659,2025-12-31,Smartwatch,Electronics,1,77.66,0.1,69.89,Debit Card,No
T01347,C0919,2025-02-17,Headphones,Electronics,1,151.85,0.15,129.07,Debit Card,No
T01348,C0844,2025-03-19,Tablet,Electronics,4,385.46,0.05,1464.75,Debit Card,No
T01349,C0992,2025-02-02,Headphones,Electronics,2,108.32,0.2,173.31,Credit Card,No
T01350,C0238,2024-08-07,Laptop,Electronics,1,801.74,0.0,801.74,Debit Card,No
T01351,C0987,2024-02-23,Camera,Electronics,1,694.01,0.1,624.61,PayPal,No
T01352,C0279,2025-12-31,Keyboard,Electronics,1,85.48,0.2,68.38,Mobile Payment,No
T01353,C1151,2025-01-18,Phone,Electronics,1,499.37,0.05,474.4,PayPal,No
T01354,C0519,2025-02-27,Tablet,Electronics,2,282.73,0.15,480.64,Mobile Payment,No
T01355,C1086,2024-11-10,Speaker,Electronics,1,64.55,0.0,64.55,PayPal,No
T01356,C0075,2025-05-14,Keyboard,Electronics,2,65.41,0.0,130.82,PayPal,No
T01357,C0634,2024-06-08,Tablet,Electronics,3,493.62,0.0,1480.85,Debit Card,No
T01358,C1073,2025-09-08,Headphones,Electronics,1,43.86,0.0,43.86,Credit Card,No
T01359,C0340,2024-10-06,Tablet,Electronics,1,359.69,0.15,305.74,PayPal,No
T01360,C1218,2024-12-22,Laptop,Electronics,2,1060.06,0.15,1802.11,Mobile Payment,No
T01361,C0955,2025-12-31,Camera,Electronics,2,1166.84,0.05,2216.99,Mobile Payment,No
T01362,C0890,2025-12-31,Tablet,Electronics,1,576.6,0.0,576.6,Debit Card,No
T01363,C0540,2024-09-21,Camera,Electronics,1,1124.95,0.0,1124.95,Debit Card,No
T01364,C0742,2025-01-19,Monitor,Electronics,2,519.0,0.05,986.1,Debit Card,No
T01365,C0904,2025-05-21,Phone,Electronics,1,632.92,0.0,632.92,PayPal,No
T01366,C0729,2025-12-31,Smartwatch,Electronics,1,309.63,0.0,309.63,PayPal,No
T01367,C1063,2025-07-02,Headphones,Electronics,1,137.4,0.0,137.4,Credit Card,Yes
T01368,C0673,2024-11-20,Mouse,Electronics,4,45.41,0.05,172.55,Mobile Payment,No
T01369,C0305,2025-12-31,Camera,Electronics,1,635.11,0.1,571.6,Debit Card,No
T01370,C0323,2025-03-24,Speaker,Electronics,1,187.02,0.0,187.02,PayPal,No
T01371,C0011,2025-12-31,Phone,Electronics,1,776.14,0.0,776.14,Credit Card,No
T01372,C0462,2025-07-07,Laptop,Electronics,4,793.56,0.05,3015.52,Credit Card,No
T01373,C1148,2025-02-14,Keyboard,Electronics,1,31.09,0.0,31.09,Mobile Payment,No
T01374,C1216,2025-07-15,Tablet,Electronics,2,551.1,0.2,881.76,Mobile Payment,No
T01375,C0306,2024-10-01,Monitor,Electronics,1,441.42,0.0,441.42,PayPal,No
T01376,C1441,2025-12-16,Laptop,Electronics,2,1274.92,0.1,2294.85,Debit Card,No
T01377,C0765,2025-04-30,Monitor,Electronics,2,589.5,0.0,1179.01,Debit Card,No
T01378,C1387,2024-12-09,Phone,Electronics,1,413.41,0.05,392.74,Credit Card,No
T01379,C1078,2024-11-12,Camera,Electronics,1,474.86,0.0,474.86,Credit Card,No
T01380,C1110,2024-09-13,Smartwatch,Electronics,1,158.88,0.2,127.11,Debit Card,No
T01381,C0135,2025-09-21,Laptop,Electronics,1,1314.57,0.0,1314.57,Mobile Payment,No
T01382,C0329,2025-12-12,Camera,Electronics,2,312.57,0.0,625.13,PayPal,No
T01383,C0015,2025-02-25,Tablet,Electronics,1,184.95,0.15,157.21,PayPal,No
T01384,C1098,2025-03-11,Headphones,Electronics,2,71.19,0.0,142.38,Credit Card,No
T01385,C0526,2025-07-24,Phone,Electronics,1,494.35,0.1,444.91,Mobile Payment,No
T01386,C1206,2025-07-06,Camera,Electronics,1,572.11,0.15,486.29,Mobile Payment,No
T01387,C0519,2024-08-08,Headphones,Electronics,1,186.73,0.0,186.73,Credit Card,No
T01388,C1258,2024-12-27,Laptop,Electronics,1,1182.81,0.0,1182.81,Debit Card,No
T01389,C0202,2025-07-01,Speaker,Electronics,1,257.84,0.05,244.94,Debit Card,No
T01390,C0268,2024-11-25,Tablet,Electronics,1,360.37,0.1,324.33,PayPal,No
T01391,C0522,2025-12-31,Speaker,Electronics,1,194.91,0.0,194.91,Mobile Payment,No
T01392,C0635,2025-07-25,Tablet,Electronics,2,422.26,0.05,802.3,Debit Card,No
T01393,C0531,2024-07-08,Camera,Electronics,3,727.25,0.0,2181.76,Credit Card,No
T01394,C1168,2025-11-18,Mouse,Electronics,2,39.49,0.1,71.08,Credit Card,No
T01395,C0151,2024-09-19,Camera,Electronics,4,938.3,0.0,3753.19,PayPal,No
T01396,C0536,2025-05-21,Speaker,Electronics,3,176.25,0.0,528.74,Debit Card,No
T01397,C1286,2025-02-17,Camera,Electronics,1,370.74,0.1,333.67,Mobile Payment,No
T01398,C0104,2025-10-28,Headphones,Electronics,1,30.1,0.1,27.09,Mobile Payment,No
T01399,C1422,2025-06-04,Smartwatch,Electronics,1,65.89,0.0,65.89,Mobile Payment,Yes
T01400,C1480,2025-07-13,Mouse,Electronics,1,21.46,0.0,21.46,Credit Card,No
T01401,C0142,2025-07-18,Laptop,Electronics,3,959.67,0.05,2735.05,Debit Card,No
T01402,C0448,2025-01-06,Speaker,Electronics,1,119.47,0.1,107.53,Credit Card,No
T01403,C0574,2025-12-31,Monitor,Electronics,2,220.49,0.1,396.88,Credit Card,No
T01404,C1192,2025-08-31,Phone,Electronics,1,585.04,0.0,585.04,Mobile Payment,No
T01405,C0902,2025-11-12,Headphones,Electronics,3,214.33,0.0,643.0,Mobile Payment,No
T01406,C0983,2024-08-05,Keyboard,Electronics,2,49.91,0.0,99.82,Debit Card,No
T01407,C1157,2024-11-14,Keyboard,Electronics,1,63.84,0.15,54.27,Mobile Payment,Yes
T01408,C0178,2025-12-31,Keyboard,Electronics,1,96.63,0.05,91.79,Debit Card,No
T01409,C1278,2025-05-25,Tablet,Electronics,2,481.2,0.0,962.39,Debit Card,No
T01410,C1075,2024-06-04,Mouse,Electronics,3,66.02,0.0,198.06,Debit Card,No
T01411,C0875,2025-12-31,Speaker,Electronics,2,175.51,0.0,351.02,Debit Card,No
T01412,C1359,2024-06-24,Headphones,Electronics,2,170.08,0.0,340.16,Debit Card,No
T01413,C1066,2025-03-16,Mouse,Electronics,1,86.91,0.05,82.56,Credit Card,No
T01414,C0304,2025-02-14,Tablet,Electronics,1,649.51,0.15,552.09,Debit Card,No
T01415,C0664,2025-01-31,Laptop,Electronics,3,1025.86,0.05,2923.69,Debit Card,Yes
T01416,C0758,2025-01-17,Keyboard,Electronics,1,179.22,0.05,170.26,Mobile Payment,No
T01417,C0085,2025-12-31,Laptop,Electronics,1,1211.35,0.1,1090.21,Debit Card,No
T01418,C1437,2025-07-26,Mouse,Electronics,1,70.87,0.0,70.87,Mobile Payment,No
T01419,C0198,2025-04-17,Mouse,Electronics,2,69.37,0.0,138.75,Mobile Payment,No
T01420,C1062,2025-06-10,Headphones,Electronics,2,203.04,0.15,345.17,PayPal,No
T01421,C0768,2025-03-20,Headphones,Electronics,1,210.11,0.0,210.11,Credit Card,No
T01422,C0038,2025-05-05,Speaker,Electronics,1,86.41,0.2,69.13,Debit Card,No
T01423,C1396,2025-12-31,Laptop,Electronics,1,1045.4,0.0,1045.4,Mobile Payment,No
T01424,C1299,2025-06-23,Keyboard,Electronics,2,170.92,0.05,324.76,Debit Card,Yes
T01425,C0796,2025-12-31,Speaker,Electronics,4,139.35,0.0,557.4,Mobile Payment,No
T01426,C0341,2024-10-03,Speaker,Electronics,1,100.5,0.0,100.5,PayPal,No
T01427,C0184,2025-11-16,Keyboard,Electronics,1,40.91,0.15,34.77,Credit Card,No
T01428,C0558,2024-11-24,Headphones,Electronics,2,143.47,0.05,272.6,Debit Card,No
T01429,C0385,2025-02-06,Phone,Electronics,1,705.18,0.0,705.18,PayPal,No
T01430,C0768,2025-04-14,Phone,Electronics,1,377.11,0.0,377.11,Credit Card,No
T01431,C1454,2025-02-16,Mouse,Electronics,1,72.26,0.2,57.81,Debit Card,No
T01432,C0873,2024-10-05,Laptop,Electronics,2,1329.73,0.15,2260.55,Credit Card,No
T01433,C1359,2025-08-23,Camera,Electronics,1,519.22,0.0,519.22,Credit Card,No
T01434,C0992,2025-12-31,Keyboard,Electronics,4,43.91,0.0,175.64,Debit Card,No
T01435,C0733,2025-10-05,Laptop,Electronics,1,1284.8,0.0,1284.8,Debit Card,No
T01436,C1302,2025-09-20,Tablet,Electronics,1,610.73,0.0,610.73,Mobile Payment,No
T01437,C0727,2025-12-31,Keyboard,Electronics,1,58.3,0.0,58.3,Debit Card,Yes
T01438,C1321,2025-12-31,Laptop,Electronics,2,1204.97,0.1,2168.94,Mobile Payment,No
T01439,C0449,2025-05-18,Smartwatch,Electronics,3,231.37,0.0,694.1,PayPal,No
T01440,C0198,2025-09-09,Speaker,Electronics,1,102.19,0.0,102.19,PayPal,No
T01441,C1302,2025-05-18,Speaker,Electronics,1,254.15,0.0,254.15,PayPal,No
T01442,C0890,2025-12-31,Mouse,Electronics,1,54.99,0.0,54.99,Debit Card,No
T01443,C1358,2024-12-15,Camera,Electronics,1,930.3,0.0,930.3,Credit Card,No
T01444,C1414,2025-07-29,Keyboard,Electronics,2,71.72,0.0,143.44,Mobile Payment,No
T01445,C0083,2025-08-28,Monitor,Electronics,2,517.1,0.0,1034.2,PayPal,Yes
T01446,C0764,2025-12-11,Mouse,Electronics,1,37.46,0.0,37.46,Debit Card,No
T01447,C0578,2025-12-31,Phone,Electronics,3,487.11,0.0,1461.34,Debit Card,No
T01448,C0950,2025-11-06,Phone,Electronics,2,504.45,0.1,908.02,PayPal,No
T01449,C1216,2025-03-17,Smartwatch,Electronics,1,119.86,0.1,107.88,Credit Card,Yes
T01450,C0429,2025-12-31,Speaker,Electronics,1,267.34,0.05,253.97,Credit Card,No
T01451,C0843,2024-11-26,Keyboard,Electronics,1,42.59,0.0,42.59,Credit Card,No
T01452,C1085,2025-01-06,Monitor,Electronics,1,403.41,0.0,403.41,Credit Card,No
T01453,C0206,2024-09-21,Keyboard,Electronics,1,151.19,0.05,143.63,Credit Card,No
T01454,C1248,2025-10-15,Monitor,Electronics,2,411.41,0.1,740.53,Debit Card,No
T01455,C0919,2025-05-02,Headphones,Electronics,1,92.11,0.1,82.9,Debit Card,No
T01456,C1430,2025-01-09,Speaker,Electronics,1,243.15,0.0,243.15,Credit Card,No
T01457,C0520,2025-12-31,Monitor,Electronics,2,374.63,0.0,749.26,Debit Card,No
T01458,C0169,2025-11-05,Phone,Electronics,2,355.96,0.0,711.92,PayPal,No
T01459,C0768,2024-09-13,Smartwatch,Electronics,3,151.89,0.0,455.67,Debit Card,No
T01460,C0137,2025-12-31,Headphones,Electronics,3,142.47,0.0,427.41,Credit Card,No
T01461,C1458,2025-02-14,Mouse,Electronics,1,71.0,0.0,71.0,Debit Card,No
T01462,C0055,2024-12-08,Keyboard,Electronics,1,109.96,0.1,98.96,Debit Card,No
T01463,C1152,2025-07-02,Mouse,Electronics,2,38.12,0.05,72.43,Debit Card,No
T01464,C0797,2024-08-26,Laptop,Electronics,3,1115.63,0.0,3346.88,Credit Card,No
T01465,C0568,2024-10-11,Laptop,Electronics,1,932.72,0.0,932.72,Debit Card,No
T01466,C0104,2025-12-31,Headphones,Electronics,1,72.74,0.0,72.74,PayPal,No
T01467,C0943,2024-11-22,Mouse,Electronics,1,95.37,0.05,90.6,Mobile Payment,No
T01468,C0888,2025-01-07,Phone,Electronics,2,454.67,0.1,818.4,Debit Card,No
T01469,C0429,2025-12-31,Headphones,Electronics,2,93.77,0.2,150.03,Mobile Payment,No
T01470,C1381,2025-12-31,Speaker,Electronics,2,273.16,0.05,519.01,Mobile Payment,No
T01471,C0468,2024-04-11,Phone,Electronics,1,342.75,0.0,342.75,Credit Card,No
T01472,C0698,2025-12-31,Camera,Electronics,1,826.14,0.0,826.14,Debit Card,No
T01473,C0823,2025-11-13,Smartwatch,Electronics,1,287.28,0.1,258.55,Debit Card,No
T01474,C0155,2025-12-15,Camera,Electronics,1,546.3,0.15,464.35,Debit Card,No
T01475,C1408,2024-09-28,Speaker,Electronics,4,259.46,0.0,1037.84,Credit Card,No
T01476,C0578,2025-02-25,Monitor,Electronics,1,496.34,0.05,471.52,Credit Card,No
T01477,C0128,2025-03-19,Mouse,Electronics,1,56.32,0.0,56.32,Mobile Payment,Yes
T01478,C0602,2024-08-31,Keyboard,Electronics,2,43.4,0.1,78.12,Debit Card,No
T01479,C0907,2025-05-07,Tablet,Electronics,1,635.95,0.05,604.15,Mobile Payment,No
T01480,C0777,2024-10-23,Tablet,Electronics,3,473.39,0.0,1420.16,Credit Card,No
T01481,C1058,2025-12-31,Headphones,Electronics,1,128.25,0.1,115.42,Credit Card,No
T01482,C0085,2025-12-31,Phone,Electronics,2,825.54,0.2,1320.87,Credit Card,No
T01483,C0435,2024-03-06,Smartwatch,Electronics,2,182.19,0.0,364.39,Debit Card,Yes
T01484,C1258,2025-09-10,Speaker,Electronics,1,186.55,0.0,186.55,Mobile Payment,No
T01485,C0126,2025-10-10,Camera,Electronics,1,1072.57,0.1,965.31,PayPal,No
T01486,C1303,2025-12-31,Phone,Electronics,1,505.43,0.05,480.16,Credit Card,No
T01487,C0147,2025-02-09,Laptop,Electronics,1,1240.67,0.15,1054.57,Debit Card,No
T01488,C1280,2025-07-17,Smartwatch,Electronics,1,134.28,0.0,134.28,PayPal,No
T01489,C0552,2025-11-20,Headphones,Electronics,3,163.45,0.05,465.83,Debit Card,No
T01490,C0927,2024-10-16,Smartwatch,Electronics,1,208.03,0.05,197.62,Debit Card,No
T01491,C0237,2025-07-21,Smartwatch,Electronics,1,107.82,0.0,107.82,PayPal,No
T01492,C0104,2025-12-31,Keyboard,Electronics,1,46.08,0.2,36.86,Mobile Payment,No
T01493,C0326,2024-05-28,Tablet,Electronics,2,395.11,0.05,750.72,Debit Card,No
T01494,C0196,2025-10-20,Phone,Electronics,3,712.05,0.05,2029.34,PayPal,No
T01495,C0481,2025-12-31,Tablet,Electronics,1,463.55,0.0,463.55,PayPal,No
T01496,C0779,2025-11-26,Monitor,Electronics,1,534.63,0.05,507.89,Debit Card,No
T01497,C0893,2024-10-22,Speaker,Electronics,1,141.31,0.1,127.18,Mobile Payment,Yes
T01498,C1211,2025-06-10,Laptop,Electronics,1,1290.55,0.1,1161.49,Debit Card,No
T01499,C1001,2025-02-13,Phone,Electronics,1,274.07,0.15,232.96,PayPal,No
T01500,C0920,2024-01-11,Keyboard,Electronics,1,81.7,0.0,81.7,Mobile Payment,No
T01501,C0637,2024-07-21,Tablet,Electronics,3,214.3,0.0,642.91,Debit Card,No
T01502,C0730,2025-12-31,Camera,Electronics,1,1127.32,0.05,1070.95,Debit Card,No
T01503,C0642,2024-11-06,Phone,Electronics,3,558.95,0.1,1509.17,PayPal,No
T01504,C1291,2024-06-29,Speaker,Electronics,1,122.2,0.05,116.09,Mobile Payment,No
T01505,C0342,2025-12-31,Speaker,Electronics,2,168.05,0.0,336.09,Credit Card,No
T01506,C0010,2025-12-31,Camera,Electronics,3,779.56,0.05,2221.75,PayPal,No
T01507,C0992,2025-12-31,Phone,Electronics,4,800.05,0.1,2880.18,Debit Card,No
T01508,C0306,2025-01-28,Tablet,Electronics,2,434.94,0.0,869.88,Credit Card,Yes
T01509,C1359,2024-05-04,Smartwatch,Electronics,1,185.1,0.0,185.1,Mobile Payment,No
T01510,C1308,2025-12-31,Smartwatch,Electronics,1,338.79,0.0,338.79,Credit Card,No
T01511,C0118,2025-12-31,Mouse,Electronics,2,97.33,0.0,194.65,Credit Card,No
T01512,C0166,2024-09-14,Headphones,Electronics,3,37.3,0.0,111.9,PayPal,No
T01513,C0759,2025-07-20,Tablet,Electronics,1,512.22,0.0,512.22,Debit Card,No
T01514,C0921,2025-06-16,Speaker,Electronics,3,136.66,0.0,409.97,Mobile Payment,No
T01515,C0423,2025-04-28,Phone,Electronics,1,688.88,0.0,688.88,Mobile Payment,No
T01516,C1099,2024-10-17,Laptop,Electronics,1,1145.85,0.05,1088.55,Debit Card,No
T01517,C0902,2025-02-06,Laptop,Electronics,1,931.07,0.0,931.07,Debit Card,No
T01518,C0499,2024-05-16,Smartwatch,Electronics,1,346.13,0.0,346.13,Credit Card,No
T01519,C0037,2024-10-06,Laptop,Electronics,1,949.98,0.2,759.98,Debit Card,No
T01520,C1150,2025-12-31,Keyboard,Electronics,2,122.96,0.1,221.32,Debit Card,No
T01521,C0325,2025-01-28,Headphones,Electronics,1,184.54,0.0,184.54,Credit Card,No
T01522,C1280,2025-09-09,Phone,Electronics,1,344.55,0.0,344.55,Debit Card,No
T01523,C0648,2024-10-01,Mouse,Electronics,2,40.55,0.0,81.1,Credit Card,No
T01524,C0875,2025-12-31,Laptop,Electronics,3,839.28,0.1,2266.06,Mobile Payment,No
T01525,C1329,2024-10-16,Tablet,Electronics,1,547.46,0.0,547.46,Mobile Payment,No
T01526,C1315,2025-01-18,Keyboard,Electronics,1,149.19,0.0,149.19,Debit Card,No
T01527,C0572,2025-12-31,Headphones,Electronics,3,78.63,0.0,235.89,PayPal,No
T01528,C0314,2025-12-31,Tablet,Electronics,1,181.94,0.0,181.94,Credit Card,No
T01529,C1190,2025-12-29,Speaker,Electronics,1,150.07,0.05,142.57,Debit Card,No
T01530,C0672,2025-05-18,Speaker,Electronics,3,218.66,0.0,655.97,PayPal,No
T01531,C0292,2025-12-31,Headphones,Electronics,1,148.28,0.0,148.28,Credit Card,No
T01532,C1376,2024-12-30,Headphones,Electronics,1,114.68,0.1,103.21,Debit Card,No
T01533,C0300,2025-09-19,Tablet,Electronics,1,321.91,0.05,305.82,Mobile Payment,No
T01534,C0038,2024-12-29,Camera,Electronics,1,726.95,0.0,726.95,Credit Card,No
T01535,C0030,2025-12-31,Keyboard,Electronics,2,27.34,0.0,54.68,PayPal,No
T01536,C0943,2025-08-28,Phone,Electronics,1,298.02,0.0,298.02,Mobile Payment,No
T01537,C1008,2025-12-31,Camera,Electronics,1,446.41,0.1,401.77,PayPal,No
T01538,C0480,2024-08-11,Keyboard,Electronics,2,121.94,0.05,231.68,PayPal,No
T01539,C0490,2025-02-06,Headphones,Electronics,2,71.57,0.0,143.14,Credit Card,Yes
T01540,C0520,2025-12-31,Headphones,Electronics,2,110.44,0.0,220.88,Mobile Payment,No
T01541,C1033,2025-10-12,Phone,Electronics,1,653.92,0.05,621.22,PayPal,No
T01542,C0091,2024-03-23,Speaker,Electronics,1,255.95,0.0,255.95,Mobile Payment,No
T01543,C1404,2025-08-18,Mouse,Electronics,1,61.72,0.0,61.72,Mobile Payment,No
T01544,C0334,2024-10-03,Phone,Electronics,1,365.13,0.05,346.88,Debit Card,No
T01545,C1499,2024-10-29,Monitor,Electronics,1,578.28,0.1,520.45,Debit Card,No
T01546,C0265,2025-07-31,Keyboard,Electronics,2,38.95,0.1,70.11,PayPal,No
T01547,C1183,2024-04-08,Phone,Electronics,3,488.63,0.0,1465.88,Mobile Payment,No
T01548,C0335,2025-08-04,Headphones,Electronics,1,205.05,0.15,174.29,Mobile Payment,No
T01549,C0128,2025-12-27,Mouse,Electronics,1,66.2,0.0,66.2,Mobile Payment,No
T01550,C1331,2025-04-03,Tablet,Electronics,1,491.45,0.0,491.45,Debit Card,No
T01551,C1308,2025-12-31,Headphones,Electronics,1,87.32,0.0,87.32,PayPal,No
T01552,C0626,2025-04-09,Phone,Electronics,1,301.05,0.05,286.0,Credit Card,No
T01553,C1070,2025-04-17,Headphones,Electronics,1,99.49,0.0,99.49,Mobile Payment,No
T01554,C0843,2025-05-09,Keyboard,Electronics,2,87.33,0.0,174.67,Credit Card,No
T01555,C1300,2025-05-29,Phone,Electronics,1,425.68,0.0,425.68,Mobile Payment,No
T01556,C0484,2025-12-31,Keyboard,Electronics,1,58.4,0.0,58.4,Mobile Payment,No
T01557,C0794,2025-12-31,Headphones,Electronics,3,97.55,0.15,248.74,Credit Card,No
T01558,C0746,2024-06-14,Mouse,Electronics,1,69.35,0.05,65.88,Debit Card,No
T01559,C0540,2025-08-30,Tablet,Electronics,3,626.05,0.0,1878.14,Credit Card,No
T01560,C1361,2025-03-12,Keyboard,Electronics,1,134.09,0.15,113.97,Debit Card,No
T01561,C0255,2025-12-12,Keyboard,Electronics,1,145.84,0.0,145.84,Debit Card,No
T01562,C0232,2025-04-10,Mouse,Electronics,1,41.02,0.05,38.96,Credit Card,No
T01563,C0875,2025-01-02,Smartwatch,Electronics,2,90.36,0.0,180.72,Debit Card,No
T01564,C1001,2025-01-20,Phone,Electronics,1,439.48,0.0,439.48,Credit Card,No
T01565,C0296,2024-12-30,Speaker,Electronics,1,144.69,0.0,144.69,Debit Card,No
T01566,C0606,2024-09-12,Camera,Electronics,1,920.89,0.0,920.89,PayPal,No
T01567,C1426,2025-12-31,Keyboard,Electronics,1,170.6,0.15,145.01,Debit Card,No
T01568,C0369,2025-06-16,Camera,Electronics,1,1028.36,0.1,925.53,Credit Card,No
T01569,C1016,2024-08-18,Headphones,Electronics,1,80.62,0.05,76.59,Credit Card,No
T01570,C1134,2025-05-16,Laptop,Electronics,1,1274.21,0.1,1146.79,Credit Card,No
T01571,C0696,2025-12-31,Mouse,Electronics,1,50.0,0.05,47.5,PayPal,No
T01572,C1414,2024-06-14,Speaker,Electronics,1,85.61,0.0,85.61,Credit Card,No
T01573,C1127,2025-12-31,Phone,Electronics,1,549.81,0.2,439.85,Mobile Payment,No
T01574,C0710,2024-11-04,Mouse,Electronics,2,62.87,0.0,125.75,PayPal,No
T01575,C0862,2025-10-03,Smartwatch,Electronics,1,281.39,0.0,281.39,Debit Card,No
T01576,C1055,2025-08-08,Speaker,Electronics,1,130.97,0.1,117.88,Credit Card,No
T01577,C0897,2025-12-31,Tablet,Electronics,3,248.99,0.0,746.96,PayPal,No
T01578,C1341,2025-12-31,Phone,Electronics,1,311.33,0.0,311.33,Mobile Payment,No
T01579,C0546,2024-08-06,Tablet,Electronics,3,232.85,0.0,698.55,PayPal,No
T01580,C0461,2024-10-01,Keyboard,Electronics,1,172.25,0.0,172.25,Credit Card,No
T01581,C0323,2025-02-19,Speaker,Electronics,1,287.46,0.0,287.46,PayPal,No
T01582,C0055,2024-11-11,Keyboard,Electronics,1,175.16,0.05,166.4,Mobile Payment,No
T01583,C0067,2025-07-25,Speaker,Electronics,1,118.65,0.0,118.65,Credit Card,No
T01584,C1323,2025-09-08,Smartwatch,Electronics,2,115.57,0.05,219.58,Mobile Payment,No
T01585,C1032,2025-01-24,Keyboard,Electronics,4,177.04,0.2,566.53,PayPal,No
T01586,C1006,2025-12-31,Laptop,Electronics,1,1391.78,0.1,1252.61,Debit Card,No
T01587,C0929,2025-07-07,Headphones,Electronics,1,44.89,0.05,42.64,PayPal,No
T01588,C1295,2025-12-31,Laptop,Electronics,1,1226.77,0.0,1226.77,Credit Card,No
T01589,C0741,2025-12-06,Tablet,Electronics,1,315.67,0.05,299.89,PayPal,No
T01590,C1324,2025-12-13,Laptop,Electronics,2,1336.51,0.1,2405.72,PayPal,No
T01591,C0550,2025-11-13,Phone,Electronics,1,308.0,0.0,308.0,Credit Card,Yes
T01592,C1399,2024-07-10,Headphones,Electronics,1,198.83,0.0,198.83,Mobile Payment,No
T01593,C1063,2025-09-18,Monitor,Electronics,1,151.18,0.05,143.62,Credit Card,No
T01594,C0388,2025-12-31,Phone,Electronics,1,589.29,0.05,559.82,Debit Card,No
T01595,C0852,2025-04-11,Mouse,Electronics,1,43.52,0.1,39.17,Credit Card,No
T01596,C0808,2024-12-01,Keyboard,Electronics,1,91.24,0.05,86.67,PayPal,No
T01597,C0212,2024-09-07,Mouse,Electronics,2,51.87,0.1,93.37,PayPal,No
T01598,C0895,2025-07-22,Mouse,Electronics,1,70.56,0.0,70.56,Mobile Payment,No
T01599,C0483,2025-12-31,Mouse,Electronics,1,16.96,0.0,16.96,Credit Card,No
T01600,C0081,2025-05-08,Speaker,Electronics,1,219.75,0.1,197.78,Debit Card,No
T01601,C1428,2025-09-25,Tablet,Electronics,2,190.43,0.0,380.87,Debit Card,No
T01602,C0976,2025-07-17,Tablet,Electronics,1,267.08,0.0,267.08,Credit Card,No
T01603,C1336,2025-06-07,Phone,Electronics,1,644.38,0.0,644.38,Mobile Payment,No
T01604,C1028,2025-12-31,Keyboard,Electronics,2,38.4,0.1,69.12,Credit Card,No
T01605,C0546,2024-11-24,Headphones,Electronics,1,218.27,0.1,196.44,Debit Card,No
T01606,C0775,2025-09-16,Monitor,Electronics,3,502.97,0.0,1508.92,Credit Card,No
T01607,C1028,2025-06-14,Phone,Electronics,3,708.68,0.15,1807.14,PayPal,No
T01608,C1444,2025-11-30,Mouse,Electronics,2,37.75,0.0,75.51,Mobile Payment,No
T01609,C0383,2025-12-31,Keyboard,Electronics,2,32.53,0.15,55.3,PayPal,No
T01610,C1331,2025-06-18,Tablet,Electronics,2,640.03,0.2,1024.04,PayPal,No
T01611,C1396,2025-12-31,Monitor,Electronics,1,216.53,0.1,194.88,Credit Card,No
T01612,C1020,2025-09-05,Camera,Electronics,1,1047.51,0.0,1047.51,PayPal,No
T01613,C1407,2024-12-06,Smartwatch,Electronics,2,117.28,0.0,234.56,Credit Card,No
T01614,C0615,2025-07-22,Phone,Electronics,2,493.16,0.0,986.32,Debit Card,No
T01615,C1434,2025-12-31,Camera,Electronics,3,924.23,0.0,2772.69,PayPal,No
T01616,C1071,2024-09-17,Laptop,Electronics,3,1361.76,0.1,3676.74,Credit Card,No
T01617,C0063,2025-06-30,Headphones,Electronics,1,33.76,0.15,28.69,PayPal,No
T01618,C1378,2025-11-22,Phone,Electronics,2,419.5,0.2,671.2,Mobile Payment,No
T01619,C0744,2024-11-12,Speaker,Electronics,2,238.89,0.0,477.78,Mobile Payment,No
T01620,C0714,2025-02-05,Laptop,Electronics,3,821.38,0.0,2464.13,Credit Card,No
T01621,C0859,2025-11-26,Phone,Electronics,1,322.45,0.0,322.45,Debit Card,No
T01622,C0232,2024-11-20,Speaker,Electronics,2,52.01,0.0,104.02,PayPal,No
T01623,C0726,2024-08-17,Keyboard,Electronics,1,102.89,0.0,102.89,Mobile Payment,Yes
T01624,C1274,2025-01-12,Smartwatch,Electronics,1,282.64,0.0,282.64,Debit Card,No
T01625,C0027,2025-05-15,Laptop,Electronics,1,1373.21,0.0,1373.21,Mobile Payment,No
T01626,C0420,2024-12-04,Headphones,Electronics,3,80.82,0.0,242.47,PayPal,No
T01627,C0004,2025-01-07,Speaker,Electronics,2,71.56,0.1,128.8,Credit Card,No
T01628,C0643,2024-03-18,Keyboard,Electronics,1,87.4,0.05,83.03,Credit Card,No
T01629,C1119,2025-12-31,Camera,Electronics,1,349.9,0.05,332.4,Mobile Payment,No
T01630,C1225,2025-02-21,Speaker,Electronics,2,126.15,0.0,252.31,Credit Card,No
T01631,C1426,2025-06-12,Mouse,Electronics,3,69.66,0.0,208.99,Credit Card,No
T01632,C0920,2024-04-13,Tablet,Electronics,1,259.04,0.15,220.18,PayPal,No
T01633,C0384,2025-12-31,Tablet,Electronics,4,476.98,0.0,1907.93,Credit Card,No
T01634,C1396,2025-12-31,Laptop,Electronics,1,1380.36,0.05,1311.35,Mobile Payment,Yes
T01635,C1190,2025-08-13,Headphones,Electronics,4,194.2,0.0,776.79,PayPal,No
T01636,C0871,2024-09-08,Speaker,Electronics,2,132.78,0.2,212.44,PayPal,Yes
T01637,C1059,2025-03-18,Monitor,Electronics,1,339.67,0.15,288.72,Mobile Payment,No
T01638,C1396,2025-12-31,Speaker,Electronics,1,149.02,0.0,149.02,Mobile Payment,No
T01639,C1089,2024-06-17,Smartwatch,Electronics,1,309.37,0.2,247.5,Credit Card,Yes
T01640,C0566,2025-03-14,Speaker,Electronics,1,298.4,0.05,283.48,Mobile Payment,No
T01641,C1090,2025-07-16,Speaker,Electronics,2,254.73,0.05,483.99,PayPal,No
T01642,C0059,2025-12-31,Mouse,Electronics,1,62.44,0.0,62.44,Debit Card,No
T01643,C0599,2024-06-18,Camera,Electronics,3,387.63,0.0,1162.89,Mobile Payment,No
T01644,C0630,2025-06-24,Mouse,Electronics,2,96.13,0.1,173.04,Credit Card,No
T01645,C0256,2025-09-01,Mouse,Electronics,3,88.1,0.0,264.31,Mobile Payment,No
T01646,C0036,2025-06-22,Mouse,Electronics,2,86.52,0.15,147.08,PayPal,No
T01647,C0204,2025-07-16,Mouse,Electronics,1,48.3,0.0,48.3,Credit Card,No
T01648,C0998,2025-12-31,Headphones,Electronics,1,114.96,0.0,114.96,Credit Card,No
T01649,C1231,2025-12-31,Headphones,Electronics,1,52.74,0.05,50.1,Debit Card,No
T01650,C1483,2025-12-24,Tablet,Electronics,2,620.8,0.0,1241.6,Debit Card,No
T01651,C0529,2025-09-19,Phone,Electronics,2,863.1,0.2,1380.96,Mobile Payment,No
T01652,C0907,2025-05-04,Monitor,Electronics,1,264.5,0.0,264.5,PayPal,No
T01653,C1414,2024-07-18,Camera,Electronics,1,926.41,0.0,926.41,PayPal,No
T01654,C0257,2024-05-15,Mouse,Electronics,1,32.3,0.05,30.68,Credit Card,No
T01655,C1101,2025-09-09,Laptop,Electronics,1,975.06,0.05,926.31,PayPal,No
T01656,C1154,2025-10-09,Smartwatch,Electronics,1,147.69,0.2,118.15,PayPal,No
T01657,C0143,2025-02-15,Speaker,Electronics,1,141.29,0.0,141.29,Credit Card,No
T01658,C1312,2025-12-31,Smartwatch,Electronics,2,149.6,0.0,299.2,PayPal,No
T01659,C1248,2024-09-17,Mouse,Electronics,2,44.35,0.05,84.26,Mobile Payment,No
T01660,C0047,2025-04-12,Phone,Electronics,1,764.19,0.0,764.19,PayPal,No
T01661,C0146,2025-04-17,Headphones,Electronics,3,87.01,0.0,261.02,Credit Card,No
T01662,C0078,2025-12-11,Keyboard,Electronics,2,151.28,0.1,272.3,Debit Card,No
T01663,C0510,2025-04-20,Laptop,Electronics,2,1097.55,0.0,2195.09,Debit Card,No
T01664,C0772,2024-08-09,Phone,Electronics,1,757.29,0.0,757.29,Mobile Payment,No
T01665,C0808,2024-08-21,Speaker,Electronics,1,278.91,0.0,278.91,Mobile Payment,Yes
T01666,C0409,2025-09-17,Mouse,Electronics,1,26.77,0.05,25.43,Credit Card,No
T01667,C1383,2025-08-20,Tablet,Electronics,1,341.63,0.0,341.63,Mobile Payment,No
T01668,C0566,2024-05-08,Tablet,Electronics,1,206.11,0.0,206.11,PayPal,No
T01669,C0071,2024-11-02,Headphones,Electronics,1,107.31,0.0,107.31,Debit Card,No
T01670,C0462,2025-12-31,Laptop,Electronics,3,866.18,0.2,2078.84,PayPal,No
T01671,C0806,2024-08-25,Mouse,Electronics,1,63.59,0.0,63.59,Debit Card,No
T01672,C0635,2025-12-31,Phone,Electronics,1,759.2,0.0,759.2,Mobile Payment,No
T01673,C0421,2025-08-14,Smartwatch,Electronics,1,201.05,0.0,201.05,Debit Card,No
T01674,C0203,2025-02-19,Camera,Electronics,2,600.26,0.0,1200.52,PayPal,No
T01675,C1258,2025-07-11,Mouse,Electronics,1,27.97,0.0,27.97,Credit Card,No
T01676,C1493,2025-12-31,Smartwatch,Electronics,1,67.78,0.1,61.0,Mobile Payment,No
T01677,C0504,2025-08-16,Phone,Electronics,1,690.62,0.05,656.09,PayPal,No
T01678,C0588,2025-08-10,Keyboard,Electronics,1,29.73,0.1,26.76,Mobile Payment,No
T01679,C0934,2025-03-20,Mouse,Electronics,1,93.27,0.0,93.27,Debit Card,No
T01680,C1102,2025-12-31,Mouse,Electronics,1,65.51,0.0,65.51,Debit Card,No
T01681,C0606,2025-07-06,Phone,Electronics,1,479.64,0.0,479.64,Debit Card,No
T01682,C1376,2024-11-20,Headphones,Electronics,1,37.96,0.0,37.96,Debit Card,No
T01683,C0846,2025-12-31,Tablet,Electronics,2,374.34,0.0,748.68,Debit Card,No
T01684,C0699,2025-12-31,Keyboard,Electronics,1,159.43,0.0,159.43,Debit Card,No
T01685,C0987,2024-06-16,Smartwatch,Electronics,1,341.25,0.0,341.25,Credit Card,No
T01686,C1434,2025-08-29,Keyboard,Electronics,1,38.16,0.0,38.16,Mobile Payment,No
T01687,C1216,2025-02-07,Smartwatch,Electronics,1,285.37,0.05,271.1,Credit Card,No
T01688,C0058,2025-12-31,Phone,Electronics,2,417.93,0.0,835.86,Mobile Payment,No
T01689,C0507,2024-11-28,Camera,Electronics,1,641.49,0.1,577.34,Mobile Payment,No
T01690,C0727,2025-12-31,Keyboard,Electronics,3,109.89,0.15,280.22,Debit Card,No
T01691,C0483,2025-12-31,Laptop,Electronics,1,1396.31,0.0,1396.31,Debit Card,No
T01692,C1065,2025-12-31,Mouse,Electronics,1,32.75,0.2,26.2,Credit Card,No
T01693,C1269,2025-06-19,Monitor,Electronics,2,208.72,0.0,417.45,Credit Card,Yes
T01694,C1122,2025-11-23,Phone,Electronics,4,636.74,0.2,2037.55,Debit Card,No
T01695,C1484,2025-12-31,Smartwatch,Electronics,1,307.38,0.2,245.91,Credit Card,No
T01696,C0420,2025-05-08,Speaker,Electronics,1,208.54,0.1,187.68,Debit Card,No
T01697,C1331,2025-04-08,Tablet,Electronics,1,343.36,0.0,343.36,Mobile Payment,Yes
T01698,C1172,2024-05-03,Monitor,Electronics,1,589.64,0.05,560.16,PayPal,No
T01699,C0555,2025-10-26,Phone,Electronics,3,896.77,0.1,2421.28,Credit Card,No
T01700,C1125,2025-12-31,Speaker,Electronics,1,240.37,0.0,240.37,Mobile Payment,No
T01701,C0160,2024-11-18,Tablet,Electronics,1,557.14,0.15,473.57,Debit Card,No
T01702,C1211,2024-09-17,Phone,Electronics,2,744.55,0.1,1340.18,PayPal,No
T01703,C0808,2025-11-11,Monitor,Electronics,1,265.95,0.15,226.06,Debit Card,No
T01704,C0449,2025-12-31,Laptop,Electronics,1,805.18,0.0,805.18,PayPal,No
T01705,C1001,2025-06-23,Tablet,Electronics,1,440.55,0.0,440.55,PayPal,No
T01706,C0976,2025-05-23,Laptop,Electronics,1,1367.9,0.0,1367.9,Credit Card,No
T01707,C0315,2024-10-11,Phone,Electronics,3,820.89,0.05,2339.54,PayPal,Yes
T01708,C0043,2025-01-05,Phone,Electronics,1,319.46,0.0,319.46,Debit Card,No
T01709,C0673,2024-06-12,Camera,Electronics,3,351.29,0.0,1053.88,PayPal,No
T01710,C0862,2025-02-16,Speaker,Electronics,1,267.18,0.0,267.18,Debit Card,No
T01711,C1336,2025-01-18,Monitor,Electronics,2,425.86,0.0,851.71,Mobile Payment,Yes
T01712,C1403,2024-12-13,Mouse,Electronics,1,40.87,0.0,40.87,Credit Card,No
T01713,C0802,2025-04-17,Mouse,Electronics,4,62.75,0.05,238.45,Credit Card,No
T01714,C1152,2025-06-30,Headphones,Electronics,2,72.12,0.0,144.23,Mobile Payment,Yes
T01715,C0684,2025-07-16,Headphones,Electronics,1,209.92,0.0,209.92,Debit Card,No
T01716,C1144,2024-06-08,Mouse,Electronics,1,85.31,0.0,85.31,PayPal,No
T01717,C0308,2024-10-01,Headphones,Electronics,3,212.83,0.1,574.63,Mobile Payment,No
T01718,C0570,2024-09-26,Keyboard,Electronics,2,53.99,0.15,91.79,Debit Card,No
T01719,C0960,2025-12-31,Monitor,Electronics,1,529.65,0.0,529.65,Debit Card,No
T01720,C0029,2024-07-25,Monitor,Electronics,2,402.13,0.0,804.26,Mobile Payment,No
T01721,C1110,2024-08-20,Smartwatch,Electronics,1,154.25,0.1,138.82,Mobile Payment,No
T01722,C1282,2024-07-02,Mouse,Electronics,2,55.77,0.0,111.54,Credit Card,No
T01723,C0619,2025-01-02,Speaker,Electronics,1,285.54,0.0,285.54,PayPal,No
T01724,C0696,2025-12-31,Smartwatch,Electronics,1,260.52,0.05,247.5,PayPal,No
T01725,C1299,2025-07-26,Phone,Electronics,1,483.95,0.0,483.95,Credit Card,No
T01726,C1191,2025-12-01,Mouse,Electronics,1,99.99,0.0,99.99,PayPal,No
T01727,C0443,2025-05-24,Mouse,Electronics,3,44.39,0.15,113.19,PayPal,No
T01728,C0498,2025-03-01,Mouse,Electronics,1,84.17,0.0,84.17,PayPal,Yes
T01729,C1033,2025-08-14,Monitor,Electronics,2,502.97,0.0,1005.94,Credit Card,No
T01730,C0850,2024-03-30,Laptop,Electronics,1,1206.05,0.0,1206.05,Credit Card,No
T01731,C0250,2024-07-27,Speaker,Electronics,1,214.05,0.0,214.05,Debit Card,No
T01732,C0477,2024-12-08,Camera,Electronics,2,397.8,0.0,795.6,Debit Card,No
T01733,C1372,2025-08-28,Monitor,Electronics,1,597.73,0.0,597.73,Credit Card,No
T01734,C1045,2025-05-24,Phone,Electronics,1,354.68,0.15,301.48,Debit Card,No
T01735,C1480,2025-12-31,Smartwatch,Electronics,1,232.88,0.1,209.59,Credit Card,No
T01736,C1175,2024-10-05,Headphones,Electronics,1,77.34,0.0,77.34,Debit Card,No
T01737,C1422,2025-12-31,Headphones,Electronics,1,62.07,0.0,62.07,Debit Card,No
T01738,C0327,2025-08-05,Mouse,Electronics,1,62.55,0.0,62.55,PayPal,No
T01739,C1183,2025-06-14,Smartwatch,Electronics,2,302.54,0.0,605.08,Mobile Payment,No
T01740,C0030,2025-12-31,Laptop,Electronics,2,963.86,0.0,1927.72,Debit Card,No
T01741,C1020,2025-05-12,Smartwatch,Electronics,1,82.38,0.05,78.26,Debit Card,No
T01742,C0726,2025-04-07,Mouse,Electronics,1,68.02,0.0,68.02,Mobile Payment,No
T01743,C0529,2025-08-28,Keyboard,Electronics,2,143.8,0.15,244.45,PayPal,No
T01744,C1314,2025-12-31,Headphones,Electronics,3,86.26,0.1,232.89,PayPal,No
T01745,C1301,2025-12-31,Phone,Electronics,1,698.88,0.0,698.88,PayPal,No
T01746,C0034,2025-12-31,Phone,Electronics,1,299.26,0.05,284.3,Debit Card,No
T01747,C0921,2025-09-04,Laptop,Electronics,1,953.0,0.0,953.0,Mobile Payment,Yes
T01748,C0565,2025-12-31,Phone,Electronics,1,558.19,0.0,558.19,Mobile Payment,No
T01749,C0643,2024-03-31,Headphones,Electronics,1,178.57,0.05,169.64,Credit Card,No
T01750,C1277,2025-07-12,Tablet,Electronics,1,338.93,0.0,338.93,PayPal,Yes
T01751,C0477,2024-04-21,Tablet,Electronics,1,393.24,0.05,373.58,Credit Card,Yes
T01752,C1423,2025-12-31,Headphones,Electronics,2,149.39,0.1,268.9,PayPal,No
T01753,C0275,2025-04-18,Tablet,Electronics,1,473.32,0.1,425.99,Debit Card,No
T01754,C1009,2025-04-05,Mouse,Electronics,1,59.01,0.0,59.01,Credit Card,No
T01755,C1024,2025-12-31,Monitor,Electronics,1,297.81,0.05,282.92,PayPal,Yes
T01756,C0381,2024-09-16,Laptop,Electronics,1,1168.95,0.2,935.16,Mobile Payment,No
T01757,C0499,2024-02-28,Phone,Electronics,2,794.15,0.1,1429.47,Credit Card,No
T01758,C1280,2025-06-12,Mouse,Electronics,1,28.07,0.0,28.07,Mobile Payment,No
T01759,C1165,2025-12-31,Tablet,Electronics,1,340.02,0.2,272.01,Credit Card,Yes
T01760,C0503,2024-10-15,Speaker,Electronics,2,213.87,0.0,427.75,PayPal,No
T01761,C0809,2025-03-30,Mouse,Electronics,2,79.24,0.0,158.48,Mobile Payment,No
T01762,C0096,2024-05-19,Tablet,Electronics,1,547.29,0.1,492.56,Credit Card,No
T01763,C0314,2025-11-16,Monitor,Electronics,1,443.97,0.0,443.97,Credit Card,No
T01764,C0747,2025-05-05,Mouse,Electronics,2,55.65,0.0,111.31,Debit Card,No
T01765,C0137,2025-06-09,Phone,Electronics,3,669.77,0.0,2009.31,PayPal,No
T01766,C1292,2025-04-18,Tablet,Electronics,4,243.47,0.0,973.88,Mobile Payment,No
T01767,C1102,2025-11-28,Monitor,Electronics,4,243.49,0.0,973.97,PayPal,Yes
T01768,C1424,2024-05-18,Speaker,Electronics,1,281.16,0.0,281.16,PayPal,No
T01769,C1057,2025-08-25,Headphones,Electronics,1,205.21,0.0,205.21,Debit Card,No
T01770,C1418,2025-12-31,Headphones,Electronics,1,167.54,0.0,167.54,Debit Card,No
T01771,C0837,2024-08-09,Phone,Electronics,1,462.58,0.0,462.58,Debit Card,No
T01772,C0907,2025-07-14,Keyboard,Electronics,1,125.57,0.0,125.57,PayPal,No
T01773,C1468,2025-12-31,Mouse,Electronics,1,73.46,0.0,73.46,Debit Card,No
T01774,C0976,2025-05-06,Headphones,Electronics,1,127.87,0.05,121.48,Mobile Payment,No
T01775,C0045,2025-11-01,Smartwatch,Electronics,1,277.07,0.05,263.22,Credit Card,No
T01776,C1111,2025-06-19,Tablet,Electronics,1,193.95,0.0,193.95,Debit Card,No
T01777,C1376,2025-02-08,Mouse,Electronics,1,36.78,0.0,36.78,Credit Card,No
T01778,C1219,2025-12-31,Tablet,Electronics,1,553.39,0.15,470.38,PayPal,No
T01779,C0886,2025-12-31,Smartwatch,Electronics,1,332.22,0.0,332.22,PayPal,No
T01780,C1022,2025-12-31,Camera,Electronics,1,1088.48,0.2,870.78,PayPal,No
T01781,C1485,2025-12-31,Smartwatch,Electronics,2,267.78,0.0,535.57,Mobile Payment,No
T01782,C0145,2025-07-08,Phone,Electronics,3,357.57,0.0,1072.72,Mobile Payment,No
T01783,C1015,2025-09-27,Mouse,Electronics,1,46.34,0.0,46.34,Debit Card,Yes
T01784,C0432,2024-09-27,Keyboard,Electronics,1,32.78,0.0,32.78,Credit Card,No
T01785,C0972,2024-10-26,Speaker,Electronics,1,206.36,0.0,206.36,Credit Card,No
T01786,C0919,2025-12-14,Headphones,Electronics,3,115.47,0.0,346.42,Debit Card,No
T01787,C0237,2025-02-27,Smartwatch,Electronics,1,226.17,0.15,192.25,Mobile Payment,Yes
T01788,C0311,2025-12-29,Headphones,Electronics,2,216.08,0.0,432.15,Credit Card,No
T01789,C0943,2024-11-06,Headphones,Electronics,2,106.43,0.1,191.57,PayPal,Yes
T01790,C0197,2024-05-16,Phone,Electronics,2,449.36,0.0,898.72,PayPal,No
T01791,C0402,2024-11-22,Tablet,Electronics,3,250.78,0.1,677.12,Debit Card,No
T01792,C1282,2024-12-02,Phone,Electronics,1,343.35,0.15,291.84,PayPal,No
T01793,C0501,2025-06-26,Phone,Electronics,1,587.07,0.0,587.07,Mobile Payment,No
T01794,C0753,2025-01-01,Laptop,Electronics,2,1224.46,0.0,2448.92,Credit Card,No
T01795,C1420,2025-11-27,Smartwatch,Electronics,2,223.69,0.0,447.39,PayPal,No
T01796,C0340,2024-11-29,Monitor,Electronics,2,542.98,0.0,1085.96,PayPal,No
T01797,C0604,2025-12-31,Smartwatch,Electronics,2,151.6,0.1,272.89,Mobile Payment,No
T01798,C0919,2025-02-11,Keyboard,Electronics,2,117.23,0.05,222.74,Credit Card,No
T01799,C1154,2025-02-12,Camera,Electronics,3,895.12,0.1,2416.82,Mobile Payment,No
T01800,C1374,2025-05-31,Monitor,Electronics,1,276.31,0.0,276.31,Credit Card,No
T01801,C1385,2025-10-16,Phone,Electronics,1,507.6,0.0,507.6,PayPal,No
T01802,C1192,2025-07-15,Keyboard,Electronics,2,116.6,0.0,233.19,Debit Card,No
T01803,C0341,2025-01-29,Mouse,Electronics,1,16.78,0.0,16.78,Credit Card,No
T01804,C0037,2024-04-26,Keyboard,Electronics,1,162.42,0.0,162.42,Debit Card,No
T01805,C0592,2024-12-16,Smartwatch,Electronics,2,92.21,0.0,184.42,PayPal,No
T01806,C0219,2025-05-31,Mouse,Electronics,1,19.04,0.05,18.09,PayPal,No
T01807,C1086,2025-02-12,Headphones,Electronics,1,70.86,0.0,70.86,Mobile Payment,No
T01808,C1006,2025-05-23,Smartwatch,Electronics,1,205.67,0.0,205.67,Credit Card,No
T01809,C0069,2024-08-29,Mouse,Electronics,1,42.94,0.0,42.94,PayPal,No
T01810,C1285,2024-06-18,Phone,Electronics,2,536.09,0.05,1018.58,Credit Card,No
T01811,C0373,2025-12-31,Keyboard,Electronics,1,38.06,0.0,38.06,Debit Card,No
T01812,C0671,2025-12-31,Mouse,Electronics,2,34.81,0.0,69.63,Debit Card,No
T01813,C1016,2025-04-04,Keyboard,Electronics,1,40.14,0.0,40.14,Credit Card,No
T01814,C0664,2024-10-18,Speaker,Electronics,1,99.72,0.0,99.72,Debit Card,No
T01815,C0688,2024-10-09,Phone,Electronics,1,707.15,0.0,707.15,Credit Card,No
T01816,C0104,2025-06-16,Mouse,Electronics,1,63.9,0.0,63.9,Debit Card,No
T01817,C0623,2024-07-25,Smartwatch,Electronics,2,156.85,0.0,313.7,Mobile Payment,No
T01818,C1169,2024-11-10,Mouse,Electronics,1,37.2,0.1,33.48,Debit Card,No
T01819,C1385,2025-11-12,Headphones,Electronics,1,219.53,0.05,208.55,Mobile Payment,No
T01820,C0640,2025-08-11,Headphones,Electronics,1,175.89,0.0,175.89,Debit Card,No
T01821,C0652,2025-12-31,Keyboard,Electronics,2,152.42,0.0,304.83,Mobile Payment,No
T01822,C1071,2024-12-20,Headphones,Electronics,2,35.01,0.0,70.02,Debit Card,No
T01823,C1422,2025-12-07,Camera,Electronics,2,353.63,0.0,707.26,Mobile Payment,No
T01824,C0407,2025-12-31,Phone,Electronics,1,713.2,0.0,713.2,Debit Card,No
T01825,C0687,2024-10-26,Mouse,Electronics,1,31.31,0.1,28.18,PayPal,Yes
T01826,C1219,2025-12-31,Phone,Electronics,1,526.68,0.0,526.68,Debit Card,No
T01827,C0921,2025-05-05,Keyboard,Electronics,3,53.55,0.05,152.61,PayPal,No
T01828,C0172,2025-05-03,Mouse,Electronics,2,30.05,0.1,54.09,Credit Card,No
T01829,C0952,2025-12-10,Phone,Electronics,1,320.9,0.0,320.9,PayPal,No
T01830,C0285,2025-02-12,Mouse,Electronics,1,65.51,0.1,58.96,Debit Card,No
T01831,C0772,2024-08-29,Phone,Electronics,1,730.55,0.2,584.44,Mobile Payment,No
T01832,C0802,2025-08-14,Keyboard,Electronics,1,33.81,0.0,33.81,Mobile Payment,No
T01833,C1335,2025-07-02,Monitor,Electronics,2,274.0,0.0,548.0,Credit Card,No
T01834,C0717,2025-11-23,Tablet,Electronics,1,489.43,0.1,440.49,Credit Card,No
T01835,C0428,2025-07-21,Phone,Electronics,1,505.01,0.05,479.76,PayPal,No
T01836,C0343,2025-03-13,Mouse,Electronics,1,74.9,0.05,71.15,Debit Card,No
T01837,C1330,2025-03-25,Headphones,Electronics,2,174.25,0.15,296.23,Credit Card,No
T01838,C0264,2024-12-08,Phone,Electronics,3,270.99,0.05,772.32,Debit Card,No
T01839,C0658,2024-09-25,Smartwatch,Electronics,1,170.45,0.05,161.93,Credit Card,No
T01840,C0285,2025-10-31,Tablet,Electronics,1,522.7,0.0,522.7,Debit Card,No
T01841,C1185,2024-10-04,Mouse,Electronics,1,47.17,0.05,44.81,Debit Card,No
T01842,C0730,2025-09-19,Keyboard,Electronics,1,25.9,0.15,22.02,Mobile Payment,No
T01843,C0536,2025-12-31,Phone,Electronics,1,468.6,0.05,445.17,Credit Card,No
T01844,C0553,2025-12-31,Laptop,Electronics,1,1310.86,0.15,1114.23,Debit Card,No
T01845,C1299,2025-12-31,Keyboard,Electronics,2,172.55,0.0,345.1,Debit Card,No
T01846,C0836,2025-01-01,Laptop,Electronics,1,1092.36,0.0,1092.36,Credit Card,No
T01847,C1101,2025-07-19,Laptop,Electronics,1,914.45,0.0,914.45,Credit Card,No
T01848,C1368,2025-11-04,Mouse,Electronics,1,54.62,0.0,54.62,Credit Card,No
T01849,C1375,2025-12-03,Keyboard,Electronics,1,61.61,0.0,61.61,Credit Card,No
T01850,C0503,2024-08-21,Tablet,Electronics,1,259.02,0.0,259.02,Debit Card,No
T01851,C1433,2025-12-21,Keyboard,Electronics,1,101.5,0.0,101.5,PayPal,No
T01852,C0037,2024-01-27,Keyboard,Electronics,1,139.19,0.15,118.31,Debit Card,No
T01853,C0584,2025-09-24,Keyboard,Electronics,3,59.48,0.0,178.45,Credit Card,No
T01854,C1367,2025-10-31,Mouse,Electronics,1,92.31,0.0,92.31,Credit Card,No
T01855,C0422,2025-11-10,Speaker,Electronics,1,83.74,0.2,66.99,Debit Card,No
T01856,C0420,2025-05-09,Headphones,Electronics,2,136.1,0.15,231.37,Debit Card,No
T01857,C0466,2025-01-21,Tablet,Electronics,1,544.9,0.1,490.41,Credit Card,No
T01858,C0927,2025-02-01,Laptop,Electronics,1,849.37,0.0,849.37,Credit Card,No
T01859,C0682,2025-11-27,Phone,Electronics,1,442.69,0.05,420.55,Credit Card,No
T01860,C1116,2025-10-01,Phone,Electronics,1,283.46,0.0,283.46,Mobile Payment,No
T01861,C1366,2025-07-18,Headphones,Electronics,1,209.35,0.05,198.88,Credit Card,No
T01862,C1026,2025-04-12,Keyboard,Electronics,1,100.48,0.0,100.48,Credit Card,No
T01863,C0308,2025-02-12,Laptop,Electronics,1,745.01,0.05,707.76,Debit Card,No
T01864,C1409,2025-07-14,Mouse,Electronics,1,85.56,0.0,85.56,Mobile Payment,No
T01865,C0401,2024-11-11,Headphones,Electronics,3,138.18,0.15,352.35,Debit Card,No
T01866,C0233,2024-09-25,Speaker,Electronics,3,54.37,0.0,163.12,Credit Card,No
T01867,C0144,2024-06-19,Keyboard,Electronics,1,94.89,0.0,94.89,Credit Card,No
T01868,C0850,2024-07-25,Smartwatch,Electronics,1,185.98,0.1,167.38,Mobile Payment,No
T01869,C0173,2025-09-02,Camera,Electronics,1,431.47,0.1,388.33,Mobile Payment,No
T01870,C0213,2025-02-09,Camera,Electronics,1,678.34,0.0,678.34,Mobile Payment,No
T01871,C0461,2024-12-11,Monitor,Electronics,1,277.26,0.0,277.26,Debit Card,No
T01872,C0429,2025-03-09,Headphones,Electronics,2,162.99,0.0,325.98,Debit Card,No
T01873,C0915,2024-10-11,Keyboard,Electronics,1,25.85,0.0,25.85,Credit Card,No
T01874,C1253,2025-05-19,Headphones,Electronics,1,50.21,0.0,50.21,Debit Card,No
T01875,C1165,2025-08-24,Tablet,Electronics,2,611.76,0.1,1101.18,PayPal,No
T01876,C0398,2025-12-31,Tablet,Electronics,1,383.67,0.0,383.67,PayPal,No
T01877,C0368,2025-02-02,Tablet,Electronics,1,262.81,0.15,223.38,Credit Card,No
T01878,C1453,2024-07-28,Tablet,Electronics,1,552.82,0.0,552.82,Mobile Payment,No
T01879,C0014,2025-04-24,Phone,Electronics,1,803.54,0.0,803.54,Debit Card,No
T01880,C1342,2025-04-03,Headphones,Electronics,3,70.13,0.1,189.35,Mobile Payment,No
T01881,C0303,2025-05-05,Tablet,Electronics,1,515.39,0.0,515.39,Debit Card,No
T01882,C1427,2025-06-18,Headphones,Electronics,1,146.88,0.0,146.88,Credit Card,No
T01883,C0524,2025-01-21,Smartwatch,Electronics,1,276.07,0.0,276.07,PayPal,No
T01884,C0687,2025-01-17,Headphones,Electronics,1,179.7,0.0,179.7,Mobile Payment,No
T01885,C1079,2025-06-06,Speaker,Electronics,1,211.84,0.0,211.84,Credit Card,No
T01886,C0891,2025-10-31,Phone,Electronics,3,871.54,0.0,2614.62,Debit Card,No
T01887,C0489,2025-08-08,Camera,Electronics,2,1077.8,0.0,2155.61,Mobile Payment,No
T01888,C0836,2024-10-10,Tablet,Electronics,1,287.62,0.0,287.62,Debit Card,No
T01889,C1122,2025-10-11,Speaker,Electronics,2,277.53,0.2,444.04,Debit Card,No
T01890,C0064,2025-05-06,Phone,Electronics,1,483.74,0.0,483.74,Debit Card,No
T01891,C0018,2025-12-31,Mouse,Electronics,3,76.76,0.1,207.24,Debit Card,No
T01892,C0710,2025-08-24,Laptop,Electronics,1,1293.61,0.0,1293.61,Debit Card,No
T01893,C0203,2025-08-19,Keyboard,Electronics,3,92.64,0.0,277.91,Debit Card,No
T01894,C1009,2024-07-26,Phone,Electronics,2,283.48,0.05,538.61,Mobile Payment,No
T01895,C0323,2024-07-10,Mouse,Electronics,1,95.72,0.05,90.94,Credit Card,No
T01896,C0672,2024-07-08,Mouse,Electronics,1,21.16,0.0,21.16,Credit Card,No
T01897,C0300,2024-07-12,Speaker,Electronics,1,130.51,0.0,130.51,Credit Card,No
T01898,C0830,2025-06-01,Keyboard,Electronics,1,117.45,0.0,117.45,PayPal,No
T01899,C0177,2025-12-31,Headphones,Electronics,1,52.33,0.1,47.1,Credit Card,No
T01900,C0036,2025-12-31,Phone,Electronics,1,794.83,0.1,715.35,Debit Card,No
T01901,C0080,2025-01-03,Mouse,Electronics,1,32.29,0.1,29.06,Mobile Payment,No
T01902,C1436,2025-07-25,Phone,Electronics,1,890.9,0.0,890.9,Credit Card,No
T01903,C0220,2025-08-09,Smartwatch,Electronics,1,325.77,0.0,325.77,Debit Card,No
T01904,C1085,2025-03-15,Tablet,Electronics,2,464.14,0.2,742.63,Debit Card,No
T01905,C0105,2025-04-16,Monitor,Electronics,2,447.0,0.0,894.01,Credit Card,No
T01906,C0169,2025-07-28,Keyboard,Electronics,3,107.71,0.0,323.13,Credit Card,No
T01907,C0772,2025-01-04,Headphones,Electronics,1,104.31,0.1,93.88,Mobile Payment,No
T01908,C0719,2024-08-29,Mouse,Electronics,1,44.9,0.0,44.9,Mobile Payment,No
T01909,C1432,2025-02-11,Tablet,Electronics,1,599.08,0.0,599.08,Mobile Payment,No
T01910,C1425,2025-10-12,Laptop,Electronics,2,1103.63,0.0,2207.27,Debit Card,No
T01911,C1199,2025-08-15,Speaker,Electronics,1,254.06,0.0,254.06,PayPal,No
T01912,C0909,2025-05-13,Tablet,Electronics,1,421.61,0.0,421.61,Mobile Payment,No
T01913,C0704,2024-10-06,Mouse,Electronics,2,41.1,0.0,82.19,PayPal,No
T01914,C0543,2024-11-14,Monitor,Electronics,2,191.29,0.0,382.58,Mobile Payment,No
T01915,C1427,2025-12-31,Mouse,Electronics,1,42.51,0.0,42.51,Debit Card,No
T01916,C0911,2025-12-31,Phone,Electronics,1,822.08,0.15,698.76,PayPal,No
T01917,C0879,2024-02-22,Monitor,Electronics,1,470.38,0.1,423.34,Debit Card,No
T01918,C0346,2025-12-31,Headphones,Electronics,3,179.31,0.1,484.13,Mobile Payment,Yes
T01919,C0073,2025-12-31,Monitor,Electronics,1,498.05,0.05,473.14,Mobile Payment,No
T01920,C1426,2025-06-30,Speaker,Electronics,3,71.19,0.05,202.9,Credit Card,No
T01921,C0483,2025-12-24,Phone,Electronics,4,353.26,0.0,1413.04,Credit Card,Yes
T01922,C0690,2025-05-12,Smartwatch,Electronics,2,152.0,0.0,304.0,Debit Card,No
T01923,C0173,2025-11-07,Headphones,Electronics,2,87.2,0.0,174.39,Debit Card,No
T01924,C1285,2024-02-24,Tablet,Electronics,3,211.06,0.2,506.54,PayPal,No
T01925,C0039,2025-11-20,Tablet,Electronics,1,252.13,0.05,239.53,Credit Card,No
T01926,C1279,2025-05-08,Headphones,Electronics,1,192.68,0.2,154.15,Mobile Payment,No
T01927,C0216,2024-12-03,Headphones,Electronics,2,141.92,0.0,283.84,PayPal,No
T01928,C1354,2025-07-05,Tablet,Electronics,1,340.87,0.05,323.83,Mobile Payment,No
T01929,C1121,2025-01-27,Mouse,Electronics,1,59.75,0.1,53.78,Mobile Payment,No
T01930,C0254,2024-04-07,Laptop,Electronics,1,882.92,0.0,882.92,Mobile Payment,No
T01931,C0858,2024-05-15,Headphones,Electronics,1,140.93,0.05,133.88,PayPal,No
T01932,C0482,2025-05-30,Tablet,Electronics,1,215.08,0.0,215.08,PayPal,No
T01933,C0274,2025-11-14,Smartwatch,Electronics,1,321.77,0.0,321.77,Mobile Payment,No
T01934,C1308,2025-08-07,Phone,Electronics,1,406.29,0.05,385.98,Debit Card,No
T01935,C0626,2024-09-22,Speaker,Electronics,1,252.96,0.0,252.96,Debit Card,No
T01936,C0616,2025-11-02,Phone,Electronics,3,679.0,0.15,1731.45,Mobile Payment,Yes
T01937,C0261,2025-05-28,Headphones,Electronics,1,129.37,0.0,129.37,Credit Card,No
T01938,C0591,2025-07-11,Phone,Electronics,1,854.37,0.0,854.37,Mobile Payment,No
T01939,C1326,2025-07-17,Tablet,Electronics,1,253.7,0.0,253.7,PayPal,No
T01940,C0557,2025-05-19,Smartwatch,Electronics,4,94.59,0.1,340.53,Debit Card,No
T01941,C1432,2025-12-31,Monitor,Electronics,1,294.84,0.1,265.35,Debit Card,No
T01942,C1426,2025-03-04,Phone,Electronics,1,789.64,0.0,789.64,PayPal,No
T01943,C0223,2025-05-28,Laptop,Electronics,1,724.64,0.1,652.18,Credit Card,Yes
T01944,C0271,2024-12-05,Phone,Electronics,1,405.61,0.0,405.61,PayPal,No
T01945,C1314,2025-12-31,Speaker,Electronics,1,150.42,0.0,150.42,Mobile Payment,No
T01946,C0606,2024-11-18,Camera,Electronics,2,941.65,0.1,1694.96,Mobile Payment,No
T01947,C0005,2024-03-28,Headphones,Electronics,1,86.87,0.1,78.18,PayPal,No
T01948,C0421,2025-12-31,Monitor,Electronics,1,351.65,0.0,351.65,Debit Card,No
T01949,C0904,2024-12-03,Camera,Electronics,1,603.17,0.0,603.17,Debit Card,No
T01950,C1225,2025-03-11,Keyboard,Electronics,1,39.27,0.1,35.34,Credit Card,No
T01951,C0204,2025-02-10,Camera,Electronics,1,964.81,0.0,964.81,Mobile Payment,No
T01952,C0172,2025-07-04,Monitor,Electronics,1,357.62,0.1,321.86,PayPal,No
T01953,C1394,2025-07-10,Phone,Electronics,2,778.13,0.05,1478.45,Credit Card,No
T01954,C1151,2025-12-31,Mouse,Electronics,1,74.05,0.05,70.35,PayPal,No
T01955,C0894,2025-04-05,Monitor,Electronics,2,176.02,0.05,334.43,Credit Card,No
T01956,C1179,2025-12-31,Mouse,Electronics,1,57.51,0.05,54.63,Credit Card,No
T01957,C0664,2024-06-24,Phone,Electronics,2,894.06,0.0,1788.11,Credit Card,No
T01958,C1159,2025-06-21,Mouse,Electronics,1,41.17,0.0,41.17,Credit Card,No
T01959,C0572,2025-12-31,Headphones,Electronics,1,123.66,0.05,117.48,Debit Card,No
T01960,C0367,2025-12-31,Headphones,Electronics,3,153.89,0.0,461.66,Mobile Payment,No
T01961,C1119,2025-04-08,Mouse,Electronics,1,32.19,0.0,32.19,Credit Card,No
T01962,C0648,2024-10-27,Keyboard,Electronics,1,133.89,0.0,133.89,Mobile Payment,No
T01963,C1475,2024-07-14,Mouse,Electronics,3,71.08,0.0,213.24,Credit Card,No
T01964,C0532,2024-10-08,Speaker,Electronics,1,137.49,0.0,137.49,Credit Card,No
T01965,C1394,2025-01-23,Mouse,Electronics,2,39.18,0.0,78.35,PayPal,No
T01966,C1409,2025-04-29,Mouse,Electronics,1,93.12,0.15,79.16,PayPal,No
T01967,C0363,2024-08-09,Keyboard,Electronics,1,44.69,0.05,42.45,Debit Card,No
T01968,C1224,2025-10-25,Headphones,Electronics,1,112.09,0.0,112.09,Debit Card,No
T01969,C0672,2025-05-29,Camera,Electronics,2,990.29,0.05,1881.54,PayPal,No
T01970,C1388,2024-09-23,Headphones,Electronics,1,58.15,0.0,58.15,PayPal,No
T01971,C0698,2024-12-03,Mouse,Electronics,1,94.3,0.15,80.15,Credit Card,No
T01972,C1140,2025-08-02,Tablet,Electronics,1,427.34,0.1,384.6,Credit Card,No
T01973,C0722,2025-12-31,Phone,Electronics,1,578.13,0.0,578.13,Credit Card,No
T01974,C0341,2025-08-11,Phone,Electronics,3,525.78,0.0,1577.34,Credit Card,No
T01975,C0302,2025-02-27,Mouse,Electronics,1,88.73,0.0,88.73,Mobile Payment,No
T01976,C0655,2025-10-24,Tablet,Electronics,4,625.77,0.0,2503.07,Credit Card,No
T01977,C1154,2024-11-29,Tablet,Electronics,1,358.63,0.0,358.63,PayPal,No
T01978,C0916,2025-12-10,Keyboard,Electronics,1,109.07,0.0,109.07,Mobile Payment,No
T01979,C1047,2025-06-26,Laptop,Electronics,1,920.8,0.0,920.8,Mobile Payment,No
T01980,C0430,2024-11-22,Tablet,Electronics,2,352.97,0.0,705.94,Credit Card,No
T01981,C0741,2025-12-31,Headphones,Electronics,1,35.38,0.15,30.08,Mobile Payment,No
T01982,C0070,2024-12-16,Mouse,Electronics,3,81.8,0.0,245.41,Mobile Payment,Yes
T01983,C1256,2025-08-08,Keyboard,Electronics,1,175.25,0.0,175.25,PayPal,Yes
T01984,C1485,2025-12-31,Camera,Electronics,2,992.57,0.0,1985.15,PayPal,No
T01985,C0631,2024-09-22,Headphones,Electronics,2,128.46,0.0,256.92,PayPal,No
T01986,C0018,2025-12-29,Tablet,Electronics,1,568.93,0.15,483.59,Mobile Payment,No
T01987,C0260,2025-12-23,Laptop,Electronics,1,1300.52,0.0,1300.52,Debit Card,No
T01988,C0993,2024-12-28,Speaker,Electronics,2,181.58,0.0,363.15,Debit Card,No
T01989,C0927,2024-08-16,Monitor,Electronics,1,571.72,0.05,543.13,Mobile Payment,No
T01990,C1209,2024-06-07,Monitor,Electronics,1,163.58,0.05,155.4,Credit Card,No
T01991,C0384,2025-12-31,Speaker,Electronics,1,42.62,0.0,42.62,PayPal,No
T01992,C1168,2025-10-18,Tablet,Electronics,1,218.29,0.05,207.37,PayPal,No
T01993,C1045,2024-11-26,Headphones,Electronics,1,40.99,0.1,36.89,PayPal,No
T01994,C0496,2025-12-31,Mouse,Electronics,1,51.09,0.15,43.43,PayPal,No
T01995,C0826,2025-09-06,Smartwatch,Electronics,1,332.69,0.05,316.06,Credit Card,No
T01996,C0228,2025-02-14,Mouse,Electronics,1,72.39,0.0,72.39,Credit Card,No
T01997,C0701,2025-12-31,Smartwatch,Electronics,1,251.24,0.0,251.24,Credit Card,No
T01998,C1344,2025-04-04,Keyboard,Electronics,1,84.66,0.05,80.42,Mobile Payment,No
T01999,C0649,2025-01-22,Camera,Electronics,1,780.39,0.05,741.37,PayPal,No
T02000,C1288,2024-11-19,Keyboard,Electronics,2,72.15,0.0,144.29,Credit Card,No
T02001,C0894,2025-12-31,Phone,Electronics,3,586.59,0.0,1759.78,Debit Card,No
T02002,C0292,2025-12-31,Keyboard,Electronics,4,140.73,0.2,450.34,Debit Card,No
T02003,C0880,2024-05-21,Mouse,Electronics,1,62.49,0.1,56.24,Credit Card,No
T02004,C0767,2024-06-17,Mouse,Electronics,1,50.6,0.0,50.6,Mobile Payment,No
T02005,C0617,2025-12-31,Tablet,Electronics,2,577.11,0.0,1154.23,PayPal,No
T02006,C0181,2025-11-14,Laptop,Electronics,2,901.21,0.15,1532.06,Debit Card,Yes
T02007,C0644,2025-11-02,Tablet,Electronics,1,406.3,0.05,385.98,Debit Card,No
T02008,C0112,2025-12-31,Speaker,Electronics,2,294.32,0.0,588.64,Debit Card,No
T02009,C0154,2024-02-07,Phone,Electronics,1,878.76,0.0,878.76,Debit Card,No
T02010,C0643,2024-11-30,Monitor,Electronics,3,152.83,0.0,458.48,PayPal,No
T02011,C0471,2025-02-13,Mouse,Electronics,2,60.24,0.0,120.48,Mobile Payment,No
T02012,C1397,2025-07-29,Camera,Electronics,1,603.23,0.0,603.23,PayPal,No
T02013,C0581,2025-05-17,Smartwatch,Electronics,1,144.45,0.1,130.01,Credit Card,No
T02014,C1157,2025-08-09,Speaker,Electronics,1,195.03,0.05,185.27,PayPal,No
T02015,C0804,2025-12-31,Keyboard,Electronics,1,94.18,0.05,89.47,Debit Card,No
T02016,C1072,2025-03-24,Camera,Electronics,1,959.56,0.05,911.58,PayPal,No
T02017,C0392,2025-07-08,Tablet,Electronics,3,192.75,0.0,578.26,Credit Card,Yes
T02018,C1421,2024-06-18,Headphones,Electronics,2,206.11,0.0,412.22,Credit Card,No
T02019,C0804,2025-07-11,Camera,Electronics,2,810.83,0.0,1621.67,Credit Card,No
T02020,C1276,2025-12-31,Tablet,Electronics,2,501.51,0.15,852.57,Debit Card,No
T02021,C0560,2025-08-08,Camera,Electronics,1,844.13,0.0,844.13,PayPal,No
T02022,C0154,2024-01-03,Headphones,Electronics,2,217.94,0.0,435.87,Debit Card,No
T02023,C1026,2024-09-21,Headphones,Electronics,1,217.4,0.0,217.4,Credit Card,Yes
T02024,C0014,2024-06-10,Tablet,Electronics,2,466.65,0.2,746.64,Mobile Payment,Yes
T02025,C0733,2025-08-13,Keyboard,Electronics,1,131.01,0.1,117.91,Mobile Payment,No
T02026,C0293,2025-12-31,Phone,Electronics,2,652.07,0.1,1173.73,PayPal,No
T02027,C0951,2025-12-17,Laptop,Electronics,2,917.48,0.0,1834.95,Debit Card,No
T02028,C1473,2025-04-03,Camera,Electronics,1,473.35,0.0,473.35,Mobile Payment,No
T02029,C0718,2025-12-31,Speaker,Electronics,1,144.72,0.0,144.72,PayPal,No
T02030,C1256,2024-09-15,Laptop,Electronics,3,1177.93,0.1,3180.41,PayPal,No
T02031,C0770,2024-12-23,Keyboard,Electronics,1,33.68,0.0,33.68,Mobile Payment,No
T02032,C0761,2025-01-28,Keyboard,Electronics,1,104.72,0.15,89.01,Debit Card,No
T02033,C1405,2025-12-31,Headphones,Electronics,1,107.6,0.0,107.6,Credit Card,No
T02034,C1359,2024-11-25,Keyboard,Electronics,2,106.76,0.05,202.84,Mobile Payment,No
T02035,C1206,2025-12-31,Monitor,Electronics,2,537.1,0.0,1074.2,Mobile Payment,No
T02036,C0455,2025-12-31,Monitor,Electronics,2,171.42,0.15,291.42,Mobile Payment,No
T02037,C0824,2025-01-11,Smartwatch,Electronics,1,281.45,0.0,281.45,Mobile Payment,No
T02038,C0336,2025-07-18,Monitor,Electronics,3,450.11,0.05,1282.81,Debit Card,No
T02039,C0694,2025-07-23,Tablet,Electronics,1,275.81,0.0,275.81,Mobile Payment,No
T02040,C0744,2025-10-16,Keyboard,Electronics,4,138.8,0.0,555.19,Mobile Payment,No
T02041,C1277,2025-12-31,Mouse,Electronics,3,57.19,0.2,137.26,Debit Card,Yes
T02042,C1367,2025-12-31,Mouse,Electronics,1,55.89,0.0,55.89,PayPal,No
T02043,C0642,2025-02-21,Keyboard,Electronics,1,99.88,0.0,99.88,PayPal,No
T02044,C0028,2025-12-31,Mouse,Electronics,1,95.68,0.05,90.9,Credit Card,No
T02045,C1312,2025-11-30,Tablet,Electronics,1,623.85,0.15,530.27,Debit Card,No
T02046,C0268,2025-01-29,Headphones,Electronics,2,203.59,0.0,407.17,Credit Card,No
T02047,C0943,2024-09-19,Mouse,Electronics,1,90.37,0.0,90.37,Debit Card,No
T02048,C0037,2025-05-21,Smartwatch,Electronics,1,70.9,0.2,56.72,Credit Card,No
T02049,C0619,2025-12-31,Headphones,Electronics,2,106.11,0.1,191.0,Debit Card,No
T02050,C1480,2025-07-16,Headphones,Electronics,1,200.03,0.1,180.02,Debit Card,No
T02051,C0155,2025-07-11,Mouse,Electronics,1,79.19,0.1,71.27,PayPal,No
T02052,C0652,2025-10-13,Phone,Electronics,2,546.83,0.0,1093.66,Debit Card,No
T02053,C0474,2025-12-31,Laptop,Electronics,1,1241.28,0.0,1241.28,Debit Card,No
T02054,C1376,2025-07-16,Monitor,Electronics,2,243.68,0.0,487.37,Mobile Payment,No
T02055,C1321,2025-12-31,Phone,Electronics,2,639.87,0.0,1279.74,Debit Card,Yes
T02056,C0354,2025-10-09,Headphones,Electronics,2,131.27,0.0,262.54,Credit Card,No
T02057,C0128,2025-11-09,Tablet,Electronics,1,449.57,0.0,449.57,Credit Card,No
T02058,C0950,2025-08-17,Smartwatch,Electronics,1,269.32,0.0,269.32,Debit Card,No
T02059,C0513,2025-12-30,Headphones,Electronics,1,210.46,0.0,210.46,Credit Card,No
T02060,C1024,2025-02-17,Mouse,Electronics,1,37.44,0.05,35.57,Mobile Payment,No
T02061,C0046,2025-08-10,Mouse,Electronics,2,79.43,0.0,158.87,PayPal,No
T02062,C0204,2025-12-31,Monitor,Electronics,1,440.31,0.1,396.28,Credit Card,No
T02063,C1042,2024-12-27,Phone,Electronics,1,701.84,0.1,631.66,Credit Card,No
T02064,C0321,2025-02-23,Mouse,Electronics,1,51.46,0.05,48.89,Debit Card,Yes
T02065,C1305,2024-12-05,Laptop,Electronics,1,1361.21,0.0,1361.21,Credit Card,No
T02066,C0091,2025-05-07,Phone,Electronics,1,561.78,0.0,561.78,Credit Card,No
T02067,C0326,2024-10-05,Phone,Electronics,1,329.03,0.0,329.03,Mobile Payment,No
T02068,C1497,2024-06-10,Tablet,Electronics,2,499.93,0.0,999.85,Debit Card,No
T02069,C0672,2024-04-07,Camera,Electronics,1,415.98,0.05,395.18,Mobile Payment,No
T02070,C1071,2024-10-09,Mouse,Electronics,1,42.43,0.05,40.31,Debit Card,No
T02071,C0279,2025-11-07,Headphones,Electronics,1,73.32,0.0,73.32,Debit Card,Yes
T02072,C0922,2025-12-31,Speaker,Electronics,1,180.12,0.0,180.12,Mobile Payment,No
T02073,C1114,2024-10-15,Tablet,Electronics,2,343.33,0.0,686.65,PayPal,No
T02074,C0483,2025-12-31,Keyboard,Electronics,2,49.78,0.15,84.62,PayPal,No
T02075,C1271,2025-06-20,Camera,Electronics,1,1011.73,0.2,809.39,PayPal,No
T02076,C0912,2024-09-28,Smartwatch,Electronics,2,195.86,0.1,352.55,Debit Card,No
T02077,C0604,2025-09-26,Phone,Electronics,3,545.39,0.1,1472.56,Mobile Payment,No
T02078,C0844,2025-11-11,Mouse,Electronics,1,90.34,0.0,90.34,Mobile Payment,No
T02079,C0875,2025-02-27,Tablet,Electronics,1,433.25,0.05,411.59,PayPal,No
T02080,C0255,2025-02-11,Headphones,Electronics,1,164.88,0.0,164.88,PayPal,No
T02081,C0624,2025-04-18,Monitor,Electronics,1,297.63,0.1,267.87,Credit Card,No
T02082,C0525,2025-12-31,Smartwatch,Electronics,1,222.77,0.0,222.77,Debit Card,No
T02083,C0622,2024-11-23,Phone,Electronics,1,722.17,0.0,722.17,Debit Card,No
T02084,C1165,2025-12-31,Phone,Electronics,1,442.71,0.1,398.44,Credit Card,No
T02085,C0742,2025-04-03,Phone,Electronics,2,697.55,0.2,1116.08,PayPal,No
T02086,C1418,2025-11-19,Phone,Electronics,1,619.7,0.05,588.71,Credit Card,No
T02087,C0452,2025-05-30,Laptop,Electronics,3,1003.94,0.0,3011.81,Debit Card,No
T02088,C0643,2024-03-30,Speaker,Electronics,1,225.37,0.05,214.1,Mobile Payment,No
T02089,C1207,2025-01-20,Tablet,Electronics,2,328.95,0.05,625.0,Debit Card,No
T02090,C0828,2025-12-30,Phone,Electronics,1,714.43,0.2,571.54,PayPal,No
T02091,C0828,2025-01-29,Mouse,Electronics,2,61.84,0.1,111.32,Debit Card,No
T02092,C0083,2025-02-14,Smartwatch,Electronics,2,131.23,0.0,262.45,Credit Card,No
T02093,C0617,2025-12-31,Smartwatch,Electronics,1,253.8,0.0,253.8,PayPal,No
T02094,C0414,2025-12-31,Mouse,Electronics,1,90.2,0.1,81.18,Credit Card,No
T02095,C1499,2025-02-03,Laptop,Electronics,2,917.01,0.2,1467.22,Credit Card,No
T02096,C0475,2025-12-31,Smartwatch,Electronics,1,295.58,0.0,295.58,Debit Card,No
T02097,C1350,2025-02-17,Monitor,Electronics,3,301.26,0.05,858.59,PayPal,Yes
T02098,C1028,2025-12-31,Mouse,Electronics,1,84.8,0.0,84.8,PayPal,Yes
T02099,C0522,2025-12-31,Speaker,Electronics,1,53.3,0.0,53.3,Credit Card,No
T02100,C0823,2024-11-27,Smartwatch,Electronics,1,62.09,0.1,55.88,Mobile Payment,No
T02101,C1289,2024-07-24,Smartwatch,Electronics,1,92.85,0.1,83.56,Credit Card,No
T02102,C1348,2024-05-27,Phone,Electronics,1,818.06,0.0,818.06,PayPal,No
T02103,C0247,2024-05-13,Monitor,Electronics,2,390.17,0.0,780.35,PayPal,No
T02104,C0520,2025-12-31,Speaker,Electronics,2,194.47,0.2,311.15,Mobile Payment,No
T02105,C0512,2025-05-02,Keyboard,Electronics,2,155.54,0.05,295.53,Debit Card,No
T02106,C0063,2025-10-06,Phone,Electronics,1,282.92,0.1,254.63,Mobile Payment,No
T02107,C0904,2024-12-31,Mouse,Electronics,2,47.9,0.0,95.81,Credit Card,No
T02108,C1302,2025-05-29,Laptop,Electronics,1,1150.16,0.0,1150.16,Debit Card,No
T02109,C0588,2025-01-11,Mouse,Electronics,1,49.4,0.05,46.93,Debit Card,No
T02110,C1134,2025-09-11,Camera,Electronics,1,328.92,0.1,296.03,Debit Card,No
T02111,C0952,2025-05-31,Headphones,Electronics,2,153.68,0.0,307.36,Credit Card,No
T02112,C0581,2025-11-28,Headphones,Electronics,2,104.37,0.05,198.3,PayPal,No
T02113,C0218,2025-02-14,Tablet,Electronics,1,189.03,0.1,170.13,Debit Card,No
T02114,C1086,2024-07-24,Camera,Electronics,1,453.47,0.1,408.12,Debit Card,No
T02115,C1302,2025-08-06,Keyboard,Electronics,1,58.73,0.0,58.73,Credit Card,No
T02116,C1042,2025-01-27,Keyboard,Electronics,1,104.15,0.0,104.15,Mobile Payment,No
T02117,C0028,2025-12-31,Mouse,Electronics,1,30.84,0.0,30.84,Debit Card,No
T02118,C0327,2025-12-31,Tablet,Electronics,1,349.82,0.0,349.82,Credit Card,No
T02119,C0106,2025-12-30,Headphones,Electronics,1,172.63,0.05,164.0,Debit Card,No
T02120,C0864,2025-04-28,Mouse,Electronics,1,83.66,0.15,71.11,PayPal,No
T02121,C1154,2025-07-05,Speaker,Electronics,1,246.81,0.0,246.81,PayPal,No
T02122,C0172,2024-11-11,Laptop,Electronics,1,1186.56,0.2,949.25,Mobile Payment,No
T02123,C1288,2024-06-07,Laptop,Electronics,1,1079.27,0.0,1079.27,Mobile Payment,No
T02124,C0840,2025-01-15,Headphones,Electronics,1,134.62,0.0,134.62,Mobile Payment,No
T02125,C1050,2025-10-20,Mouse,Electronics,2,96.04,0.0,192.08,Debit Card,No
T02126,C1461,2025-04-16,Headphones,Electronics,2,196.8,0.2,314.87,PayPal,No
T02127,C0133,2025-12-31,Speaker,Electronics,1,208.94,0.05,198.5,Debit Card,No
T02128,C1374,2025-02-05,Phone,Electronics,1,554.52,0.0,554.52,PayPal,No
T02129,C0192,2025-12-31,Laptop,Electronics,2,1210.35,0.0,2420.7,Credit Card,No
T02130,C0606,2025-02-11,Phone,Electronics,2,290.77,0.15,494.3,Credit Card,No
T02131,C1299,2025-12-31,Camera,Electronics,1,1150.15,0.15,977.63,Debit Card,No
T02132,C1377,2025-02-07,Phone,Electronics,2,605.93,0.0,1211.85,Debit Card,No
T02133,C0768,2024-11-04,Monitor,Electronics,3,376.26,0.0,1128.77,Credit Card,No
T02134,C0901,2024-10-16,Headphones,Electronics,1,85.26,0.1,76.73,Credit Card,No
T02135,C1084,2025-12-04,Mouse,Electronics,3,15.29,0.15,38.98,PayPal,No
T02136,C1278,2025-08-18,Laptop,Electronics,1,742.87,0.1,668.58,Debit Card,No
T02137,C0184,2025-12-31,Mouse,Electronics,1,37.36,0.15,31.75,PayPal,No
T02138,C1242,2025-01-25,Headphones,Electronics,1,132.89,0.05,126.25,Credit Card,Yes
T02139,C0741,2025-12-31,Speaker,Electronics,1,61.73,0.1,55.56,Mobile Payment,No
T02140,C0699,2025-12-31,Camera,Electronics,3,1174.85,0.15,2995.86,Debit Card,No
T02141,C0652,2025-04-19,Headphones,Electronics,1,108.08,0.15,91.87,Debit Card,No
T02142,C0772,2024-12-30,Speaker,Electronics,1,122.24,0.05,116.13,Debit Card,Yes
T02143,C1426,2025-01-06,Laptop,Electronics,1,1067.64,0.1,960.87,PayPal,No
T02144,C0828,2025-09-19,Smartwatch,Electronics,4,78.85,0.05,299.62,Debit Card,No
T02145,C1434,2025-12-31,Headphones,Electronics,1,191.59,0.1,172.43,Credit Card,No
T02146,C0276,2025-05-17,Headphones,Electronics,1,117.45,0.0,117.45,PayPal,No
T02147,C1112,2025-12-31,Phone,Electronics,1,365.92,0.0,365.92,Credit Card,No
T02148,C1246,2025-12-31,Monitor,Electronics,2,222.78,0.0,445.56,Debit Card,No
T02149,C1033,2024-11-18,Phone,Electronics,1,484.62,0.1,436.16,PayPal,No
T02150,C0919,2025-04-19,Keyboard,Electronics,1,113.87,0.0,113.87,Mobile Payment,No
T02151,C0855,2025-06-21,Tablet,Electronics,1,375.95,0.0,375.95,Credit Card,No
T02152,C1311,2025-07-07,Mouse,Electronics,1,65.73,0.0,65.73,Debit Card,No
T02153,C1262,2025-02-09,Keyboard,Electronics,1,134.35,0.1,120.91,Mobile Payment,No
T02154,C0185,2025-04-12,Mouse,Electronics,3,78.62,0.0,235.86,Credit Card,No
T02155,C1294,2025-12-31,Mouse,Electronics,2,49.08,0.1,88.35,Credit Card,No
T02156,C0641,2025-06-13,Phone,Electronics,4,716.05,0.05,2721.0,PayPal,No
T02157,C0383,2025-12-31,Laptop,Electronics,1,799.05,0.15,679.2,Credit Card,No
T02158,C1322,2025-08-16,Headphones,Electronics,1,127.49,0.15,108.37,Mobile Payment,No
T02159,C0671,2025-08-22,Speaker,Electronics,1,58.85,0.1,52.97,PayPal,No
T02160,C1239,2025-10-20,Keyboard,Electronics,1,62.84,0.0,62.84,Credit Card,No
T02161,C0398,2025-12-31,Mouse,Electronics,3,64.57,0.0,193.71,PayPal,No
T02162,C0005,2024-07-14,Camera,Electronics,4,966.38,0.0,3865.51,Credit Card,No
T02163,C0761,2025-07-05,Speaker,Electronics,2,64.78,0.0,129.56,Mobile Payment,No
T02164,C0155,2024-12-24,Monitor,Electronics,1,243.18,0.05,231.02,Credit Card,No
T02165,C1152,2025-06-19,Keyboard,Electronics,2,178.74,0.0,357.49,PayPal,No
T02166,C0426,2024-06-04,Camera,Electronics,1,603.89,0.0,603.89,Credit Card,No
T02167,C0693,2024-09-07,Smartwatch,Electronics,2,142.37,0.0,284.74,Debit Card,No
T02168,C0140,2025-07-06,Mouse,Electronics,1,22.25,0.1,20.02,Mobile Payment,No
T02169,C0439,2025-09-12,Keyboard,Electronics,1,132.7,0.0,132.7,Credit Card,No
T02170,C1200,2025-12-31,Keyboard,Electronics,1,103.78,0.0,103.78,Debit Card,Yes
T02171,C0236,2025-12-31,Headphones,Electronics,2,59.93,0.05,113.88,PayPal,No
T02172,C0987,2024-06-12,Camera,Electronics,1,869.61,0.05,826.13,Debit Card,No
T02173,C1388,2024-02-22,Keyboard,Electronics,1,106.49,0.05,101.17,PayPal,No
T02174,C1033,2025-11-19,Phone,Electronics,3,617.21,0.0,1851.64,Mobile Payment,No
T02175,C1245,2025-04-13,Tablet,Electronics,1,647.58,0.05,615.2,PayPal,No
T02176,C0171,2025-10-25,Camera,Electronics,1,325.75,0.05,309.46,Debit Card,No
T02177,C0376,2025-12-09,Keyboard,Electronics,1,166.82,0.1,150.14,Debit Card,No
T02178,C1366,2025-12-14,Headphones,Electronics,1,189.96,0.1,170.96,PayPal,No
T02179,C1095,2025-06-16,Phone,Electronics,1,519.97,0.0,519.97,Credit Card,No
T02180,C0971,2025-06-26,Keyboard,Electronics,1,161.55,0.05,153.47,Mobile Payment,No
T02181,C1009,2025-05-25,Phone,Electronics,1,671.56,0.05,637.99,Credit Card,No
T02182,C0641,2025-05-13,Monitor,Electronics,1,550.21,0.05,522.7,Credit Card,No
T02183,C0071,2025-08-21,Mouse,Electronics,1,65.55,0.05,62.27,Mobile Payment,No
T02184,C1204,2025-02-16,Keyboard,Electronics,1,58.5,0.0,58.5,Debit Card,No
T02185,C1033,2025-04-17,Speaker,Electronics,3,189.82,0.0,569.45,Credit Card,No
T02186,C0729,2025-04-22,Laptop,Electronics,3,825.34,0.05,2352.23,Debit Card,No
T02187,C1372,2024-09-15,Tablet,Electronics,1,246.19,0.1,221.57,PayPal,No
T02188,C0513,2025-09-18,Laptop,Electronics,2,1157.84,0.0,2315.69,Debit Card,No
T02189,C0453,2025-05-18,Phone,Electronics,2,865.86,0.0,1731.72,Mobile Payment,No
T02190,C1329,2024-05-17,Phone,Electronics,2,632.52,0.2,1012.04,Credit Card,No
T02191,C1222,2024-11-20,Mouse,Electronics,2,82.64,0.1,148.76,Credit Card,No
T02192,C0780,2024-04-07,Headphones,Electronics,1,61.99,0.0,61.99,Credit Card,No
T02193,C0202,2025-11-19,Speaker,Electronics,3,210.09,0.0,630.28,Debit Card,Yes
T02194,C0325,2024-10-29,Laptop,Electronics,1,1213.08,0.0,1213.08,Credit Card,No
T02195,C1001,2025-12-31,Mouse,Electronics,1,18.54,0.0,18.54,Debit Card,No
T02196,C0596,2025-12-31,Speaker,Electronics,2,65.26,0.15,110.95,Mobile Payment,Yes
T02197,C1284,2025-10-28,Phone,Electronics,3,758.03,0.05,2160.38,Mobile Payment,No
T02198,C1431,2025-09-19,Headphones,Electronics,1,113.59,0.1,102.23,Mobile Payment,No
T02199,C1236,2024-05-29,Mouse,Electronics,1,49.47,0.15,42.05,Mobile Payment,No
T02200,C0585,2025-07-15,Mouse,Electronics,1,93.23,0.05,88.57,Debit Card,No
T02201,C1210,2025-03-31,Keyboard,Electronics,3,178.75,0.0,536.26,Credit Card,No
T02202,C0536,2025-12-31,Tablet,Electronics,2,539.26,0.05,1024.6,PayPal,No
T02203,C0257,2024-08-04,Mouse,Electronics,1,82.37,0.1,74.13,PayPal,No
T02204,C0047,2025-01-02,Mouse,Electronics,1,32.71,0.0,32.71,Credit Card,No
T02205,C0599,2024-10-16,Phone,Electronics,1,374.95,0.15,318.7,Mobile Payment,No
T02206,C1375,2025-11-18,Speaker,Electronics,1,294.98,0.2,235.98,Debit Card,No
T02207,C0358,2025-12-31,Keyboard,Electronics,2,132.74,0.0,265.48,Mobile Payment,No
T02208,C0311,2025-07-11,Monitor,Electronics,1,459.02,0.0,459.02,Credit Card,No
T02209,C1459,2025-08-25,Camera,Electronics,1,557.57,0.05,529.69,Credit Card,No
T02210,C0037,2024-09-27,Mouse,Electronics,1,90.35,0.05,85.83,Debit Card,No
T02211,C1206,2025-04-04,Laptop,Electronics,2,731.11,0.0,1462.22,Credit Card,No
T02212,C0493,2025-06-01,Monitor,Electronics,1,273.57,0.0,273.57,Mobile Payment,No
T02213,C0054,2025-11-25,Smartwatch,Electronics,1,112.24,0.0,112.24,Mobile Payment,No
T02214,C1388,2024-05-08,Mouse,Electronics,1,75.44,0.0,75.44,Debit Card,No
T02215,C0215,2025-09-07,Speaker,Electronics,1,225.99,0.0,225.99,Mobile Payment,No
T02216,C0833,2025-04-12,Laptop,Electronics,2,1074.31,0.2,1718.9,Credit Card,No
T02217,C0421,2025-07-16,Tablet,Electronics,4,182.47,0.05,693.39,PayPal,No
T02218,C0104,2025-12-31,Keyboard,Electronics,1,160.43,0.0,160.43,Credit Card,No
T02219,C0078,2025-09-09,Keyboard,Electronics,2,173.12,0.05,328.92,Debit Card,No
T02220,C0174,2025-09-05,Tablet,Electronics,1,275.09,0.0,275.09,Credit Card,No
T02221,C0109,2025-04-12,Smartwatch,Electronics,1,304.25,0.0,304.25,Debit Card,No
T02222,C1164,2025-12-31,Phone,Electronics,3,882.64,0.15,2250.72,Debit Card,No
T02223,C0746,2024-01-25,Laptop,Electronics,1,928.88,0.0,928.88,Debit Card,No
T02224,C0525,2025-04-07,Speaker,Electronics,1,88.11,0.0,88.11,Debit Card,Yes
T02225,C0645,2025-06-24,Headphones,Electronics,3,215.73,0.0,647.2,PayPal,Yes
T02226,C1404,2025-10-17,Speaker,Electronics,1,55.53,0.15,47.2,Credit Card,Yes
T02227,C1382,2025-02-15,Tablet,Electronics,2,309.7,0.1,557.46,Credit Card,No
T02228,C1097,2024-12-21,Laptop,Electronics,1,1219.42,0.15,1036.51,PayPal,No
T02229,C1350,2025-06-04,Smartwatch,Electronics,1,239.03,0.15,203.18,Debit Card,No
T02230,C0490,2024-06-09,Camera,Electronics,1,916.06,0.0,916.06,Credit Card,No
T02231,C0588,2025-03-13,Monitor,Electronics,1,468.64,0.05,445.21,PayPal,No
T02232,C0928,2024-11-16,Laptop,Electronics,2,1180.3,0.05,2242.57,Mobile Payment,Yes
T02233,C0946,2025-04-03,Mouse,Electronics,1,44.09,0.2,35.27,Debit Card,No
T02234,C0741,2025-08-07,Phone,Electronics,2,452.48,0.05,859.7,PayPal,No
T02235,C0622,2024-11-21,Camera,Electronics,1,685.62,0.1,617.06,Mobile Payment,No
T02236,C1480,2025-12-31,Tablet,Electronics,2,559.61,0.05,1063.26,Mobile Payment,No
T02237,C1261,2025-03-06,Camera,Electronics,3,1144.44,0.05,3261.67,Mobile Payment,No
T02238,C0675,2025-08-20,Headphones,Electronics,1,116.5,0.05,110.67,Mobile Payment,No
T02239,C1117,2025-07-12,Keyboard,Electronics,3,38.29,0.2,91.91,Mobile Payment,No
T02240,C0412,2025-07-03,Smartwatch,Electronics,1,332.11,0.15,282.29,Debit Card,No
T02241,C0154,2024-11-05,Laptop,Electronics,1,756.3,0.0,756.3,PayPal,No
T02242,C0536,2025-03-05,Smartwatch,Electronics,1,106.14,0.0,106.14,PayPal,No
T02243,C0625,2025-02-16,Phone,Electronics,1,813.99,0.0,813.99,Credit Card,No
T02244,C0027,2025-10-17,Headphones,Electronics,1,134.78,0.1,121.3,Credit Card,No
T02245,C1250,2025-04-26,Monitor,Electronics,3,308.71,0.0,926.13,PayPal,No
T02246,C0550,2025-12-31,Camera,Electronics,2,1137.82,0.0,2275.64,PayPal,No
T02247,C0880,2024-06-19,Laptop,Electronics,1,1372.35,0.0,1372.35,Mobile Payment,No
T02248,C0113,2025-10-21,Keyboard,Electronics,2,76.27,0.0,152.54,Credit Card,Yes
T02249,C0268,2024-12-13,Mouse,Electronics,1,88.82,0.15,75.49,Mobile Payment,No
T02250,C1359,2025-06-14,Tablet,Electronics,1,498.91,0.0,498.91,Credit Card,No
T02251,C0920,2024-08-28,Tablet,Electronics,2,309.01,0.2,494.42,Credit Card,No
T02252,C1431,2025-05-13,Monitor,Electronics,1,573.64,0.0,573.64,Debit Card,No
T02253,C1497,2025-03-30,Phone,Electronics,1,290.99,0.0,290.99,Mobile Payment,No
T02254,C0573,2024-12-07,Monitor,Electronics,1,293.07,0.0,293.07,Credit Card,No
T02255,C0461,2025-08-14,Smartwatch,Electronics,2,174.92,0.1,314.85,Credit Card,No
T02256,C1306,2025-06-11,Camera,Electronics,2,921.59,0.0,1843.18,Mobile Payment,No
T02257,C1497,2024-12-30,Headphones,Electronics,1,37.3,0.1,33.57,Credit Card,No
T02258,C0954,2025-05-22,Keyboard,Electronics,1,162.92,0.05,154.77,Debit Card,No
T02259,C1217,2025-07-02,Laptop,Electronics,1,1161.37,0.1,1045.23,Debit Card,No
T02260,C1201,2025-05-04,Keyboard,Electronics,1,67.63,0.1,60.87,Mobile Payment,No
T02261,C0542,2025-08-27,Speaker,Electronics,1,211.17,0.0,211.17,Mobile Payment,No
T02262,C0871,2024-11-15,Tablet,Electronics,1,432.35,0.0,432.35,Debit Card,No
T02263,C1278,2025-12-31,Keyboard,Electronics,2,77.12,0.0,154.25,Debit Card,No
T02264,C1045,2025-06-24,Smartwatch,Electronics,1,68.29,0.0,68.29,Mobile Payment,No
T02265,C0033,2025-11-19,Keyboard,Electronics,1,110.42,0.0,110.42,Credit Card,No
T02266,C0514,2024-04-12,Headphones,Electronics,1,45.61,0.0,45.61,Debit Card,No
T02267,C0222,2024-11-13,Phone,Electronics,1,776.61,0.0,776.61,Debit Card,No
T02268,C0347,2025-12-31,Monitor,Electronics,4,189.84,0.0,759.35,Mobile Payment,No
T02269,C1376,2024-11-15,Tablet,Electronics,2,381.51,0.15,648.56,PayPal,No
T02270,C0052,2025-04-28,Mouse,Electronics,1,51.94,0.05,49.34,Debit Card,No
T02271,C0329,2025-02-25,Headphones,Electronics,2,135.68,0.05,257.79,PayPal,No
T02272,C0477,2024-02-11,Camera,Electronics,2,335.56,0.05,637.56,Mobile Payment,No
T02273,C0932,2025-03-04,Phone,Electronics,2,382.49,0.05,726.73,Mobile Payment,No
T02274,C0809,2024-11-27,Headphones,Electronics,1,67.91,0.0,67.91,PayPal,No
T02275,C0328,2024-12-22,Keyboard,Electronics,3,117.84,0.15,300.49,Mobile Payment,No
T02276,C0253,2025-12-14,Phone,Electronics,2,421.36,0.0,842.73,Debit Card,No
T02277,C0352,2025-12-31,Keyboard,Electronics,1,47.35,0.0,47.35,PayPal,No
T02278,C0765,2025-09-10,Tablet,Electronics,1,188.63,0.0,188.63,Credit Card,No
T02279,C0415,2025-10-19,Phone,Electronics,1,796.35,0.0,796.35,PayPal,No
T02280,C1427,2025-12-31,Phone,Electronics,1,881.51,0.0,881.51,Credit Card,No
T02281,C0717,2024-11-26,Headphones,Electronics,3,163.62,0.0,490.86,Debit Card,No
T02282,C0091,2024-10-06,Speaker,Electronics,2,147.31,0.05,279.88,Credit Card,No
T02283,C1120,2024-12-22,Laptop,Electronics,1,785.41,0.0,785.41,Debit Card,No
T02284,C0503,2025-05-09,Camera,Electronics,1,727.59,0.0,727.59,Mobile Payment,No
T02285,C0995,2025-04-27,Headphones,Electronics,1,116.89,0.0,116.89,Credit Card,No
T02286,C0428,2025-05-12,Keyboard,Electronics,1,90.08,0.0,90.08,Debit Card,No
T02287,C0864,2025-12-31,Monitor,Electronics,1,320.24,0.1,288.21,Credit Card,No
T02288,C1183,2024-02-19,Speaker,Electronics,2,169.16,0.05,321.4,PayPal,No
T02289,C1402,2024-11-29,Smartwatch,Electronics,2,81.22,0.0,162.44,PayPal,No
T02290,C0393,2025-08-18,Speaker,Electronics,2,49.96,0.0,99.91,Credit Card,No
T02291,C0511,2025-06-14,Smartwatch,Electronics,2,78.55,0.05,149.24,Credit Card,No
T02292,C0718,2025-11-23,Tablet,Electronics,3,274.0,0.0,822.0,Credit Card,No
T02293,C1399,2024-05-12,Speaker,Electronics,2,112.3,0.0,224.6,PayPal,No
T02294,C1374,2025-04-15,Speaker,Electronics,2,84.06,0.0,168.12,Debit Card,No
T02295,C0144,2025-01-12,Phone,Electronics,2,413.75,0.0,827.49,Debit Card,No
T02296,C0203,2025-06-05,Speaker,Electronics,3,88.32,0.0,264.95,PayPal,No
T02297,C0761,2025-09-14,Mouse,Electronics,1,27.81,0.0,27.81,Debit Card,No
T02298,C0167,2025-12-31,Speaker,Electronics,2,116.18,0.2,185.88,PayPal,No
T02299,C0528,2025-04-17,Speaker,Electronics,1,143.35,0.15,121.85,Mobile Payment,No
T02300,C0230,2025-12-31,Camera,Electronics,1,969.84,0.0,969.84,Debit Card,No
T02301,C0964,2025-06-11,Camera,Electronics,1,1159.99,0.1,1044.0,PayPal,No
T02302,C1430,2025-11-06,Phone,Electronics,1,847.33,0.05,804.96,PayPal,No
T02303,C1495,2025-05-20,Phone,Electronics,1,559.36,0.0,559.36,Debit Card,No
T02304,C0580,2025-07-17,Phone,Electronics,2,549.87,0.0,1099.75,PayPal,No
T02305,C0906,2025-04-25,Phone,Electronics,1,331.7,0.0,331.7,Mobile Payment,No
T02306,C1303,2025-12-31,Headphones,Electronics,2,214.63,0.05,407.8,Mobile Payment,No
T02307,C0178,2025-10-21,Mouse,Electronics,4,79.61,0.0,318.43,Credit Card,No
T02308,C1049,2024-08-23,Headphones,Electronics,2,191.04,0.0,382.08,Mobile Payment,No
T02309,C0635,2025-09-26,Mouse,Electronics,1,34.9,0.1,31.41,Mobile Payment,No
T02310,C0310,2025-11-11,Smartwatch,Electronics,2,176.31,0.1,317.37,Mobile Payment,Yes
T02311,C0624,2024-03-06,Mouse,Electronics,1,23.72,0.15,20.17,Credit Card,No
T02312,C0116,2025-12-31,Monitor,Electronics,1,573.37,0.15,487.36,Debit Card,No
T02313,C1059,2025-01-10,Tablet,Electronics,1,314.34,0.15,267.19,Debit Card,No
T02314,C0382,2024-07-18,Phone,Electronics,4,637.41,0.0,2549.63,Debit Card,No
T02315,C0481,2025-12-31,Monitor,Electronics,2,218.5,0.05,415.15,Debit Card,No
T02316,C0184,2025-12-31,Mouse,Electronics,2,83.24,0.05,158.15,Mobile Payment,Yes
T02317,C1315,2025-01-30,Keyboard,Electronics,1,53.88,0.0,53.88,PayPal,No
T02318,C0758,2025-08-24,Mouse,Electronics,1,83.8,0.2,67.04,Debit Card,No
T02319,C0866,2025-01-02,Headphones,Electronics,4,106.33,0.0,425.34,Debit Card,No
T02320,C0862,2025-08-16,Laptop,Electronics,1,1104.43,0.05,1049.21,Debit Card,No
T02321,C0636,2025-07-05,Smartwatch,Electronics,1,138.22,0.1,124.39,Debit Card,No
T02322,C0292,2025-06-20,Phone,Electronics,1,823.8,0.0,823.8,Credit Card,No
T02323,C1142,2025-09-15,Keyboard,Electronics,1,142.78,0.05,135.64,Debit Card,No
T02324,C0195,2025-09-08,Smartwatch,Electronics,1,162.74,0.05,154.6,Credit Card,No
T02325,C0160,2025-05-30,Phone,Electronics,1,630.49,0.05,598.96,Mobile Payment,No
T02326,C1086,2025-07-24,Keyboard,Electronics,3,44.99,0.0,134.98,Mobile Payment,No
T02327,C0314,2025-08-08,Mouse,Electronics,2,28.64,0.15,48.69,Mobile Payment,No
T02328,C0474,2025-12-31,Mouse,Electronics,2,60.36,0.05,114.69,Debit Card,No
T02329,C0733,2024-12-07,Phone,Electronics,2,666.39,0.0,1332.78,PayPal,No
T02330,C0698,2025-05-13,Smartwatch,Electronics,3,221.66,0.1,598.47,Mobile Payment,Yes
T02331,C1085,2025-02-08,Phone,Electronics,2,613.62,0.05,1165.87,Debit Card,No
T02332,C0945,2024-10-01,Monitor,Electronics,1,484.03,0.0,484.03,PayPal,Yes
T02333,C0983,2025-05-18,Headphones,Electronics,1,201.46,0.0,201.46,Debit Card,No
T02334,C1092,2025-03-17,Phone,Electronics,4,501.94,0.0,2007.75,Debit Card,No
T02335,C0449,2025-10-12,Tablet,Electronics,2,432.36,0.0,864.72,Mobile Payment,No
T02336,C0495,2025-06-03,Phone,Electronics,1,830.47,0.0,830.47,PayPal,No
T02337,C0682,2025-04-18,Headphones,Electronics,1,118.21,0.0,118.21,PayPal,No
T02338,C0474,2025-07-11,Laptop,Electronics,4,1011.6,0.0,4046.42,Credit Card,No
T02339,C1479,2025-10-08,Camera,Electronics,4,989.86,0.2,3167.56,Debit Card,No
T02340,C1248,2025-07-15,Phone,Electronics,1,820.25,0.15,697.21,Mobile Payment,No
T02341,C0254,2024-12-18,Camera,Electronics,3,963.91,0.1,2602.54,Credit Card,No
T02342,C0010,2025-01-31,Camera,Electronics,1,390.11,0.05,370.61,Mobile Payment,Yes
T02343,C0067,2025-01-26,Monitor,Electronics,1,359.15,0.15,305.27,Mobile Payment,No
T02344,C0367,2025-07-25,Monitor,Electronics,1,245.39,0.0,245.39,Credit Card,No
T02345,C0173,2024-09-22,Tablet,Electronics,3,329.15,0.0,987.46,Credit Card,No
T02346,C0809,2024-08-12,Speaker,Electronics,2,161.88,0.05,307.56,Credit Card,No
T02347,C1306,2025-12-31,Mouse,Electronics,1,33.83,0.1,30.45,Credit Card,No
T02348,C1127,2025-12-31,Speaker,Electronics,1,174.14,0.05,165.44,Credit Card,No
T02349,C0326,2025-04-19,Headphones,Electronics,1,152.22,0.1,137.0,Credit Card,Yes
T02350,C0619,2025-04-11,Camera,Electronics,1,1087.41,0.0,1087.41,PayPal,No
T02351,C0770,2024-08-23,Headphones,Electronics,1,70.18,0.0,70.18,Mobile Payment,No
T02352,C1243,2024-12-22,Camera,Electronics,2,579.51,0.1,1043.12,Debit Card,No
T02353,C1288,2024-08-13,Phone,Electronics,1,513.77,0.0,513.77,Credit Card,No
T02354,C1381,2025-12-02,Mouse,Electronics,3,34.09,0.0,102.26,Mobile Payment,No
T02355,C0772,2025-01-08,Mouse,Electronics,1,43.22,0.1,38.9,Credit Card,Yes
T02356,C1058,2025-06-13,Mouse,Electronics,2,90.08,0.0,180.17,Credit Card,No
T02357,C0173,2024-09-16,Headphones,Electronics,2,56.34,0.0,112.69,Credit Card,No
T02358,C0856,2025-03-21,Mouse,Electronics,1,52.72,0.0,52.72,Credit Card,No
T02359,C0373,2025-12-31,Tablet,Electronics,1,326.15,0.15,277.23,PayPal,No
T02360,C0670,2024-11-11,Keyboard,Electronics,1,36.96,0.0,36.96,Credit Card,No
T02361,C0960,2025-12-31,Keyboard,Electronics,3,39.9,0.0,119.7,Debit Card,No
T02362,C0388,2025-12-31,Tablet,Electronics,1,548.89,0.05,521.45,Debit Card,No
T02363,C0081,2025-12-31,Smartwatch,Electronics,1,307.18,0.0,307.18,PayPal,No
T02364,C0017,2025-08-03,Phone,Electronics,4,731.91,0.1,2634.89,Debit Card,No
T02365,C0034,2025-12-31,Phone,Electronics,3,600.5,0.05,1711.42,Credit Card,No
T02366,C0014,2024-04-26,Monitor,Electronics,1,497.7,0.0,497.7,Debit Card,No
T02367,C0172,2025-07-21,Camera,Electronics,2,436.81,0.0,873.63,Mobile Payment,Yes
T02368,C0359,2024-12-05,Keyboard,Electronics,1,145.93,0.0,145.93,Credit Card,No
T02369,C0330,2024-07-30,Camera,Electronics,1,681.13,0.0,681.13,Debit Card,No
T02370,C1481,2025-07-28,Monitor,Electronics,1,487.64,0.0,487.64,Mobile Payment,No
T02371,C0473,2025-05-31,Smartwatch,Electronics,1,126.05,0.0,126.05,PayPal,No
T02372,C0196,2025-12-31,Tablet,Electronics,2,571.3,0.05,1085.46,Debit Card,No
T02373,C0827,2024-11-06,Smartwatch,Electronics,1,224.75,0.0,224.75,PayPal,No
T02374,C1306,2025-12-31,Headphones,Electronics,1,31.39,0.0,31.39,Credit Card,No
T02375,C1032,2024-03-02,Keyboard,Electronics,2,105.49,0.15,179.33,Debit Card,No
T02376,C0455,2025-12-31,Phone,Electronics,1,451.68,0.0,451.68,Mobile Payment,No
T02377,C0847,2025-12-31,Speaker,Electronics,2,54.95,0.05,104.41,Mobile Payment,No
T02378,C1094,2025-12-31,Mouse,Electronics,1,53.02,0.15,45.07,Credit Card,No
T02379,C1119,2025-12-31,Camera,Electronics,1,580.32,0.0,580.32,Debit Card,No
T02380,C1014,2025-05-26,Phone,Electronics,1,382.85,0.2,306.28,Debit Card,No
T02381,C1324,2025-12-31,Laptop,Electronics,1,944.39,0.0,944.39,Debit Card,Yes
T02382,C1323,2025-12-04,Headphones,Electronics,1,64.13,0.1,57.71,Credit Card,Yes
T02383,C0878,2025-05-10,Monitor,Electronics,1,284.92,0.05,270.67,Mobile Payment,No
T02384,C0665,2025-12-31,Smartwatch,Electronics,1,93.45,0.05,88.77,Debit Card,No
T02385,C0976,2025-11-06,Headphones,Electronics,1,46.02,0.1,41.42,Credit Card,No
T02386,C1257,2025-05-26,Tablet,Electronics,1,607.71,0.0,607.71,PayPal,No
T02387,C0010,2025-04-15,Headphones,Electronics,1,201.53,0.0,201.53,Credit Card,No
T02388,C1486,2024-10-28,Mouse,Electronics,2,85.38,0.2,136.61,Credit Card,No
T02389,C0280,2025-04-24,Headphones,Electronics,1,73.76,0.0,73.76,Credit Card,No
T02390,C0727,2025-06-10,Speaker,Electronics,1,228.73,0.0,228.73,Debit Card,No
T02391,C1328,2025-07-31,Phone,Electronics,1,633.31,0.05,601.65,Credit Card,Yes
T02392,C0337,2025-09-16,Smartwatch,Electronics,2,74.86,0.0,149.72,Debit Card,No
T02393,C0735,2024-12-22,Keyboard,Electronics,2,164.44,0.0,328.87,Debit Card,No
T02394,C0204,2025-12-31,Tablet,Electronics,1,649.05,0.05,616.6,Debit Card,No
T02395,C0612,2024-07-16,Smartwatch,Electronics,3,265.53,0.1,716.93,Debit Card,No
T02396,C0271,2024-12-11,Headphones,Electronics,3,73.99,0.05,210.86,PayPal,No
T02397,C0558,2025-06-15,Mouse,Electronics,1,62.12,0.0,62.12,Credit Card,No
T02398,C0576,2025-06-14,Mouse,Electronics,1,24.3,0.05,23.08,PayPal,No
T02399,C1489,2024-10-12,Phone,Electronics,1,444.21,0.0,444.21,Mobile Payment,No
T02400,C1491,2024-07-03,Camera,Electronics,2,945.53,0.05,1796.51,Debit Card,No
T02401,C0173,2025-06-13,Mouse,Electronics,1,40.59,0.15,34.5,Debit Card,Yes
T02402,C1114,2024-04-26,Smartwatch,Electronics,1,102.69,0.05,97.56,PayPal,No
T02403,C0081,2025-07-31,Headphones,Electronics,3,31.42,0.0,94.26,Debit Card,No
T02404,C0043,2025-10-06,Phone,Electronics,1,622.13,0.0,622.13,Credit Card,No
T02405,C0162,2025-06-24,Tablet,Electronics,2,635.28,0.05,1207.02,PayPal,No
T02406,C1453,2024-08-27,Speaker,Electronics,2,165.87,0.0,331.75,Debit Card,No
T02407,C1419,2025-09-26,Speaker,Electronics,2,95.28,0.1,171.5,Mobile Payment,No
T02408,C0295,2024-05-10,Monitor,Electronics,1,358.48,0.0,358.48,Credit Card,No
T02409,C0249,2025-02-19,Tablet,Electronics,1,462.98,0.05,439.83,Debit Card,No
T02410,C0360,2025-08-13,Mouse,Electronics,2,83.12,0.2,132.99,PayPal,No
T02411,C0781,2024-07-15,Smartwatch,Electronics,1,191.28,0.2,153.02,PayPal,No
T02412,C0864,2025-12-31,Smartwatch,Electronics,1,110.16,0.05,104.65,Credit Card,No
T02413,C0332,2025-05-04,Laptop,Electronics,1,831.61,0.0,831.61,Debit Card,Yes
T02414,C1155,2024-11-23,Laptop,Electronics,3,1329.81,0.0,3989.42,Credit Card,No
T02415,C0477,2024-09-11,Headphones,Electronics,2,74.89,0.0,149.77,PayPal,Yes
T02416,C1394,2024-07-17,Phone,Electronics,2,723.21,0.0,1446.42,PayPal,No
T02417,C1001,2025-06-20,Smartwatch,Electronics,4,138.0,0.05,524.38,Credit Card,No
T02418,C0677,2025-10-24,Keyboard,Electronics,1,136.69,0.1,123.02,Mobile Payment,No
T02419,C1211,2025-01-23,Smartwatch,Electronics,1,82.73,0.0,82.73,Debit Card,No
T02420,C1256,2025-05-05,Phone,Electronics,1,384.81,0.0,384.81,Credit Card,No
T02421,C0448,2024-08-04,Keyboard,Electronics,2,88.35,0.05,167.86,Debit Card,No
T02422,C0520,2025-12-02,Keyboard,Electronics,2,104.87,0.15,178.29,Credit Card,No
T02423,C1413,2025-12-31,Headphones,Electronics,1,97.06,0.1,87.35,PayPal,No
T02424,C0254,2024-03-21,Monitor,Electronics,1,408.08,0.1,367.27,Debit Card,No
T02425,C0063,2025-12-25,Keyboard,Electronics,1,75.43,0.0,75.43,Mobile Payment,No
T02426,C0702,2024-11-21,Camera,Electronics,2,910.6,0.0,1821.19,Debit Card,No
T02427,C1229,2025-11-20,Laptop,Electronics,1,1057.84,0.0,1057.84,Debit Card,No
T02428,C1183,2024-12-22,Smartwatch,Electronics,3,264.48,0.05,753.77,Credit Card,No
T02429,C1389,2025-06-04,Speaker,Electronics,1,152.05,0.05,144.45,Debit Card,No
T02430,C0808,2025-08-20,Mouse,Electronics,1,89.5,0.1,80.55,Credit Card,No
T02431,C0154,2024-06-27,Mouse,Electronics,1,47.48,0.0,47.48,Debit Card,No
T02432,C0892,2024-02-10,Phone,Electronics,2,450.29,0.15,765.49,Debit Card,No
T02433,C1197,2024-11-10,Monitor,Electronics,4,400.69,0.0,1602.75,PayPal,No
T02434,C0149,2025-12-31,Mouse,Electronics,3,58.28,0.0,174.84,Credit Card,No
T02435,C0268,2024-10-08,Keyboard,Electronics,2,105.31,0.0,210.61,Debit Card,No
T02436,C0020,2025-05-05,Headphones,Electronics,1,181.26,0.0,181.26,PayPal,No
T02437,C0899,2025-08-02,Speaker,Electronics,1,193.04,0.1,173.73,Credit Card,No
T02438,C1354,2025-03-03,Monitor,Electronics,3,548.37,0.0,1645.11,Debit Card,No
T02439,C1020,2025-05-07,Speaker,Electronics,1,200.97,0.0,200.97,Credit Card,No
T02440,C1475,2025-06-26,Keyboard,Electronics,1,28.36,0.1,25.53,Credit Card,No
T02441,C0099,2025-01-29,Smartwatch,Electronics,2,312.41,0.0,624.83,PayPal,No
T02442,C1375,2024-10-15,Mouse,Electronics,1,86.38,0.0,86.38,Credit Card,No
T02443,C1248,2025-08-01,Mouse,Electronics,1,19.15,0.0,19.15,Debit Card,No
T02444,C0483,2025-12-31,Laptop,Electronics,1,787.7,0.0,787.7,Credit Card,No
T02445,C1464,2024-12-21,Laptop,Electronics,3,1089.45,0.0,3268.35,Credit Card,No
T02446,C0443,2025-05-11,Keyboard,Electronics,4,31.64,0.0,126.57,PayPal,No
T02447,C1358,2024-09-23,Speaker,Electronics,1,146.9,0.2,117.52,PayPal,No
T02448,C1343,2025-10-07,Keyboard,Electronics,3,176.18,0.05,502.12,Debit Card,Yes
T02449,C1157,2024-11-19,Tablet,Electronics,1,261.2,0.05,248.14,PayPal,No
T02450,C0850,2024-05-30,Tablet,Electronics,2,276.87,0.0,553.73,Mobile Payment,No
T02451,C0182,2025-04-11,Keyboard,Electronics,1,129.83,0.1,116.85,PayPal,No
T02452,C0808,2025-04-17,Keyboard,Electronics,2,31.82,0.1,57.27,Mobile Payment,No
T02453,C0545,2025-12-31,Speaker,Electronics,2,253.38,0.0,506.76,Credit Card,No
T02454,C1215,2025-02-06,Monitor,Electronics,1,239.56,0.1,215.61,Mobile Payment,No
T02455,C1157,2025-02-18,Headphones,Electronics,3,131.0,0.05,373.34,Debit Card,No
T02456,C1382,2024-04-28,Monitor,Electronics,1,261.94,0.1,235.75,Mobile Payment,No
T02457,C0025,2025-03-12,Smartwatch,Electronics,2,251.08,0.15,426.83,PayPal,No
T02458,C1240,2025-11-15,Keyboard,Electronics,1,116.02,0.0,116.02,Credit Card,No
T02459,C1415,2025-01-11,Tablet,Electronics,2,624.83,0.05,1187.17,Mobile Payment,No
T02460,C1211,2025-09-11,Headphones,Electronics,1,114.66,0.1,103.2,Debit Card,No
T02461,C0200,2025-08-17,Smartwatch,Electronics,1,313.71,0.2,250.97,Debit Card,No
T02462,C0128,2025-03-09,Laptop,Electronics,3,1103.08,0.05,3143.76,Credit Card,No
T02463,C0031,2025-12-31,Tablet,Electronics,2,609.8,0.05,1158.62,PayPal,No
T02464,C0953,2025-08-21,Phone,Electronics,2,439.68,0.1,791.43,Debit Card,No
T02465,C0954,2025-02-03,Speaker,Electronics,2,182.94,0.1,329.29,Mobile Payment,No
T02466,C1481,2024-10-11,Phone,Electronics,1,503.52,0.15,427.99,Debit Card,No
T02467,C0615,2024-04-30,Smartwatch,Electronics,3,79.11,0.0,237.33,Debit Card,No
T02468,C0506,2025-10-23,Mouse,Electronics,2,63.81,0.15,108.48,Debit Card,No
T02469,C0947,2025-12-31,Mouse,Electronics,1,82.51,0.0,82.51,Mobile Payment,No
T02470,C1269,2024-09-10,Smartwatch,Electronics,2,221.3,0.05,420.47,Debit Card,Yes
T02471,C1414,2024-07-19,Headphones,Electronics,4,83.08,0.0,332.3,Debit Card,No
T02472,C1231,2025-12-31,Headphones,Electronics,3,80.13,0.1,216.34,Mobile Payment,No
T02473,C0659,2025-04-01,Tablet,Electronics,1,291.78,0.0,291.78,Debit Card,No
T02474,C0963,2024-12-09,Keyboard,Electronics,2,176.84,0.0,353.69,Debit Card,No
T02475,C1303,2025-07-05,Speaker,Electronics,3,143.8,0.05,409.82,Debit Card,No
T02476,C0756,2025-03-23,Speaker,Electronics,1,122.39,0.05,116.27,Credit Card,No
T02477,C0327,2025-12-31,Mouse,Electronics,4,50.57,0.1,182.05,Debit Card,No
T02478,C0260,2025-12-10,Speaker,Electronics,1,70.11,0.1,63.1,Debit Card,No
T02479,C0001,2025-05-05,Speaker,Electronics,1,90.97,0.15,77.32,PayPal,No
T02480,C1102,2025-11-24,Smartwatch,Electronics,1,207.58,0.1,186.82,PayPal,Yes
T02481,C0172,2025-04-02,Headphones,Electronics,1,181.78,0.05,172.69,PayPal,No
T02482,C0366,2025-10-01,Monitor,Electronics,1,544.39,0.0,544.39,Debit Card,Yes
T02483,C0459,2025-06-10,Speaker,Electronics,1,265.16,0.0,265.16,Credit Card,No
T02484,C0847,2025-12-03,Mouse,Electronics,1,95.3,0.0,95.3,Debit Card,No
T02485,C0615,2025-04-03,Smartwatch,Electronics,1,96.47,0.05,91.65,Debit Card,No
T02486,C1026,2025-05-30,Phone,Electronics,1,276.63,0.0,276.63,Credit Card,Yes
T02487,C0085,2025-05-23,Phone,Electronics,2,318.73,0.1,573.71,Debit Card,No
T02488,C0188,2025-08-01,Headphones,Electronics,3,144.14,0.0,432.42,Debit Card,No
T02489,C0764,2025-08-16,Phone,Electronics,1,611.48,0.1,550.33,Debit Card,No
T02490,C0514,2024-10-12,Speaker,Electronics,2,214.51,0.05,407.58,Debit Card,No
T02491,C0454,2025-07-18,Phone,Electronics,2,491.21,0.1,884.18,Debit Card,No
T02492,C0104,2025-12-31,Keyboard,Electronics,2,85.7,0.0,171.39,Mobile Payment,No
T02493,C1367,2025-07-18,Phone,Electronics,1,604.62,0.0,604.62,PayPal,No
T02494,C1051,2025-12-25,Phone,Electronics,1,301.39,0.0,301.39,PayPal,No
T02495,C0184,2025-11-19,Tablet,Electronics,3,555.94,0.0,1667.82,PayPal,No
T02496,C0104,2025-12-31,Speaker,Electronics,1,279.94,0.15,237.95,Mobile Payment,No
T02497,C1465,2025-09-06,Smartwatch,Electronics,1,172.33,0.1,155.1,Debit Card,No
T02498,C1035,2024-08-09,Mouse,Electronics,1,77.86,0.0,77.86,Debit Card,No
T02499,C0644,2025-12-08,Speaker,Electronics,1,182.7,0.15,155.29,Mobile Payment,No
T02500,C1067,2025-05-30,Speaker,Electronics,2,101.36,0.1,182.45,PayPal,No
T02501,C1154,2025-12-10,Monitor,Electronics,2,180.51,0.05,342.97,Debit Card,No
T02502,C1200,2025-07-23,Tablet,Electronics,1,295.57,0.0,295.57,Debit Card,No
T02503,C0738,2025-01-23,Tablet,Electronics,1,464.31,0.05,441.09,Debit Card,No
T02504,C0665,2025-12-24,Laptop,Electronics,1,728.16,0.05,691.75,Credit Card,No
T02505,C0018,2025-12-31,Tablet,Electronics,1,573.01,0.1,515.71,PayPal,No
T02506,C1399,2024-05-05,Headphones,Electronics,1,214.36,0.0,214.36,Debit Card,No
T02507,C0912,2024-10-29,Laptop,Electronics,1,758.45,0.15,644.68,PayPal,No
T02508,C0306,2025-03-05,Camera,Electronics,1,522.03,0.05,495.93,Mobile Payment,No
T02509,C1389,2025-10-25,Camera,Electronics,2,908.07,0.1,1634.53,Debit Card,No
T02510,C1385,2025-09-28,Tablet,Electronics,2,558.86,0.0,1117.72,Debit Card,No
T02511,C1484,2025-05-01,Smartwatch,Electronics,1,160.34,0.0,160.34,Debit Card,No
T02512,C1329,2024-07-02,Smartwatch,Electronics,1,209.42,0.15,178.01,Debit Card,No
T02513,C1497,2024-03-07,Headphones,Electronics,1,199.43,0.05,189.46,Debit Card,No
T02514,C0368,2024-12-29,Mouse,Electronics,1,47.67,0.0,47.67,Debit Card,No
T02515,C1291,2024-07-07,Tablet,Electronics,3,218.32,0.0,654.97,Credit Card,No
T02516,C1264,2025-03-16,Laptop,Electronics,1,1396.43,0.0,1396.43,Mobile Payment,No
T02517,C0343,2025-06-18,Monitor,Electronics,1,231.13,0.1,208.01,Mobile Payment,Yes
T02518,C0153,2025-05-13,Headphones,Electronics,1,39.27,0.0,39.27,Credit Card,No
T02519,C1473,2025-12-31,Phone,Electronics,2,516.92,0.1,930.46,PayPal,No
T02520,C0455,2025-12-31,Monitor,Electronics,2,204.66,0.0,409.32,Credit Card,No
T02521,C1324,2025-12-31,Speaker,Electronics,1,294.47,0.0,294.47,Credit Card,No
T02522,C0005,2024-05-13,Mouse,Electronics,2,47.37,0.05,90.0,PayPal,No
T02523,C0032,2024-12-29,Mouse,Electronics,1,85.19,0.1,76.67,Credit Card,No
T02524,C0721,2025-01-05,Smartwatch,Electronics,3,111.22,0.1,300.28,PayPal,No
T02525,C0356,2025-12-31,Mouse,Electronics,1,26.8,0.0,26.8,Debit Card,No
T02526,C1049,2024-05-08,Laptop,Electronics,1,1154.51,0.05,1096.78,Debit Card,No
T02527,C0857,2025-06-11,Speaker,Electronics,3,276.42,0.0,829.26,Credit Card,No
T02528,C0121,2024-11-20,Camera,Electronics,3,403.08,0.05,1148.79,Debit Card,No
T02529,C0250,2025-08-09,Tablet,Electronics,1,456.95,0.0,456.95,Debit Card,No
T02530,C0603,2025-09-19,Keyboard,Electronics,1,38.17,0.15,32.44,Credit Card,No
T02531,C0283,2025-12-07,Keyboard,Electronics,3,150.89,0.05,430.02,Credit Card,No
T02532,C1215,2025-07-31,Phone,Electronics,2,841.05,0.05,1597.99,Mobile Payment,No
T02533,C0643,2024-08-06,Tablet,Electronics,2,475.53,0.0,951.07,Debit Card,No
T02534,C0149,2025-05-26,Laptop,Electronics,1,1181.84,0.0,1181.84,Mobile Payment,No
T02535,C0744,2025-11-20,Camera,Electronics,2,349.89,0.1,629.81,Debit Card,No
T02536,C0146,2025-11-25,Laptop,Electronics,1,751.08,0.0,751.08,PayPal,No
T02537,C0198,2025-05-07,Tablet,Electronics,1,264.45,0.0,264.45,Mobile Payment,No
T02538,C0359,2025-03-29,Laptop,Electronics,1,891.68,0.0,891.68,PayPal,No
T02539,C1310,2025-12-31,Smartwatch,Electronics,1,280.36,0.1,252.32,Credit Card,No
T02540,C1396,2025-12-31,Speaker,Electronics,1,153.21,0.15,130.23,Credit Card,No
T02541,C1269,2024-12-14,Keyboard,Electronics,1,37.13,0.0,37.13,Mobile Payment,No
T02542,C0510,2025-12-31,Phone,Electronics,1,804.22,0.1,723.8,Debit Card,No
T02543,C0420,2025-04-25,Keyboard,Electronics,1,179.04,0.0,179.04,PayPal,No
T02544,C0831,2025-02-08,Smartwatch,Electronics,4,191.96,0.0,767.83,Credit Card,No
T02545,C1109,2024-10-31,Mouse,Electronics,1,58.5,0.0,58.5,Debit Card,No
T02546,C1489,2024-05-15,Mouse,Electronics,1,21.67,0.05,20.59,Debit Card,No
T02547,C0203,2025-04-14,Tablet,Electronics,2,360.02,0.05,684.03,PayPal,No
T02548,C0078,2025-12-31,Laptop,Electronics,2,960.26,0.0,1920.53,Debit Card,No
T02549,C1058,2025-06-08,Phone,Electronics,1,877.76,0.0,877.76,PayPal,No
T02550,C1278,2025-08-04,Speaker,Electronics,4,211.71,0.0,846.85,PayPal,No
T02551,C1294,2025-09-07,Keyboard,Electronics,1,146.24,0.1,131.61,Debit Card,No
T02552,C1032,2024-02-18,Mouse,Electronics,1,25.91,0.1,23.32,Debit Card,No
T02553,C1436,2025-08-04,Camera,Electronics,2,675.23,0.05,1282.94,Debit Card,No
T02554,C0773,2025-04-15,Camera,Electronics,2,472.4,0.0,944.8,Debit Card,No
T02555,C1384,2024-10-06,Phone,Electronics,1,809.12,0.0,809.12,PayPal,No
T02556,C1455,2024-04-05,Laptop,Electronics,1,806.66,0.0,806.66,Debit Card,No
T02557,C1294,2025-09-16,Speaker,Electronics,4,154.11,0.05,585.6,Debit Card,No
T02558,C0477,2024-04-16,Speaker,Electronics,2,53.95,0.05,102.5,Mobile Payment,No
T02559,C0299,2025-02-23,Keyboard,Electronics,1,123.32,0.0,123.32,Debit Card,No
T02560,C0828,2025-05-10,Camera,Electronics,1,733.73,0.1,660.36,PayPal,No
T02561,C0702,2025-12-31,Tablet,Electronics,2,414.04,0.0,828.09,Mobile Payment,No
T02562,C1337,2024-12-25,Phone,Electronics,1,316.05,0.1,284.45,PayPal,No
T02563,C0154,2024-06-06,Monitor,Electronics,1,381.29,0.1,343.16,Debit Card,No
T02564,C0388,2025-12-31,Smartwatch,Electronics,1,223.5,0.1,201.15,Debit Card,No
T02565,C1151,2025-12-31,Mouse,Electronics,1,96.84,0.0,96.84,Mobile Payment,No
T02566,C0150,2025-08-23,Mouse,Electronics,3,17.82,0.0,53.47,Debit Card,No
T02567,C0491,2024-11-01,Laptop,Electronics,2,1345.9,0.0,2691.8,PayPal,No
T02568,C0602,2025-04-13,Tablet,Electronics,1,405.4,0.0,405.4,PayPal,No
T02569,C0943,2024-11-17,Speaker,Electronics,1,94.63,0.0,94.63,Debit Card,No
T02570,C0244,2025-07-11,Phone,Electronics,2,682.6,0.15,1160.43,Mobile Payment,No
T02571,C1311,2024-04-29,Mouse,Electronics,1,58.95,0.0,58.95,Mobile Payment,Yes
T02572,C0696,2025-12-31,Smartwatch,Electronics,2,125.76,0.0,251.52,Credit Card,No
T02573,C1387,2025-01-25,Mouse,Electronics,1,68.28,0.2,54.62,Debit Card,No
T02574,C0723,2025-12-31,Speaker,Electronics,1,163.05,0.0,163.05,Debit Card,No
T02575,C0423,2024-12-18,Headphones,Electronics,1,160.91,0.15,136.78,Mobile Payment,No
T02576,C0219,2025-01-17,Mouse,Electronics,2,73.57,0.0,147.14,Credit Card,No
T02577,C0005,2025-06-07,Phone,Electronics,2,557.33,0.0,1114.66,PayPal,No
T02578,C0808,2025-02-18,Headphones,Electronics,1,104.25,0.1,93.83,PayPal,No
T02579,C0168,2025-01-24,Monitor,Electronics,1,178.46,0.0,178.46,PayPal,No
T02580,C0606,2025-02-14,Phone,Electronics,1,571.0,0.15,485.35,Debit Card,No
T02581,C0893,2025-05-11,Speaker,Electronics,1,103.21,0.0,103.21,PayPal,No
T02582,C0425,2025-02-10,Mouse,Electronics,2,19.53,0.0,39.05,Debit Card,No
T02583,C0269,2025-08-18,Tablet,Electronics,1,335.28,0.2,268.22,PayPal,No
T02584,C1189,2024-10-26,Phone,Electronics,1,306.85,0.1,276.17,PayPal,No
T02585,C1427,2025-12-31,Tablet,Electronics,1,452.48,0.0,452.48,PayPal,No
T02586,C0155,2025-09-23,Keyboard,Electronics,1,103.07,0.0,103.07,Debit Card,No
T02587,C0240,2024-12-19,Smartwatch,Electronics,3,289.8,0.0,869.41,Debit Card,No
T02588,C1443,2025-02-09,Monitor,Electronics,2,270.44,0.0,540.87,Credit Card,No
T02589,C0055,2024-02-10,Phone,Electronics,1,491.49,0.1,442.34,Credit Card,No
T02590,C1469,2025-07-16,Tablet,Electronics,1,503.81,0.15,428.24,Credit Card,No
T02591,C0006,2024-12-20,Headphones,Electronics,2,218.66,0.1,393.59,Debit Card,No
T02592,C1329,2024-11-26,Mouse,Electronics,3,91.85,0.2,220.45,Credit Card,No
T02593,C0474,2025-08-24,Tablet,Electronics,3,424.79,0.0,1274.36,Credit Card,No
T02594,C1416,2025-07-22,Tablet,Electronics,1,498.64,0.0,498.64,Credit Card,No
T02595,C0486,2024-12-28,Tablet,Electronics,1,430.0,0.0,430.0,Debit Card,No
T02596,C0998,2025-05-24,Keyboard,Electronics,1,92.39,0.1,83.16,PayPal,No
T02597,C0126,2025-03-11,Monitor,Electronics,1,421.03,0.15,357.88,PayPal,No
T02598,C0363,2024-12-25,Camera,Electronics,1,647.85,0.0,647.85,Debit Card,No
T02599,C1186,2025-10-27,Mouse,Electronics,4,38.82,0.1,139.74,PayPal,No
T02600,C0802,2024-10-31,Mouse,Electronics,2,74.98,0.1,134.97,Mobile Payment,No
T02601,C1402,2025-12-31,Phone,Electronics,2,816.78,0.0,1633.57,Debit Card,No
T02602,C0664,2024-07-19,Laptop,Electronics,1,901.62,0.0,901.62,PayPal,No
T02603,C1322,2024-06-24,Monitor,Electronics,1,468.1,0.0,468.1,PayPal,Yes
T02604,C0698,2025-04-17,Laptop,Electronics,1,1003.81,0.05,953.62,PayPal,No
T02605,C1472,2025-12-31,Headphones,Electronics,2,87.4,0.0,174.79,PayPal,No
T02606,C1443,2025-12-31,Laptop,Electronics,3,1134.78,0.05,3234.12,PayPal,No
T02607,C0503,2024-12-29,Phone,Electronics,2,860.62,0.1,1549.11,Mobile Payment,No
T02608,C1353,2024-08-24,Phone,Electronics,1,478.6,0.0,478.6,Debit Card,No
T02609,C1294,2025-10-09,Smartwatch,Electronics,2,280.25,0.2,448.4,PayPal,No
T02610,C0318,2025-02-22,Headphones,Electronics,1,89.79,0.0,89.79,Credit Card,No
T02611,C0947,2025-10-15,Laptop,Electronics,1,1262.71,0.0,1262.71,PayPal,No
T02612,C0112,2025-07-15,Tablet,Electronics,3,537.19,0.0,1611.58,Mobile Payment,No
T02613,C1285,2024-03-11,Mouse,Electronics,2,80.08,0.0,160.16,PayPal,No
T02614,C0268,2025-06-13,Mouse,Electronics,1,99.81,0.0,99.81,Debit Card,No
T02615,C0109,2025-12-31,Phone,Electronics,2,341.34,0.0,682.67,Credit Card,No
T02616,C0620,2025-11-18,Smartwatch,Electronics,2,172.76,0.1,310.97,Mobile Payment,Yes
T02617,C0875,2025-12-10,Headphones,Electronics,1,149.85,0.15,127.38,Mobile Payment,Yes
T02618,C1302,2024-11-17,Mouse,Electronics,2,65.19,0.0,130.38,PayPal,No
T02619,C1465,2025-12-31,Mouse,Electronics,1,81.35,0.0,81.35,Mobile Payment,No
T02620,C0685,2025-02-27,Smartwatch,Electronics,1,73.6,0.1,66.24,Debit Card,No
T02621,C0093,2025-07-12,Mouse,Electronics,2,74.93,0.1,134.87,Mobile Payment,No
T02622,C1149,2024-09-17,Laptop,Electronics,1,1216.41,0.0,1216.41,Mobile Payment,No
T02623,C0856,2025-08-22,Monitor,Electronics,4,177.5,0.0,709.98,Credit Card,No
T02624,C0696,2025-12-31,Phone,Electronics,1,600.14,0.0,600.14,Debit Card,No
T02625,C0477,2024-02-24,Speaker,Electronics,1,103.7,0.15,88.14,Credit Card,No
T02626,C0765,2024-11-28,Tablet,Electronics,1,556.76,0.0,556.76,Credit Card,No
T02627,C0518,2025-07-26,Headphones,Electronics,4,39.43,0.05,149.82,Debit Card,No
T02628,C1155,2025-04-01,Phone,Electronics,2,345.01,0.0,690.01,Debit Card,No
T02629,C0823,2025-11-20,Phone,Electronics,1,317.89,0.0,317.89,Mobile Payment,No
T02630,C1336,2025-12-31,Keyboard,Electronics,1,35.11,0.0,35.11,Credit Card,Yes
T02631,C0823,2025-11-25,Monitor,Electronics,1,420.03,0.0,420.03,Credit Card,No
T02632,C0355,2024-08-19,Headphones,Electronics,2,195.02,0.0,390.05,Mobile Payment,No
T02633,C1298,2025-07-07,Phone,Electronics,1,582.13,0.0,582.13,Credit Card,No
T02634,C0844,2025-02-20,Mouse,Electronics,1,32.9,0.05,31.25,Credit Card,No
T02635,C0311,2025-11-28,Laptop,Electronics,1,940.66,0.0,940.66,Debit Card,No
T02636,C0945,2024-08-24,Monitor,Electronics,2,312.16,0.0,624.33,Credit Card,No
T02637,C0547,2025-04-15,Mouse,Electronics,1,53.39,0.1,48.05,Credit Card,Yes
T02638,C1292,2025-12-31,Headphones,Electronics,2,109.9,0.0,219.8,Debit Card,No
T02639,C0702,2025-08-23,Phone,Electronics,1,686.25,0.0,686.25,Credit Card,Yes
T02640,C1114,2024-07-22,Smartwatch,Electronics,1,158.57,0.0,158.57,Mobile Payment,No
T02641,C0150,2025-01-24,Tablet,Electronics,1,491.59,0.15,417.85,Debit Card,No
T02642,C0613,2024-08-28,Phone,Electronics,1,605.4,0.0,605.4,Credit Card,No
T02643,C1477,2024-09-14,Keyboard,Electronics,1,32.52,0.0,32.52,PayPal,No
T02644,C1239,2025-10-14,Laptop,Electronics,1,1343.77,0.0,1343.77,Mobile Payment,No
T02645,C0245,2025-12-31,Tablet,Electronics,1,263.64,0.0,263.64,Credit Card,No
T02646,C0427,2025-04-01,Smartwatch,Electronics,3,190.94,0.05,544.19,Credit Card,No
T02647,C0504,2025-12-31,Speaker,Electronics,1,286.38,0.15,243.42,Debit Card,No
T02648,C0992,2025-07-19,Keyboard,Electronics,2,63.34,0.1,114.01,PayPal,No
T02649,C1155,2025-12-09,Phone,Electronics,1,264.41,0.0,264.41,Credit Card,No
T02650,C1149,2024-09-11,Phone,Electronics,3,568.53,0.05,1620.32,Debit Card,Yes
T02651,C0772,2025-07-27,Keyboard,Electronics,4,59.71,0.05,226.9,Mobile Payment,No
T02652,C1245,2025-08-31,Headphones,Electronics,2,140.59,0.0,281.17,Mobile Payment,No
T02653,C0679,2025-12-31,Phone,Electronics,1,781.12,0.0,781.12,Debit Card,No
T02654,C0188,2025-12-31,Smartwatch,Electronics,1,208.25,0.0,208.25,Credit Card,No
T02655,C0853,2025-04-07,Phone,Electronics,1,669.27,0.0,669.27,PayPal,No
T02656,C1433,2024-11-10,Tablet,Electronics,1,493.09,0.0,493.09,Credit Card,No
T02657,C1215,2025-04-29,Laptop,Electronics,1,1274.37,0.0,1274.37,Credit Card,No
T02658,C0878,2025-07-12,Mouse,Electronics,1,73.47,0.1,66.13,Credit Card,No
T02659,C0987,2024-07-03,Tablet,Electronics,4,638.8,0.0,2555.2,Credit Card,Yes
T02660,C1405,2025-12-31,Tablet,Electronics,1,394.42,0.0,394.42,Credit Card,No
T02661,C0663,2024-03-19,Tablet,Electronics,1,203.62,0.0,203.62,PayPal,No
T02662,C0506,2025-12-31,Camera,Electronics,2,654.62,0.0,1309.25,Debit Card,No
T02663,C1469,2025-03-09,Monitor,Electronics,1,527.95,0.0,527.95,Mobile Payment,No
T02664,C1314,2025-12-31,Phone,Electronics,1,336.49,0.0,336.49,PayPal,No
T02665,C0497,2025-12-04,Smartwatch,Electronics,1,273.42,0.1,246.08,Debit Card,No
T02666,C0717,2025-08-15,Phone,Electronics,2,598.18,0.15,1016.91,Debit Card,No
T02667,C0642,2024-12-09,Headphones,Electronics,3,201.13,0.0,603.38,Mobile Payment,No
T02668,C0231,2025-12-31,Keyboard,Electronics,1,138.33,0.1,124.5,Credit Card,No
T02669,C1441,2025-02-09,Keyboard,Electronics,3,127.38,0.0,382.14,PayPal,No
T02670,C0626,2024-03-19,Laptop,Electronics,2,1320.81,0.0,2641.63,Credit Card,Yes
T02671,C1334,2024-08-02,Camera,Electronics,1,1117.4,0.0,1117.4,Debit Card,No
T02672,C0288,2024-04-07,Monitor,Electronics,1,323.21,0.1,290.89,Mobile Payment,No
T02673,C0828,2025-05-23,Speaker,Electronics,2,281.24,0.15,478.11,Credit Card,No
T02674,C0037,2024-03-07,Mouse,Electronics,1,19.65,0.1,17.68,Credit Card,No
T02675,C1169,2024-08-19,Speaker,Electronics,2,238.27,0.15,405.05,Debit Card,No
T02676,C0880,2024-07-07,Monitor,Electronics,1,301.44,0.05,286.37,Debit Card,No
T02677,C0949,2025-09-14,Phone,Electronics,1,566.81,0.1,510.13,PayPal,No
T02678,C0081,2025-12-31,Mouse,Electronics,2,86.04,0.05,163.47,Credit Card,No
T02679,C0318,2025-04-11,Smartwatch,Electronics,2,244.74,0.1,440.53,Credit Card,No
T02680,C0114,2025-12-30,Camera,Electronics,1,711.74,0.05,676.15,Debit Card,No
T02681,C0445,2024-08-24,Tablet,Electronics,2,257.05,0.1,462.69,Credit Card,No
T02682,C0951,2025-12-31,Monitor,Electronics,1,572.67,0.0,572.67,Mobile Payment,No
T02683,C0859,2024-12-08,Camera,Electronics,4,599.23,0.0,2396.92,Debit Card,No
T02684,C0927,2024-09-01,Camera,Electronics,1,391.05,0.05,371.49,Debit Card,No
T02685,C0831,2025-03-27,Laptop,Electronics,2,1094.9,0.0,2189.81,Mobile Payment,No
T02686,C0420,2024-08-26,Mouse,Electronics,2,49.53,0.1,89.16,PayPal,No
T02687,C0367,2025-12-31,Keyboard,Electronics,1,116.53,0.0,116.53,Debit Card,No
T02688,C0211,2025-04-27,Phone,Electronics,1,401.79,0.15,341.53,Credit Card,No
T02689,C1295,2025-12-31,Speaker,Electronics,1,138.47,0.05,131.55,Credit Card,No
T02690,C0931,2025-07-25,Headphones,Electronics,2,214.78,0.0,429.55,Debit Card,No
T02691,C0285,2025-12-31,Mouse,Electronics,1,94.61,0.05,89.88,PayPal,No
T02692,C0271,2024-11-08,Camera,Electronics,2,1077.94,0.0,2155.89,Mobile Payment,No
T02693,C1329,2024-08-16,Phone,Electronics,1,756.43,0.0,756.43,Credit Card,No
T02694,C1137,2025-08-08,Camera,Electronics,1,440.9,0.15,374.77,Mobile Payment,No
T02695,C1004,2025-01-10,Mouse,Electronics,1,54.69,0.1,49.22,Debit Card,No
T02696,C0631,2025-05-19,Camera,Electronics,1,955.11,0.0,955.11,Credit Card,No
T02697,C0396,2024-12-15,Monitor,Electronics,1,267.8,0.0,267.8,Credit Card,No
T02698,C1473,2025-12-31,Laptop,Electronics,1,723.15,0.05,686.99,Debit Card,No
T02699,C1222,2024-05-12,Mouse,Electronics,2,50.54,0.1,90.97,PayPal,No
T02700,C0464,2025-01-26,Headphones,Electronics,1,110.78,0.05,105.24,PayPal,No
T02701,C1294,2025-08-31,Headphones,Electronics,1,42.37,0.0,42.37,Debit Card,No
T02702,C1160,2024-11-23,Headphones,Electronics,1,90.92,0.2,72.73,Credit Card,No
T02703,C0456,2024-12-14,Monitor,Electronics,1,562.79,0.1,506.51,Debit Card,Yes
T02704,C0659,2025-09-25,Mouse,Electronics,2,36.28,0.0,72.55,PayPal,No
T02705,C0284,2025-11-27,Mouse,Electronics,3,63.38,0.05,180.63,Credit Card,No
T02706,C0172,2025-06-06,Smartwatch,Electronics,1,201.49,0.0,201.49,Mobile Payment,No
T02707,C1111,2025-05-17,Mouse,Electronics,1,88.28,0.2,70.62,Credit Card,No
T02708,C0409,2025-10-12,Smartwatch,Electronics,1,249.53,0.0,249.53,PayPal,No
T02709,C1259,2024-12-25,Phone,Electronics,1,352.98,0.05,335.33,Debit Card,No
T02710,C1492,2025-08-20,Camera,Electronics,1,428.58,0.05,407.15,Mobile Payment,No
T02711,C0118,2025-12-31,Headphones,Electronics,1,135.92,0.0,135.92,Debit Card,No
T02712,C0729,2025-05-01,Monitor,Electronics,1,170.91,0.0,170.91,Debit Card,No
T02713,C1230,2025-02-04,Headphones,Electronics,1,104.77,0.05,99.53,Debit Card,No
T02714,C1211,2025-05-20,Monitor,Electronics,2,329.55,0.15,560.24,Mobile Payment,No
T02715,C1164,2025-12-31,Tablet,Electronics,1,272.28,0.1,245.05,Mobile Payment,No
T02716,C0531,2025-02-10,Phone,Electronics,1,445.66,0.05,423.38,Debit Card,No
T02717,C0702,2024-11-08,Phone,Electronics,2,464.47,0.0,928.93,Mobile Payment,No
T02718,C0902,2025-05-26,Monitor,Electronics,1,155.29,0.15,132.0,PayPal,No
T02719,C1465,2025-12-31,Phone,Electronics,1,773.83,0.0,773.83,Credit Card,No
T02720,C0501,2025-06-28,Tablet,Electronics,2,630.0,0.0,1260.0,Credit Card,No
T02721,C1395,2025-12-31,Phone,Electronics,2,438.02,0.0,876.05,Mobile Payment,No
T02722,C0412,2025-12-31,Phone,Electronics,1,322.79,0.15,274.37,PayPal,No
T02723,C1484,2025-02-19,Camera,Electronics,1,1158.2,0.1,1042.38,Credit Card,Yes
T02724,C1020,2025-05-29,Mouse,Electronics,1,77.95,0.0,77.95,Credit Card,No
T02725,C0717,2025-11-05,Speaker,Electronics,1,271.7,0.0,271.7,Credit Card,No
T02726,C0927,2025-02-12,Mouse,Electronics,2,45.67,0.15,77.65,Debit Card,No
T02727,C0420,2024-07-14,Camera,Electronics,2,735.66,0.0,1471.31,Mobile Payment,No
T02728,C0422,2025-12-31,Keyboard,Electronics,1,169.19,0.0,169.19,Debit Card,Yes
T02729,C0173,2025-10-27,Monitor,Electronics,1,356.8,0.05,338.96,PayPal,No
T02730,C0173,2024-09-25,Monitor,Electronics,3,452.44,0.0,1357.33,Credit Card,No
T02731,C0530,2025-04-08,Tablet,Electronics,1,511.26,0.0,511.26,Debit Card,No
T02732,C1166,2024-04-01,Mouse,Electronics,2,86.15,0.15,146.46,Debit Card,No
T02733,C0920,2024-04-27,Camera,Electronics,1,1177.66,0.05,1118.78,Credit Card,No
T02734,C0157,2025-08-19,Smartwatch,Electronics,1,157.12,0.0,157.12,Mobile Payment,No
T02735,C1299,2025-12-17,Monitor,Electronics,1,261.35,0.1,235.22,Mobile Payment,No
T02736,C0908,2025-10-21,Speaker,Electronics,1,60.2,0.1,54.18,Debit Card,No
T02737,C1445,2025-10-01,Speaker,Electronics,1,262.7,0.0,262.7,PayPal,No
T02738,C1020,2025-12-31,Monitor,Electronics,3,281.71,0.05,802.86,Debit Card,No
T02739,C0269,2025-10-05,Camera,Electronics,1,344.65,0.0,344.65,Credit Card,No
T02740,C0730,2025-06-11,Laptop,Electronics,1,1305.69,0.0,1305.69,Debit Card,No
T02741,C0990,2024-08-24,Laptop,Electronics,1,1056.94,0.0,1056.94,PayPal,No
T02742,C0039,2025-12-18,Laptop,Electronics,1,1286.82,0.0,1286.82,Debit Card,No
T02743,C0025,2025-11-20,Smartwatch,Electronics,1,220.8,0.0,220.8,Mobile Payment,No
T02744,C0199,2024-03-02,Laptop,Electronics,4,919.61,0.0,3678.44,Debit Card,No
T02745,C0380,2025-12-31,Laptop,Electronics,1,790.85,0.0,790.85,Debit Card,No
T02746,C0664,2025-05-13,Phone,Electronics,2,534.15,0.05,1014.89,PayPal,No
T02747,C0752,2024-12-16,Tablet,Electronics,1,192.48,0.15,163.61,Debit Card,Yes
T02748,C0212,2024-10-27,Monitor,Electronics,1,421.11,0.1,379.0,Credit Card,No
T02749,C1026,2025-02-24,Laptop,Electronics,1,999.37,0.0,999.37,Credit Card,No
T02750,C0903,2024-11-13,Monitor,Electronics,2,213.69,0.0,427.37,Debit Card,No
T02751,C0453,2025-03-17,Tablet,Electronics,1,429.21,0.0,429.21,Credit Card,No
T02752,C0022,2025-02-09,Tablet,Electronics,2,556.43,0.1,1001.57,Debit Card,No
T02753,C0122,2025-03-09,Smartwatch,Electronics,1,342.69,0.2,274.15,PayPal,No
T02754,C0606,2024-10-14,Speaker,Electronics,3,177.11,0.0,531.34,Debit Card,Yes
T02755,C0238,2025-05-18,Monitor,Electronics,1,208.3,0.0,208.3,Debit Card,No
T02756,C0584,2025-12-06,Tablet,Electronics,1,561.03,0.15,476.88,Mobile Payment,No
T02757,C0953,2025-07-30,Speaker,Electronics,1,220.91,0.1,198.81,PayPal,No
T02758,C0828,2025-12-31,Monitor,Electronics,1,579.29,0.1,521.36,Debit Card,No
T02759,C0344,2024-08-27,Mouse,Electronics,1,60.49,0.0,60.49,Mobile Payment,No
T02760,C0525,2025-09-30,Headphones,Electronics,1,97.85,0.05,92.96,Debit Card,Yes
T02761,C0928,2024-11-07,Phone,Electronics,1,875.85,0.0,875.85,Credit Card,No
T02762,C1311,2024-06-25,Mouse,Electronics,1,60.77,0.0,60.77,PayPal,No
T02763,C1152,2025-10-20,Mouse,Electronics,1,16.35,0.0,16.35,Credit Card,No
T02764,C0836,2025-05-23,Monitor,Electronics,2,363.15,0.15,617.36,Debit Card,No
T02765,C0555,2025-09-28,Tablet,Electronics,1,181.12,0.0,181.12,Debit Card,No
T02766,C0560,2025-12-31,Camera,Electronics,4,963.94,0.05,3662.96,Mobile Payment,Yes
T02767,C1342,2024-10-10,Tablet,Electronics,2,445.99,0.2,713.59,Debit Card,No
T02768,C0057,2025-04-12,Mouse,Electronics,1,24.33,0.0,24.33,PayPal,No
T02769,C1483,2025-08-12,Headphones,Electronics,1,184.47,0.1,166.02,Credit Card,No
T02770,C1009,2025-04-17,Monitor,Electronics,1,391.4,0.05,371.83,Mobile Payment,No
T02771,C1035,2025-01-23,Phone,Electronics,2,324.14,0.0,648.28,Credit Card,No
T02772,C0055,2024-06-29,Mouse,Electronics,1,28.6,0.0,28.6,Mobile Payment,No
T02773,C0917,2025-08-21,Phone,Electronics,2,784.37,0.0,1568.74,Debit Card,No
T02774,C0745,2025-10-15,Monitor,Electronics,2,309.97,0.0,619.94,Debit Card,No
T02775,C0163,2025-12-31,Tablet,Electronics,4,565.92,0.0,2263.66,PayPal,No
T02776,C0427,2024-03-31,Speaker,Electronics,1,58.07,0.05,55.17,Credit Card,No
T02777,C1359,2025-02-21,Speaker,Electronics,4,103.4,0.0,413.61,Debit Card,No
T02778,C0831,2025-06-18,Smartwatch,Electronics,1,281.73,0.05,267.64,Credit Card,No
T02779,C0640,2025-01-10,Speaker,Electronics,2,206.84,0.1,372.32,Credit Card,No
T02780,C0112,2025-05-29,Phone,Electronics,1,449.44,0.05,426.96,Mobile Payment,No
T02781,C1092,2025-03-24,Speaker,Electronics,1,283.37,0.05,269.2,Mobile Payment,No
T02782,C1071,2025-06-10,Phone,Electronics,1,387.19,0.05,367.83,Mobile Payment,No
T02783,C0928,2024-10-24,Headphones,Electronics,1,191.46,0.05,181.89,Mobile Payment,No
T02784,C0772,2025-04-05,Tablet,Electronics,1,507.0,0.0,507.0,Mobile Payment,No
T02785,C0673,2024-05-16,Speaker,Electronics,4,71.49,0.0,285.96,Mobile Payment,No
T02786,C0899,2025-12-31,Mouse,Electronics,1,62.18,0.2,49.75,Credit Card,No
T02787,C0348,2024-12-30,Keyboard,Electronics,1,169.14,0.05,160.68,Credit Card,No
T02788,C1420,2025-12-07,Speaker,Electronics,1,200.91,0.0,200.91,Credit Card,No
T02789,C0893,2025-09-17,Keyboard,Electronics,1,106.97,0.05,101.62,Credit Card,No
T02790,C0480,2025-03-14,Mouse,Electronics,1,46.14,0.0,46.14,Mobile Payment,No
T02791,C0698,2025-10-21,Laptop,Electronics,3,1252.15,0.05,3568.63,Mobile Payment,No
T02792,C1236,2024-09-03,Camera,Electronics,1,1121.75,0.1,1009.58,Debit Card,No
T02793,C0249,2024-07-13,Speaker,Electronics,2,235.86,0.0,471.72,Credit Card,No
T02794,C0450,2025-12-04,Speaker,Electronics,1,228.56,0.0,228.56,Debit Card,No
T02795,C1033,2025-03-20,Phone,Electronics,2,375.12,0.0,750.24,PayPal,Yes
T02796,C0485,2025-04-16,Phone,Electronics,1,792.09,0.0,792.09,Mobile Payment,No
T02797,C1215,2025-09-04,Headphones,Electronics,2,37.73,0.0,75.46,Debit Card,No
T02798,C0200,2025-10-19,Tablet,Electronics,2,535.96,0.0,1071.92,Debit Card,No
T02799,C1166,2025-04-21,Tablet,Electronics,1,279.11,0.0,279.11,PayPal,No
T02800,C0105,2025-10-17,Keyboard,Electronics,1,100.53,0.1,90.47,Credit Card,No
T02801,C0021,2024-12-01,Smartwatch,Electronics,1,261.62,0.1,235.46,PayPal,No
T02802,C1369,2025-01-28,Speaker,Electronics,3,237.36,0.0,712.08,Debit Card,Yes
T02803,C0880,2025-04-16,Laptop,Electronics,1,1321.66,0.1,1189.49,Mobile Payment,No
T02804,C0536,2025-11-07,Tablet,Electronics,1,312.82,0.2,250.25,Mobile Payment,No
T02805,C0347,2025-12-31,Tablet,Electronics,1,285.43,0.0,285.43,PayPal,No
T02806,C0932,2024-05-09,Headphones,Electronics,2,219.29,0.2,350.86,PayPal,No
T02807,C0772,2025-03-10,Headphones,Electronics,1,69.44,0.0,69.44,Credit Card,No
T02808,C1486,2025-01-26,Headphones,Electronics,2,156.44,0.15,265.95,Debit Card,No
T02809,C1477,2025-10-26,Speaker,Electronics,1,287.71,0.1,258.94,Mobile Payment,No
T02810,C0963,2025-08-08,Headphones,Electronics,2,200.35,0.0,400.69,Debit Card,No
T02811,C0692,2025-05-29,Keyboard,Electronics,2,93.71,0.0,187.41,Debit Card,No
T02812,C0756,2025-02-21,Mouse,Electronics,1,69.19,0.05,65.73,Mobile Payment,No
T02813,C1036,2025-05-18,Mouse,Electronics,3,59.97,0.0,179.92,Debit Card,No
T02814,C0156,2025-11-23,Keyboard,Electronics,1,78.73,0.05,74.8,Mobile Payment,No
T02815,C0502,2025-12-31,Camera,Electronics,1,429.98,0.0,429.98,Credit Card,No
T02816,C0116,2025-12-31,Keyboard,Electronics,2,149.53,0.0,299.05,PayPal,No
T02817,C0113,2025-04-08,Camera,Electronics,1,381.4,0.0,381.4,Credit Card,No
T02818,C0298,2025-11-08,Tablet,Electronics,2,466.52,0.0,933.05,Mobile Payment,No
T02819,C0746,2024-02-15,Phone,Electronics,1,636.34,0.0,636.34,Debit Card,No
T02820,C1204,2025-03-27,Smartwatch,Electronics,1,157.1,0.0,157.1,Debit Card,No
T02821,C0746,2024-05-06,Headphones,Electronics,1,55.73,0.1,50.15,Debit Card,No
T02822,C0512,2025-12-08,Mouse,Electronics,1,82.97,0.05,78.82,Mobile Payment,No
T02823,C0131,2025-05-13,Mouse,Electronics,1,54.26,0.0,54.26,Debit Card,No
T02824,C0832,2024-09-22,Tablet,Electronics,1,520.88,0.0,520.88,Credit Card,No
T02825,C0416,2024-07-06,Monitor,Electronics,1,157.42,0.05,149.55,Mobile Payment,No
T02826,C0929,2025-09-21,Camera,Electronics,2,367.05,0.05,697.4,Mobile Payment,No
T02827,C1469,2025-08-31,Camera,Electronics,1,458.26,0.0,458.26,Credit Card,No
T02828,C0172,2025-04-17,Mouse,Electronics,1,24.68,0.0,24.68,PayPal,No
T02829,C0320,2024-05-30,Smartwatch,Electronics,2,115.59,0.1,208.07,PayPal,No
T02830,C0729,2025-07-23,Camera,Electronics,1,917.84,0.05,871.95,PayPal,No
T02831,C1457,2025-02-28,Mouse,Electronics,2,18.99,0.0,37.99,Debit Card,No
T02832,C1183,2025-03-28,Headphones,Electronics,2,37.19,0.05,70.67,Credit Card,No
T02833,C1369,2024-05-13,Phone,Electronics,1,270.57,0.0,270.57,Debit Card,No
T02834,C0509,2024-03-31,Headphones,Electronics,1,162.55,0.0,162.55,Mobile Payment,No
T02835,C1486,2025-07-01,Phone,Electronics,3,598.49,0.1,1615.92,Credit Card,No
T02836,C0158,2025-07-01,Phone,Electronics,1,490.66,0.1,441.59,PayPal,No
T02837,C0082,2024-05-25,Speaker,Electronics,1,215.66,0.05,204.88,Mobile Payment,Yes
T02838,C1303,2025-12-31,Mouse,Electronics,2,62.06,0.1,111.7,Credit Card,No
T02839,C1400,2024-10-10,Camera,Electronics,1,306.6,0.1,275.94,Mobile Payment,No
T02840,C0145,2025-06-07,Mouse,Electronics,1,86.28,0.1,77.65,Credit Card,Yes
T02841,C0173,2025-01-12,Headphones,Electronics,1,96.54,0.15,82.05,Credit Card,No
T02842,C0047,2025-07-27,Laptop,Electronics,3,979.69,0.1,2645.17,Debit Card,No
T02843,C0161,2025-12-31,Speaker,Electronics,2,243.4,0.1,438.11,PayPal,No
T02844,C0315,2025-06-01,Laptop,Electronics,1,830.96,0.0,830.96,Credit Card,No
T02845,C1459,2025-12-31,Keyboard,Electronics,2,26.56,0.05,50.47,Credit Card,No
T02846,C1016,2025-01-14,Phone,Electronics,1,840.74,0.0,840.74,Debit Card,No
T02847,C1198,2025-11-19,Tablet,Electronics,1,417.57,0.1,375.82,Credit Card,No
T02848,C1192,2025-01-23,Phone,Electronics,3,477.19,0.1,1288.42,Credit Card,No
T02849,C0809,2025-07-23,Keyboard,Electronics,2,151.95,0.0,303.9,PayPal,No
T02850,C1222,2025-03-09,Camera,Electronics,2,323.67,0.0,647.33,PayPal,No
T02851,C0902,2025-02-11,Mouse,Electronics,3,32.19,0.0,96.58,Mobile Payment,No
T02852,C0483,2025-12-31,Mouse,Electronics,2,28.2,0.0,56.4,Debit Card,No
T02853,C0847,2025-09-30,Speaker,Electronics,1,231.84,0.0,231.84,Credit Card,No
T02854,C0809,2025-01-29,Mouse,Electronics,1,41.53,0.05,39.45,PayPal,No
T02855,C1265,2025-01-04,Camera,Electronics,1,995.62,0.0,995.62,Mobile Payment,No
T02856,C1475,2025-07-03,Headphones,Electronics,1,37.88,0.0,37.88,Debit Card,Yes
T02857,C0637,2025-03-16,Camera,Electronics,2,847.3,0.0,1694.61,Debit Card,No
T02858,C1166,2024-03-14,Mouse,Electronics,2,42.05,0.0,84.1,Mobile Payment,No
T02859,C0154,2024-06-19,Phone,Electronics,2,371.5,0.0,743.0,PayPal,No
T02860,C1193,2025-12-31,Laptop,Electronics,1,1271.74,0.0,1271.74,Credit Card,No
T02861,C0572,2025-06-01,Tablet,Electronics,1,373.76,0.05,355.07,Mobile Payment,No
T02862,C0057,2024-04-29,Headphones,Electronics,2,138.61,0.0,277.22,Debit Card,No
T02863,C0558,2024-05-18,Camera,Electronics,2,329.78,0.05,626.57,Mobile Payment,No
T02864,C0924,2025-05-15,Mouse,Electronics,1,82.29,0.15,69.94,PayPal,Yes
T02865,C0180,2025-08-22,Speaker,Electronics,1,114.59,0.05,108.86,Debit Card,No
T02866,C1396,2025-08-24,Keyboard,Electronics,2,132.48,0.0,264.96,Debit Card,No
T02867,C0122,2025-02-03,Mouse,Electronics,1,79.64,0.0,79.64,Credit Card,No
T02868,C1405,2025-02-13,Tablet,Electronics,2,235.04,0.15,399.58,Credit Card,No
T02869,C1079,2025-04-12,Mouse,Electronics,1,40.15,0.1,36.14,Debit Card,No
T02870,C0504,2025-03-11,Mouse,Electronics,2,76.49,0.0,152.98,Debit Card,No
T02871,C0606,2024-11-24,Camera,Electronics,1,508.96,0.0,508.96,Credit Card,No
T02872,C1135,2025-02-20,Keyboard,Electronics,3,156.47,0.0,469.4,PayPal,No
T02873,C0909,2025-05-26,Mouse,Electronics,1,41.52,0.0,41.52,Debit Card,Yes
T02874,C1023,2025-09-25,Phone,Electronics,1,511.51,0.1,460.36,Credit Card,Yes
T02875,C0604,2025-12-31,Mouse,Electronics,1,23.48,0.05,22.3,Debit Card,No
T02876,C0753,2024-12-29,Camera,Electronics,1,432.91,0.2,346.33,Credit Card,No
T02877,C1485,2025-12-31,Keyboard,Electronics,1,67.69,0.0,67.69,Mobile Payment,No
T02878,C0323,2024-11-21,Phone,Electronics,2,281.79,0.1,507.22,Credit Card,No
T02879,C0644,2025-04-22,Tablet,Electronics,1,270.73,0.0,270.73,PayPal,No
T02880,C0449,2025-03-27,Monitor,Electronics,1,334.02,0.05,317.32,Credit Card,No
T02881,C1169,2024-04-06,Mouse,Electronics,1,47.3,0.0,47.3,Debit Card,No
T02882,C1169,2024-08-14,Tablet,Electronics,1,273.39,0.1,246.05,Mobile Payment,Yes
T02883,C0449,2025-12-31,Camera,Electronics,2,372.41,0.05,707.57,Mobile Payment,No
T02884,C0128,2024-11-26,Headphones,Electronics,1,90.45,0.0,90.45,PayPal,No
T02885,C0019,2025-04-29,Laptop,Electronics,1,1221.74,0.2,977.39,Mobile Payment,No
T02886,C0661,2025-08-29,Smartwatch,Electronics,1,207.93,0.1,187.14,Mobile Payment,No
T02887,C0636,2025-06-10,Mouse,Electronics,1,95.48,0.0,95.48,PayPal,No
T02888,C1483,2025-10-10,Smartwatch,Electronics,1,100.57,0.1,90.51,Mobile Payment,No
T02889,C0727,2025-12-31,Headphones,Electronics,2,69.39,0.15,117.96,Debit Card,No
T02890,C0387,2025-11-06,Laptop,Electronics,1,896.21,0.15,761.78,Debit Card,No
T02891,C1360,2024-10-28,Laptop,Electronics,4,709.1,0.05,2694.59,PayPal,No
T02892,C0756,2025-04-22,Phone,Electronics,1,863.2,0.05,820.04,Credit Card,No
T02893,C0906,2025-06-06,Smartwatch,Electronics,1,189.16,0.0,189.16,Debit Card,No
T02894,C0150,2025-04-22,Tablet,Electronics,1,406.38,0.0,406.38,Credit Card,No
T02895,C0590,2025-12-31,Speaker,Electronics,1,81.04,0.2,64.83,PayPal,No
T02896,C1424,2024-05-12,Smartwatch,Electronics,4,313.08,0.1,1127.1,Credit Card,No
T02897,C0893,2025-01-29,Keyboard,Electronics,2,132.36,0.0,264.72,Debit Card,No
T02898,C0526,2025-12-31,Speaker,Electronics,1,152.15,0.0,152.15,Debit Card,Yes
T02899,C0949,2025-11-04,Tablet,Electronics,1,592.65,0.0,592.65,Credit Card,No
T02900,C1382,2024-09-16,Phone,Electronics,2,838.55,0.0,1677.1,Debit Card,No
T02901,C0421,2025-07-11,Mouse,Electronics,1,19.21,0.05,18.25,PayPal,No
T02902,C0767,2024-09-16,Tablet,Electronics,1,236.08,0.0,236.08,PayPal,No
T02903,C1441,2025-08-28,Speaker,Electronics,1,47.18,0.0,47.18,Debit Card,No
T02904,C0268,2025-02-11,Speaker,Electronics,1,191.25,0.15,162.56,Debit Card,No
T02905,C1104,2025-12-31,Speaker,Electronics,1,96.67,0.0,96.67,Credit Card,No
T02906,C0929,2025-12-31,Speaker,Electronics,2,259.68,0.0,519.36,Mobile Payment,No
T02907,C1033,2025-02-26,Keyboard,Electronics,2,97.22,0.0,194.43,Debit Card,No
T02908,C0536,2025-12-19,Mouse,Electronics,1,86.21,0.0,86.21,Debit Card,No
T02909,C0483,2025-12-31,Phone,Electronics,3,611.14,0.05,1741.76,Credit Card,No
T02910,C1040,2025-05-29,Smartwatch,Electronics,3,290.89,0.0,872.67,Debit Card,No
T02911,C0326,2024-12-31,Phone,Electronics,1,491.71,0.15,417.95,Mobile Payment,No
T02912,C0648,2025-04-25,Camera,Electronics,1,1150.85,0.0,1150.85,Credit Card,No
T02913,C0286,2025-12-31,Speaker,Electronics,1,213.46,0.05,202.79,Debit Card,No
T02914,C0014,2024-06-15,Phone,Electronics,1,637.07,0.0,637.07,Credit Card,Yes
T02915,C1459,2025-12-31,Laptop,Electronics,1,946.65,0.0,946.65,Mobile Payment,No
T02916,C0670,2024-08-25,Monitor,Electronics,1,571.73,0.0,571.73,Debit Card,No
T02917,C1458,2025-12-28,Smartwatch,Electronics,2,157.94,0.0,315.89,Mobile Payment,No
T02918,C0216,2024-05-21,Smartwatch,Electronics,1,302.4,0.0,302.4,Mobile Payment,No
T02919,C0890,2025-10-25,Mouse,Electronics,1,49.37,0.0,49.37,PayPal,No
T02920,C0303,2025-12-31,Smartwatch,Electronics,2,282.48,0.0,564.97,Credit Card,Yes
T02921,C1211,2025-04-13,Phone,Electronics,1,842.72,0.0,842.72,Credit Card,No
T02922,C1203,2025-12-31,Mouse,Electronics,1,54.58,0.1,49.12,Credit Card,No
T02923,C0173,2025-03-10,Keyboard,Electronics,1,106.55,0.0,106.55,PayPal,No
T02924,C1383,2025-10-19,Phone,Electronics,1,464.72,0.1,418.25,PayPal,No
T02925,C0296,2025-12-31,Headphones,Electronics,2,40.39,0.0,80.78,PayPal,No
T02926,C0927,2025-01-21,Camera,Electronics,1,887.23,0.05,842.87,Credit Card,No
T02927,C1480,2025-06-12,Speaker,Electronics,1,71.11,0.0,71.11,Credit Card,No
T02928,C1346,2025-10-17,Mouse,Electronics,2,45.1,0.05,85.68,Mobile Payment,No
T02929,C1439,2025-02-14,Speaker,Electronics,2,130.87,0.0,261.74,PayPal,No
T02930,C0524,2025-10-23,Phone,Electronics,1,348.15,0.0,348.15,PayPal,No
T02931,C0163,2025-12-31,Speaker,Electronics,1,213.34,0.0,213.34,Credit Card,No
T02932,C0287,2025-12-31,Laptop,Electronics,1,822.22,0.05,781.11,Debit Card,Yes
T02933,C0764,2025-05-19,Monitor,Electronics,1,500.25,0.0,500.25,Credit Card,No
T02934,C1216,2024-11-11,Tablet,Electronics,1,297.16,0.0,297.16,PayPal,No
T02935,C0233,2025-01-29,Smartwatch,Electronics,1,143.31,0.0,143.31,Debit Card,Yes
T02936,C1005,2024-06-03,Phone,Electronics,1,473.42,0.0,473.42,Debit Card,No
T02937,C0498,2025-12-31,Laptop,Electronics,1,806.93,0.1,726.23,Mobile Payment,Yes
T02938,C0524,2025-11-11,Headphones,Electronics,2,112.51,0.15,191.27,PayPal,No
T02939,C1008,2025-12-31,Laptop,Electronics,2,756.23,0.1,1361.21,Mobile Payment,No
T02940,C0722,2025-09-03,Tablet,Electronics,1,380.74,0.15,323.63,Credit Card,No
T02941,C1246,2025-12-31,Mouse,Electronics,1,43.89,0.15,37.31,PayPal,No
T02942,C0241,2025-06-27,Tablet,Electronics,1,338.98,0.15,288.14,PayPal,No
T02943,C1211,2024-08-26,Tablet,Electronics,4,490.52,0.0,1962.07,Credit Card,Yes
T02944,C0103,2025-10-06,Phone,Electronics,1,749.86,0.0,749.86,PayPal,No
T02945,C0295,2025-03-07,Phone,Electronics,1,481.4,0.1,433.26,Credit Card,No
T02946,C1001,2025-06-08,Monitor,Electronics,4,267.91,0.0,1071.63,PayPal,No
T02947,C1302,2024-12-22,Mouse,Electronics,1,57.02,0.15,48.47,Credit Card,No
T02948,C0382,2025-06-06,Monitor,Electronics,2,504.47,0.15,857.61,PayPal,Yes
T02949,C0501,2024-12-03,Phone,Electronics,1,668.97,0.15,568.63,Debit Card,No
T02950,C0811,2024-10-26,Mouse,Electronics,1,18.23,0.0,18.23,Debit Card,No
T02951,C0320,2024-12-26,Keyboard,Electronics,1,99.39,0.0,99.39,Debit Card,No
T02952,C1245,2025-09-29,Headphones,Electronics,3,218.28,0.05,622.11,Debit Card,No
T02953,C1185,2025-04-19,Headphones,Electronics,1,97.09,0.0,97.09,Debit Card,No
T02954,C0224,2025-05-26,Phone,Electronics,1,536.47,0.15,456.0,Debit Card,No
T02955,C0717,2025-05-04,Phone,Electronics,3,436.81,0.1,1179.4,Mobile Payment,No
T02956,C1189,2025-01-21,Headphones,Electronics,2,124.56,0.15,211.76,Mobile Payment,No
T02957,C0515,2024-12-04,Laptop,Electronics,1,812.64,0.05,772.01,Debit Card,No
T02958,C0958,2025-09-06,Headphones,Electronics,1,76.93,0.0,76.93,PayPal,No
T02959,C0079,2025-12-31,Keyboard,Electronics,1,135.32,0.1,121.79,PayPal,No
T02960,C0920,2025-03-17,Speaker,Electronics,2,75.95,0.0,151.91,Mobile Payment,No
T02961,C0237,2025-09-29,Keyboard,Electronics,2,168.55,0.15,286.54,Credit Card,No
T02962,C1273,2024-12-16,Keyboard,Electronics,1,72.73,0.0,72.73,Debit Card,Yes
T02963,C0542,2025-05-13,Headphones,Electronics,1,139.25,0.0,139.25,Credit Card,No
T02964,C0429,2025-03-27,Phone,Electronics,3,459.19,0.1,1239.81,Debit Card,No
T02965,C1289,2024-12-03,Headphones,Electronics,1,120.83,0.0,120.83,PayPal,No
T02966,C0079,2025-12-31,Keyboard,Electronics,1,165.09,0.0,165.09,Mobile Payment,No
T02967,C0614,2024-09-19,Mouse,Electronics,1,20.83,0.0,20.83,Mobile Payment,No
T02968,C0569,2025-04-11,Smartwatch,Electronics,2,308.34,0.0,616.68,Debit Card,No
T02969,C0435,2025-01-23,Tablet,Electronics,1,442.06,0.0,442.06,Credit Card,No
T02970,C1383,2025-12-31,Tablet,Electronics,2,492.58,0.1,886.65,Debit Card,No
T02971,C1151,2025-12-31,Keyboard,Electronics,1,33.66,0.05,31.98,Credit Card,No
T02972,C0102,2024-06-04,Keyboard,Electronics,1,143.02,0.0,143.02,PayPal,No
T02973,C1093,2024-04-03,Phone,Electronics,1,333.06,0.05,316.4,PayPal,No
T02974,C0800,2025-02-19,Keyboard,Electronics,1,174.55,0.0,174.55,PayPal,No
T02975,C1374,2025-12-31,Headphones,Electronics,2,181.86,0.0,363.73,Debit Card,No
T02976,C0482,2024-08-13,Mouse,Electronics,1,56.89,0.05,54.05,Mobile Payment,No
T02977,C0870,2025-01-08,Tablet,Electronics,1,614.36,0.05,583.64,PayPal,No
T02978,C0764,2025-12-24,Keyboard,Electronics,2,51.21,0.1,92.17,PayPal,No
T02979,C0755,2025-03-28,Smartwatch,Electronics,3,347.58,0.1,938.47,Mobile Payment,Yes
T02980,C0708,2025-10-04,Speaker,Electronics,2,226.37,0.05,430.11,Credit Card,No
T02981,C0309,2024-06-05,Speaker,Electronics,1,65.58,0.05,62.3,Credit Card,Yes
T02982,C1154,2025-04-29,Monitor,Electronics,1,391.47,0.0,391.47,PayPal,No
T02983,C0699,2025-12-05,Monitor,Electronics,2,469.89,0.0,939.79,PayPal,No
T02984,C1441,2025-11-07,Headphones,Electronics,2,146.47,0.1,263.65,Debit Card,No
T02985,C0393,2025-04-09,Laptop,Electronics,1,996.76,0.05,946.93,PayPal,No
T02986,C1037,2024-12-16,Phone,Electronics,1,411.29,0.05,390.73,Debit Card,No
T02987,C1419,2025-01-18,Laptop,Electronics,1,866.76,0.0,866.76,Credit Card,No
T02988,C1009,2024-07-13,Mouse,Electronics,1,93.79,0.2,75.03,Debit Card,No
T02989,C1326,2025-08-08,Headphones,Electronics,1,74.6,0.0,74.6,Mobile Payment,No
T02990,C1269,2025-10-10,Laptop,Electronics,1,1373.68,0.1,1236.32,PayPal,No
T02991,C0551,2025-12-31,Mouse,Electronics,1,32.87,0.0,32.87,Debit Card,No
T02992,C0907,2024-04-28,Mouse,Electronics,1,47.66,0.0,47.66,Credit Card,No
T02993,C0242,2025-10-16,Mouse,Electronics,1,16.05,0.0,16.05,Mobile Payment,No
T02994,C0809,2025-12-13,Keyboard,Electronics,1,164.99,0.05,156.74,Credit Card,No
T02995,C0343,2024-12-08,Phone,Electronics,1,317.83,0.0,317.83,PayPal,No
T02996,C1138,2024-09-10,Laptop,Electronics,1,950.13,0.0,950.13,Debit Card,No
T02997,C0800,2025-07-02,Smartwatch,Electronics,2,304.33,0.0,608.66,Debit Card,No
T02998,C0637,2025-01-04,Phone,Electronics,1,764.73,0.05,726.5,Debit Card,No
T02999,C0410,2024-07-10,Keyboard,Electronics,1,155.43,0.0,155.43,PayPal,No
T03000,C1497,2024-02-25,Monitor,Electronics,2,561.35,0.0,1122.7,Credit Card,No
T03001,C0110,2025-08-09,Speaker,Electronics,2,276.88,0.0,553.76,Debit Card,No
T03002,C0068,2025-09-18,Keyboard,Electronics,1,144.43,0.1,129.98,Mobile Payment,No
T03003,C0328,2025-03-31,Keyboard,Electronics,1,115.28,0.1,103.75,PayPal,No
T03004,C1461,2025-05-30,Tablet,Electronics,1,443.93,0.1,399.54,Credit Card,No
T03005,C1472,2025-12-31,Speaker,Electronics,1,43.36,0.0,43.36,Debit Card,No
T03006,C0998,2025-12-31,Keyboard,Electronics,2,137.0,0.1,246.6,Credit Card,No
T03007,C1342,2024-09-25,Laptop,Electronics,1,858.67,0.2,686.94,Debit Card,No
T03008,C0323,2024-02-28,Keyboard,Electronics,2,153.45,0.05,291.55,Credit Card,No
T03009,C1461,2025-12-31,Headphones,Electronics,1,135.22,0.0,135.22,Debit Card,No
T03010,C0220,2025-06-21,Laptop,Electronics,1,1391.07,0.05,1321.52,Debit Card,No
T03011,C0156,2025-08-28,Headphones,Electronics,3,69.95,0.0,209.86,Debit Card,No
T03012,C0173,2025-05-04,Smartwatch,Electronics,2,269.8,0.05,512.63,PayPal,No
T03013,C0868,2025-10-10,Monitor,Electronics,2,396.39,0.0,792.78,Mobile Payment,No
T03014,C1200,2025-12-31,Mouse,Electronics,1,94.2,0.05,89.49,Credit Card,No
T03015,C0562,2024-06-02,Mouse,Electronics,1,37.61,0.0,37.61,Debit Card,Yes
T03016,C1470,2025-02-28,Mouse,Electronics,1,20.05,0.05,19.05,Debit Card,No
T03017,C0673,2024-07-06,Headphones,Electronics,3,133.33,0.05,380.0,Mobile Payment,No
T03018,C0234,2024-11-09,Headphones,Electronics,1,129.11,0.0,129.11,Debit Card,No
T03019,C0722,2025-12-31,Laptop,Electronics,3,918.2,0.0,2754.59,PayPal,No
T03020,C1033,2024-08-30,Phone,Electronics,2,891.25,0.0,1782.5,PayPal,No
T03021,C1278,2025-10-18,Speaker,Electronics,1,58.12,0.05,55.22,Mobile Payment,No
T03022,C0710,2024-12-25,Camera,Electronics,1,812.57,0.05,771.94,Credit Card,No
T03023,C0899,2025-07-06,Tablet,Electronics,2,302.3,0.0,604.6,Mobile Payment,No
T03024,C0408,2025-12-31,Headphones,Electronics,2,30.36,0.0,60.73,PayPal,No
T03025,C0986,2025-05-12,Speaker,Electronics,1,296.84,0.05,282.0,Debit Card,No
T03026,C1480,2025-12-31,Tablet,Electronics,1,406.36,0.0,406.36,Credit Card,Yes
T03027,C0078,2025-12-31,Keyboard,Electronics,1,157.86,0.2,126.29,PayPal,No
T03028,C1354,2025-01-24,Laptop,Electronics,1,1288.05,0.05,1223.64,Credit Card,No
T03029,C0848,2025-07-08,Keyboard,Electronics,2,150.9,0.05,286.72,Mobile Payment,No
T03030,C0381,2024-06-18,Speaker,Electronics,4,159.34,0.0,637.38,Credit Card,Yes
T03031,C1437,2024-06-04,Camera,Electronics,1,1106.33,0.05,1051.02,PayPal,No
T03032,C0743,2025-01-18,Monitor,Electronics,2,315.27,0.0,630.55,Debit Card,No
T03033,C0506,2025-03-24,Mouse,Electronics,1,49.71,0.0,49.71,Credit Card,No
T03034,C0278,2025-02-26,Keyboard,Electronics,1,64.63,0.0,64.63,Mobile Payment,No
T03035,C0367,2025-12-31,Laptop,Electronics,1,1013.66,0.0,1013.66,Mobile Payment,No
T03036,C1278,2025-12-31,Phone,Electronics,2,891.23,0.1,1604.21,Credit Card,No
T03037,C0928,2025-12-21,Speaker,Electronics,1,189.04,0.0,189.04,Mobile Payment,No
T03038,C1384,2025-03-14,Tablet,Electronics,1,570.62,0.0,570.62,Debit Card,No
T03039,C0346,2025-07-17,Headphones,Electronics,4,80.04,0.0,320.14,Credit Card,No
T03040,C0184,2025-12-31,Monitor,Electronics,3,580.16,0.1,1566.44,Debit Card,No
T03041,C0011,2025-05-15,Speaker,Electronics,1,43.43,0.0,43.43,Credit Card,No
T03042,C0770,2025-03-05,Mouse,Electronics,1,94.07,0.2,75.26,Credit Card,No
T03043,C1497,2024-05-01,Keyboard,Electronics,3,164.19,0.2,394.06,Debit Card,No
T03044,C1059,2024-09-26,Monitor,Electronics,2,180.31,0.2,288.5,Debit Card,Yes
T03045,C0475,2025-12-31,Mouse,Electronics,3,66.41,0.2,159.39,Credit Card,No
T03046,C1336,2025-03-21,Mouse,Electronics,1,81.75,0.0,81.75,Credit Card,No
T03047,C1201,2025-11-27,Speaker,Electronics,1,144.99,0.05,137.74,PayPal,No
T03048,C0027,2025-07-02,Keyboard,Electronics,1,39.24,0.0,39.24,Mobile Payment,No
T03049,C1254,2025-01-09,Headphones,Electronics,1,187.59,0.1,168.83,Credit Card,No
T03050,C0462,2025-12-31,Smartwatch,Electronics,3,195.28,0.0,585.85,Credit Card,Yes
T03051,C0232,2024-11-15,Smartwatch,Electronics,2,136.34,0.0,272.69,PayPal,No
T03052,C0338,2025-08-16,Phone,Electronics,1,296.06,0.15,251.65,Mobile Payment,No
T03053,C0724,2025-01-25,Tablet,Electronics,1,480.88,0.0,480.88,PayPal,No
T03054,C0655,2025-12-31,Speaker,Electronics,1,51.0,0.1,45.9,Credit Card,No
T03055,C0445,2024-10-21,Headphones,Electronics,1,180.31,0.05,171.29,Credit Card,Yes
T03056,C0267,2025-11-08,Monitor,Electronics,2,496.84,0.05,943.99,Debit Card,No
T03057,C1166,2024-05-02,Tablet,Electronics,1,331.78,0.0,331.78,Credit Card,Yes
T03058,C1485,2025-11-24,Monitor,Electronics,1,362.53,0.0,362.53,Credit Card,No
T03059,C1195,2025-12-28,Mouse,Electronics,2,71.88,0.15,122.2,Debit Card,No
T03060,C0455,2025-12-31,Monitor,Electronics,1,581.61,0.0,581.61,Debit Card,No
T03061,C0368,2025-09-26,Tablet,Electronics,1,424.47,0.0,424.47,Debit Card,No
T03062,C0328,2024-09-02,Phone,Electronics,1,897.84,0.0,897.84,Debit Card,No
T03063,C0210,2025-05-31,Speaker,Electronics,2,124.53,0.15,211.7,Mobile Payment,No
T03064,C0832,2025-02-19,Camera,Electronics,1,773.84,0.0,773.84,Mobile Payment,No
T03065,C0917,2025-08-22,Smartwatch,Electronics,1,93.53,0.0,93.53,Credit Card,Yes
T03066,C1075,2025-03-30,Mouse,Electronics,1,62.3,0.0,62.3,Debit Card,No
T03067,C1033,2024-09-27,Monitor,Electronics,1,391.34,0.0,391.34,PayPal,No
T03068,C0449,2025-08-24,Camera,Electronics,2,1063.93,0.05,2021.47,Credit Card,No
T03069,C0505,2025-09-08,Smartwatch,Electronics,2,349.0,0.2,558.4,Mobile Payment,No
T03070,C1035,2024-06-16,Smartwatch,Electronics,2,345.99,0.0,691.98,Mobile Payment,No
T03071,C0532,2024-10-02,Tablet,Electronics,1,291.06,0.0,291.06,Credit Card,No
T03072,C0321,2024-10-18,Headphones,Electronics,2,94.3,0.1,169.75,PayPal,No
T03073,C0577,2025-10-30,Mouse,Electronics,2,38.35,0.0,76.69,PayPal,No
T03074,C0418,2025-01-31,Headphones,Electronics,1,67.94,0.0,67.94,Credit Card,No
T03075,C0142,2025-12-31,Monitor,Electronics,1,217.56,0.1,195.81,Debit Card,No
T03076,C1272,2025-04-17,Mouse,Electronics,1,58.5,0.0,58.5,Credit Card,No
T03077,C1300,2025-11-06,Headphones,Electronics,1,195.77,0.0,195.77,Mobile Payment,No
T03078,C0329,2025-01-24,Smartwatch,Electronics,1,231.06,0.05,219.51,Mobile Payment,No
T03079,C0104,2025-12-31,Phone,Electronics,1,817.23,0.0,817.23,Credit Card,No
T03080,C1131,2024-08-25,Mouse,Electronics,1,96.56,0.0,96.56,PayPal,No
T03081,C0320,2024-08-04,Phone,Electronics,2,499.04,0.0,998.08,Credit Card,Yes
T03082,C0607,2025-12-31,Speaker,Electronics,2,257.27,0.0,514.55,Mobile Payment,No
T03083,C0103,2025-12-14,Tablet,Electronics,1,204.6,0.2,163.68,Mobile Payment,No
T03084,C0338,2025-12-05,Smartwatch,Electronics,1,199.51,0.05,189.54,Credit Card,No
T03085,C1215,2025-03-07,Monitor,Electronics,2,315.73,0.0,631.47,Debit Card,No
T03086,C1234,2025-12-31,Phone,Electronics,1,383.15,0.0,383.15,Debit Card,No
T03087,C0311,2025-12-31,Keyboard,Electronics,1,92.95,0.05,88.3,Mobile Payment,No
T03088,C0513,2025-05-11,Speaker,Electronics,1,155.36,0.05,147.59,Debit Card,No
T03089,C0206,2024-09-13,Phone,Electronics,2,775.55,0.0,1551.1,Credit Card,No
T03090,C0114,2024-09-19,Tablet,Electronics,1,588.39,0.1,529.55,PayPal,Yes
T03091,C1486,2025-10-11,Headphones,Electronics,2,154.82,0.15,263.19,Credit Card,No
T03092,C0999,2025-12-31,Tablet,Electronics,1,477.69,0.05,453.81,PayPal,No
T03093,C0821,2025-06-04,Speaker,Electronics,2,68.65,0.05,130.43,Debit Card,No
T03094,C1169,2024-02-11,Headphones,Electronics,1,139.3,0.1,125.37,PayPal,No
T03095,C1289,2024-08-11,Mouse,Electronics,4,38.33,0.1,137.98,PayPal,No
T03096,C1237,2024-08-30,Phone,Electronics,1,441.6,0.0,441.6,Credit Card,No
T03097,C0027,2025-04-12,Phone,Electronics,1,311.6,0.0,311.6,Mobile Payment,No
T03098,C0285,2025-12-31,Phone,Electronics,1,663.31,0.0,663.31,Debit Card,No
T03099,C0998,2025-05-15,Headphones,Electronics,3,140.92,0.15,359.36,PayPal,No
T03100,C0581,2025-03-26,Keyboard,Electronics,2,59.14,0.0,118.28,Debit Card,No
T03101,C1477,2024-09-18,Laptop,Electronics,1,884.13,0.15,751.51,Mobile Payment,No
T03102,C1012,2025-12-31,Camera,Electronics,1,995.7,0.05,945.92,Debit Card,No
T03103,C1439,2025-10-16,Monitor,Electronics,1,506.82,0.0,506.82,PayPal,No
T03104,C0303,2025-12-31,Phone,Electronics,1,570.51,0.1,513.45,Credit Card,No
T03105,C1315,2024-12-12,Laptop,Electronics,1,804.3,0.0,804.3,Credit Card,No
T03106,C0493,2024-08-09,Laptop,Electronics,1,738.91,0.0,738.91,Mobile Payment,No
T03107,C1484,2025-11-21,Tablet,Electronics,2,307.59,0.1,553.66,Mobile Payment,No
T03108,C0244,2025-09-24,Monitor,Electronics,1,479.03,0.1,431.13,Debit Card,No
T03109,C0782,2024-10-07,Camera,Electronics,1,840.73,0.0,840.73,PayPal,No
T03110,C1215,2025-11-02,Speaker,Electronics,1,226.71,0.15,192.7,Mobile Payment,No
T03111,C0671,2025-12-31,Camera,Electronics,3,724.57,0.0,2173.72,Credit Card,No
T03112,C0723,2025-03-29,Tablet,Electronics,1,534.71,0.0,534.71,Mobile Payment,No
T03113,C1480,2025-08-20,Tablet,Electronics,1,405.98,0.0,405.98,Mobile Payment,No
T03114,C0655,2025-12-31,Speaker,Electronics,2,61.84,0.0,123.69,PayPal,No
T03115,C0915,2024-07-28,Mouse,Electronics,2,21.79,0.15,37.04,Debit Card,No
T03116,C0085,2025-04-18,Tablet,Electronics,2,570.81,0.15,970.37,Mobile Payment,No
T03117,C1291,2024-04-19,Tablet,Electronics,2,475.92,0.05,904.25,PayPal,No
T03118,C0990,2024-09-14,Headphones,Electronics,1,83.03,0.2,66.43,PayPal,No
T03119,C0626,2024-05-14,Keyboard,Electronics,1,142.36,0.0,142.36,Mobile Payment,No
T03120,C0027,2025-06-08,Camera,Electronics,2,422.16,0.1,759.89,Credit Card,No
T03121,C0896,2025-05-05,Phone,Electronics,3,669.41,0.0,2008.22,Credit Card,No
T03122,C0021,2024-11-15,Phone,Electronics,1,893.17,0.0,893.17,Mobile Payment,No
T03123,C0002,2025-12-31,Headphones,Electronics,1,58.5,0.0,58.5,Credit Card,No
T03124,C0931,2024-05-27,Tablet,Electronics,1,246.71,0.1,222.04,Credit Card,No
T03125,C0287,2025-12-31,Keyboard,Electronics,2,97.51,0.0,195.03,Mobile Payment,No
T03126,C0292,2025-09-18,Mouse,Electronics,1,69.63,0.2,55.7,Debit Card,No
T03127,C0994,2024-10-30,Tablet,Electronics,2,192.48,0.1,346.46,Mobile Payment,No
T03128,C0083,2024-07-02,Mouse,Electronics,1,57.47,0.0,57.47,Debit Card,No
T03129,C0482,2024-08-16,Headphones,Electronics,1,45.8,0.0,45.8,Debit Card,No
T03130,C0232,2024-05-25,Mouse,Electronics,3,35.51,0.05,101.21,Mobile Payment,No
T03131,C0880,2025-03-19,Mouse,Electronics,2,75.55,0.05,143.55,Debit Card,No
T03132,C1008,2025-07-29,Tablet,Electronics,1,527.27,0.05,500.9,PayPal,No
T03133,C1109,2025-09-19,Mouse,Electronics,1,77.03,0.05,73.18,Mobile Payment,No
T03134,C0385,2024-11-23,Headphones,Electronics,1,42.38,0.0,42.38,Debit Card,No
T03135,C0143,2025-05-09,Headphones,Electronics,1,179.48,0.1,161.54,Credit Card,Yes
T03136,C0124,2025-12-31,Tablet,Electronics,2,383.14,0.0,766.27,PayPal,No
T03137,C0658,2024-11-23,Headphones,Electronics,2,120.31,0.05,228.59,Debit Card,No
T03138,C1426,2025-03-12,Smartwatch,Electronics,1,181.71,0.0,181.71,Credit Card,No
T03139,C0328,2024-10-12,Tablet,Electronics,1,582.8,0.15,495.38,Credit Card,No
T03140,C0388,2025-11-27,Mouse,Electronics,2,72.8,0.05,138.32,PayPal,No
T03141,C0155,2025-03-22,Speaker,Electronics,3,170.01,0.1,459.02,Credit Card,No
T03142,C0917,2024-07-19,Headphones,Electronics,1,188.51,0.15,160.24,Debit Card,No
T03143,C1033,2025-07-02,Laptop,Electronics,1,1263.75,0.0,1263.75,Debit Card,No
T03144,C0978,2024-07-07,Laptop,Electronics,2,703.53,0.05,1336.71,Credit Card,No
T03145,C1311,2024-05-03,Phone,Electronics,1,561.27,0.15,477.08,Mobile Payment,No
T03146,C0748,2025-04-22,Phone,Electronics,2,277.46,0.1,499.43,PayPal,No
T03147,C0207,2025-02-06,Mouse,Electronics,2,41.11,0.0,82.22,PayPal,No
T03148,C0446,2025-12-31,Tablet,Electronics,2,557.8,0.0,1115.61,Debit Card,No
T03149,C1009,2024-09-18,Mouse,Electronics,1,95.24,0.0,95.24,PayPal,No
T03150,C0927,2025-01-12,Laptop,Electronics,4,869.45,0.15,2956.12,Credit Card,No
T03151,C0806,2025-04-25,Tablet,Electronics,2,190.07,0.0,380.14,Credit Card,No
T03152,C1038,2024-10-26,Tablet,Electronics,2,369.1,0.0,738.2,Debit Card,No
T03153,C0966,2025-08-14,Tablet,Electronics,3,337.51,0.0,1012.52,Debit Card,No
T03154,C1344,2024-08-22,Phone,Electronics,1,690.03,0.0,690.03,Credit Card,No
T03155,C0889,2025-09-05,Keyboard,Electronics,1,101.73,0.2,81.39,Debit Card,No
T03156,C1198,2025-12-06,Mouse,Electronics,1,48.9,0.0,48.9,Credit Card,No
T03157,C0373,2025-12-11,Phone,Electronics,1,399.21,0.0,399.21,PayPal,No
T03158,C1032,2024-05-28,Mouse,Electronics,1,85.42,0.0,85.42,Credit Card,No
T03159,C1375,2025-04-05,Tablet,Electronics,2,296.74,0.15,504.46,Mobile Payment,No
T03160,C0599,2024-08-03,Tablet,Electronics,1,205.73,0.0,205.73,PayPal,No
T03161,C1199,2024-09-15,Smartwatch,Electronics,2,223.74,0.0,447.47,Debit Card,No
T03162,C1112,2025-12-31,Speaker,Electronics,1,122.51,0.0,122.51,PayPal,No
T03163,C0092,2025-02-08,Smartwatch,Electronics,3,266.61,0.05,759.83,Debit Card,Yes
T03164,C0881,2025-12-31,Phone,Electronics,1,302.57,0.2,242.05,Credit Card,No
T03165,C0200,2025-03-28,Speaker,Electronics,2,291.24,0.2,465.98,Credit Card,No
T03166,C1454,2025-02-17,Mouse,Electronics,2,30.88,0.2,49.41,Debit Card,No
T03167,C1245,2025-12-31,Monitor,Electronics,1,310.68,0.0,310.68,Debit Card,No
T03168,C0171,2025-11-26,Speaker,Electronics,2,165.05,0.15,280.58,Credit Card,No
T03169,C0184,2025-05-08,Smartwatch,Electronics,1,318.13,0.0,318.13,Mobile Payment,No
T03170,C0901,2024-03-29,Mouse,Electronics,1,76.42,0.0,76.42,PayPal,No
T03171,C0527,2025-08-17,Camera,Electronics,2,430.35,0.0,860.69,Mobile Payment,No
T03172,C0049,2025-10-30,Headphones,Electronics,1,113.34,0.0,113.34,PayPal,No
T03173,C0821,2025-02-23,Mouse,Electronics,1,61.15,0.0,61.15,Mobile Payment,No
T03174,C0603,2025-12-31,Phone,Electronics,1,706.38,0.15,600.42,Credit Card,Yes
T03175,C0156,2025-11-11,Speaker,Electronics,1,188.67,0.15,160.37,PayPal,No
T03176,C1230,2025-07-08,Keyboard,Electronics,2,95.89,0.0,191.77,Credit Card,No
T03177,C1385,2025-09-25,Smartwatch,Electronics,1,282.01,0.0,282.01,Credit Card,No
T03178,C1154,2025-07-10,Headphones,Electronics,1,101.83,0.1,91.65,Mobile Payment,No
T03179,C1263,2025-10-28,Smartwatch,Electronics,1,346.28,0.0,346.28,Debit Card,No
T03180,C0327,2025-12-31,Headphones,Electronics,1,210.08,0.15,178.57,Debit Card,No
T03181,C0398,2025-11-23,Keyboard,Electronics,1,134.64,0.1,121.18,Credit Card,No
T03182,C0313,2025-08-30,Smartwatch,Electronics,3,315.96,0.1,853.09,Debit Card,No
T03183,C1169,2024-08-26,Phone,Electronics,1,505.56,0.15,429.73,Credit Card,Yes
T03184,C1427,2025-12-12,Headphones,Electronics,1,140.48,0.15,119.41,Debit Card,No
T03185,C1099,2025-04-03,Keyboard,Electronics,1,67.26,0.15,57.17,PayPal,No
T03186,C1344,2024-12-15,Headphones,Electronics,1,198.27,0.1,178.44,PayPal,No
T03187,C0970,2025-11-16,Tablet,Electronics,2,401.38,0.05,762.63,Debit Card,No
T03188,C0602,2025-05-10,Tablet,Electronics,3,431.99,0.0,1295.96,PayPal,No
T03189,C0657,2024-05-28,Phone,Electronics,3,811.97,0.05,2314.11,Credit Card,Yes
T03190,C0116,2025-12-31,Camera,Electronics,2,1017.55,0.15,1729.84,Mobile Payment,No
T03191,C0045,2025-01-29,Speaker,Electronics,1,123.65,0.2,98.92,Credit Card,No
T03192,C1059,2025-11-03,Mouse,Electronics,1,22.43,0.05,21.31,Mobile Payment,Yes
T03193,C0682,2025-01-28,Laptop,Electronics,1,813.47,0.05,772.79,Debit Card,No
T03194,C0834,2025-01-12,Smartwatch,Electronics,1,158.34,0.15,134.59,Debit Card,Yes
T03195,C0844,2025-08-02,Keyboard,Electronics,1,72.32,0.0,72.32,PayPal,No
T03196,C0427,2024-05-26,Smartwatch,Electronics,1,71.11,0.0,71.11,Mobile Payment,No
T03197,C0734,2025-12-07,Headphones,Electronics,4,112.09,0.0,448.37,Debit Card,No
T03198,C0727,2025-12-29,Laptop,Electronics,2,774.1,0.15,1315.96,Credit Card,No
T03199,C0604,2025-11-28,Mouse,Electronics,1,33.78,0.0,33.78,Debit Card,No
T03200,C1261,2025-03-15,Headphones,Electronics,1,179.62,0.0,179.62,Credit Card,Yes
T03201,C0699,2025-12-31,Camera,Electronics,1,745.39,0.0,745.39,Credit Card,No
T03202,C0912,2025-06-20,Mouse,Electronics,1,46.7,0.0,46.7,Credit Card,No
T03203,C1366,2025-12-31,Headphones,Electronics,1,65.23,0.1,58.71,Debit Card,No
T03204,C1316,2025-10-05,Mouse,Electronics,1,88.63,0.0,88.63,Credit Card,No
T03205,C1360,2024-09-10,Monitor,Electronics,1,556.66,0.0,556.66,Mobile Payment,No
T03206,C0412,2025-12-31,Phone,Electronics,1,587.14,0.1,528.43,PayPal,No
T03207,C0049,2025-12-28,Headphones,Electronics,1,205.04,0.05,194.79,Debit Card,No
T03208,C0393,2025-02-01,Phone,Electronics,1,552.11,0.0,552.11,Mobile Payment,Yes
T03209,C0427,2025-03-07,Laptop,Electronics,1,775.07,0.2,620.06,Debit Card,No
T03210,C1380,2025-04-07,Tablet,Electronics,1,188.01,0.0,188.01,PayPal,No
T03211,C0990,2024-11-03,Phone,Electronics,2,333.45,0.1,600.2,Mobile Payment,No
T03212,C0128,2025-02-07,Laptop,Electronics,1,1135.86,0.0,1135.86,PayPal,No
T03213,C0209,2025-03-20,Smartwatch,Electronics,1,153.06,0.0,153.06,Credit Card,No
T03214,C0240,2025-05-31,Laptop,Electronics,2,1153.82,0.0,2307.63,Credit Card,No
T03215,C0955,2025-12-31,Headphones,Electronics,1,126.52,0.0,126.52,Debit Card,No
T03216,C1126,2024-07-30,Headphones,Electronics,1,93.27,0.0,93.27,Credit Card,No
T03217,C1310,2025-10-22,Phone,Electronics,2,392.14,0.0,784.28,Mobile Payment,No
T03218,C1419,2025-09-26,Speaker,Electronics,2,61.07,0.1,109.93,Credit Card,No
T03219,C0304,2024-07-13,Keyboard,Electronics,1,146.27,0.0,146.27,PayPal,No
T03220,C0477,2025-03-28,Smartwatch,Electronics,3,297.51,0.15,758.65,Credit Card,No
T03221,C0359,2024-12-21,Monitor,Electronics,3,393.65,0.05,1121.91,PayPal,No
T03222,C0550,2025-12-31,Mouse,Electronics,3,28.35,0.0,85.06,Debit Card,No
T03223,C1385,2025-06-11,Speaker,Electronics,1,108.52,0.05,103.09,PayPal,No
T03224,C0873,2024-11-09,Headphones,Electronics,2,211.48,0.0,422.96,PayPal,No
T03225,C1129,2025-12-31,Monitor,Electronics,2,251.67,0.1,453.01,Credit Card,No
T03226,C0756,2025-08-12,Monitor,Electronics,1,175.56,0.2,140.45,Debit Card,No
T03227,C0041,2025-09-15,Speaker,Electronics,2,183.01,0.05,347.72,Mobile Payment,No
T03228,C0103,2024-09-22,Tablet,Electronics,1,303.1,0.15,257.63,Credit Card,No
T03229,C0811,2025-04-18,Mouse,Electronics,1,96.38,0.0,96.38,Credit Card,No
T03230,C1103,2024-05-04,Phone,Electronics,3,623.6,0.0,1870.8,PayPal,No
T03231,C0325,2025-01-26,Speaker,Electronics,2,291.11,0.0,582.22,PayPal,No
T03232,C1109,2025-08-04,Keyboard,Electronics,2,146.76,0.0,293.53,Debit Card,No
T03233,C1244,2025-12-31,Camera,Electronics,2,950.78,0.1,1711.4,Mobile Payment,No
T03234,C0637,2024-05-21,Camera,Electronics,1,1047.33,0.0,1047.33,Debit Card,No
T03235,C1145,2024-05-26,Keyboard,Electronics,1,118.76,0.0,118.76,Debit Card,No
T03236,C0626,2024-10-13,Mouse,Electronics,3,15.95,0.05,45.44,Mobile Payment,No
T03237,C1032,2024-08-12,Mouse,Electronics,1,48.36,0.0,48.36,Credit Card,No
T03238,C1169,2025-03-18,Monitor,Electronics,2,248.56,0.1,447.4,Credit Card,No
T03239,C1486,2024-11-28,Headphones,Electronics,1,112.52,0.0,112.52,Debit Card,No
T03240,C0528,2025-12-31,Phone,Electronics,4,555.86,0.0,2223.43,Credit Card,No
T03241,C0637,2025-07-22,Headphones,Electronics,2,54.29,0.0,108.58,Mobile Payment,No
T03242,C0255,2025-04-13,Speaker,Electronics,1,46.09,0.0,46.09,Debit Card,No
T03243,C0308,2025-04-01,Tablet,Electronics,2,244.95,0.0,489.91,Mobile Payment,No
T03244,C1056,2025-07-20,Smartwatch,Electronics,2,308.65,0.0,617.31,Debit Card,No
T03245,C1387,2025-07-17,Laptop,Electronics,1,1229.1,0.2,983.28,Mobile Payment,No
T03246,C0610,2025-07-31,Monitor,Electronics,1,509.5,0.0,509.5,Debit Card,No
T03247,C0276,2025-09-17,Laptop,Electronics,1,893.41,0.05,848.74,Mobile Payment,Yes
T03248,C0435,2024-03-22,Monitor,Electronics,1,256.24,0.0,256.24,PayPal,No
T03249,C0705,2025-12-31,Laptop,Electronics,2,726.16,0.0,1452.32,Mobile Payment,No
T03250,C0448,2025-03-13,Keyboard,Electronics,1,98.2,0.0,98.2,PayPal,No
T03251,C0349,2025-02-26,Keyboard,Electronics,2,84.27,0.1,151.69,Credit Card,No
T03252,C1127,2025-12-31,Smartwatch,Electronics,1,302.41,0.05,287.29,Debit Card,Yes
T03253,C0014,2025-05-07,Keyboard,Electronics,1,130.69,0.0,130.69,Credit Card,No
T03254,C0815,2025-06-05,Speaker,Electronics,1,77.51,0.1,69.76,Debit Card,No
T03255,C1216,2025-05-31,Smartwatch,Electronics,1,346.27,0.0,346.27,PayPal,No
T03256,C0405,2024-05-04,Phone,Electronics,1,750.92,0.0,750.92,Credit Card,No
T03257,C0912,2024-09-19,Tablet,Electronics,1,518.51,0.2,414.81,PayPal,No
T03258,C1018,2025-10-09,Laptop,Electronics,2,851.63,0.0,1703.26,PayPal,No
T03259,C0999,2025-12-11,Headphones,Electronics,2,201.98,0.1,363.56,Mobile Payment,No
T03260,C0696,2025-12-31,Monitor,Electronics,2,363.26,0.1,653.88,PayPal,No
T03261,C0529,2025-08-07,Speaker,Electronics,1,117.39,0.0,117.39,Debit Card,No
T03262,C1283,2025-12-31,Monitor,Electronics,1,444.68,0.2,355.74,PayPal,No
T03263,C1159,2024-06-08,Smartwatch,Electronics,1,121.41,0.0,121.41,PayPal,No
T03264,C0492,2025-08-30,Tablet,Electronics,1,606.56,0.0,606.56,PayPal,No
T03265,C0159,2024-06-13,Phone,Electronics,1,805.32,0.0,805.32,Credit Card,No
T03266,C0110,2025-02-01,Smartwatch,Electronics,1,194.82,0.0,194.82,Debit Card,No
T03267,C0150,2025-12-31,Tablet,Electronics,2,269.61,0.0,539.22,Mobile Payment,No
T03268,C0884,2025-12-31,Camera,Electronics,2,746.85,0.05,1419.02,Debit Card,No
T03269,C0081,2025-12-31,Phone,Electronics,4,346.94,0.0,1387.76,PayPal,No
T03270,C0514,2025-02-07,Camera,Electronics,3,542.86,0.0,1628.59,Mobile Payment,No
T03271,C1152,2025-07-23,Smartwatch,Electronics,4,199.99,0.0,799.97,Debit Card,No
T03272,C0453,2025-07-02,Keyboard,Electronics,1,28.28,0.0,28.28,Credit Card,No
T03273,C1166,2024-11-02,Camera,Electronics,1,989.15,0.1,890.24,Credit Card,No
T03274,C1143,2025-03-12,Headphones,Electronics,1,67.41,0.1,60.67,Mobile Payment,No
T03275,C0369,2025-06-09,Phone,Electronics,3,813.3,0.1,2195.9,Credit Card,No
T03276,C1119,2025-12-31,Phone,Electronics,1,264.47,0.0,264.47,Mobile Payment,No
T03277,C1148,2025-02-27,Tablet,Electronics,1,430.1,0.05,408.6,Credit Card,No
T03278,C0615,2024-04-28,Headphones,Electronics,1,177.56,0.0,177.56,PayPal,No
T03279,C0317,2024-12-16,Camera,Electronics,1,514.15,0.0,514.15,Mobile Payment,No
T03280,C0790,2025-12-31,Phone,Electronics,1,709.91,0.05,674.41,Debit Card,No
T03281,C1394,2024-12-04,Speaker,Electronics,1,227.43,0.05,216.05,Debit Card,No
T03282,C0971,2025-05-18,Speaker,Electronics,2,205.84,0.0,411.68,Mobile Payment,No
T03283,C0268,2025-05-30,Mouse,Electronics,2,45.96,0.05,87.33,Mobile Payment,Yes
T03284,C1037,2024-09-04,Speaker,Electronics,1,244.12,0.2,195.29,Mobile Payment,No
T03285,C0660,2025-12-31,Smartwatch,Electronics,1,242.25,0.0,242.25,Debit Card,No
T03286,C0896,2025-06-15,Monitor,Electronics,2,415.67,0.0,831.35,Credit Card,No
T03287,C1125,2025-02-19,Keyboard,Electronics,1,151.97,0.0,151.97,Credit Card,No
T03288,C0780,2025-05-29,Keyboard,Electronics,1,62.92,0.0,62.92,Credit Card,No
T03289,C1248,2025-06-30,Phone,Electronics,3,401.12,0.0,1203.35,PayPal,No
T03290,C1110,2025-08-07,Phone,Electronics,1,501.19,0.15,426.01,Mobile Payment,No
T03291,C0929,2025-02-23,Monitor,Electronics,1,182.91,0.0,182.91,Credit Card,No
T03292,C0234,2024-10-24,Phone,Electronics,2,469.31,0.0,938.61,Mobile Payment,No
T03293,C1283,2025-12-31,Speaker,Electronics,1,145.63,0.2,116.5,PayPal,No
T03294,C1413,2025-04-24,Monitor,Electronics,1,372.78,0.05,354.14,Debit Card,No
T03295,C0211,2025-12-23,Headphones,Electronics,2,78.26,0.1,140.87,Mobile Payment,No
T03296,C0753,2025-09-28,Phone,Electronics,2,839.45,0.1,1511.01,Credit Card,No
T03297,C0390,2025-12-31,Headphones,Electronics,1,84.16,0.0,84.16,Credit Card,No
T03298,C1152,2025-10-19,Tablet,Electronics,2,580.23,0.0,1160.46,Debit Card,No
T03299,C1109,2025-01-15,Phone,Electronics,1,539.22,0.0,539.22,Debit Card,No
T03300,C0217,2025-09-18,Speaker,Electronics,1,226.72,0.05,215.38,Debit Card,No
T03301,C1336,2025-02-06,Tablet,Electronics,1,232.12,0.15,197.31,Mobile Payment,No
T03302,C0276,2025-06-15,Mouse,Electronics,1,61.29,0.0,61.29,Mobile Payment,No
T03303,C1222,2024-07-05,Phone,Electronics,1,874.54,0.0,874.54,Mobile Payment,No
T03304,C0709,2025-05-21,Speaker,Electronics,1,213.23,0.2,170.58,Mobile Payment,No
T03305,C0501,2025-12-31,Keyboard,Electronics,1,152.14,0.0,152.14,PayPal,No
T03306,C0244,2025-09-14,Mouse,Electronics,2,37.19,0.0,74.38,PayPal,No
T03307,C0258,2024-11-16,Smartwatch,Electronics,1,292.05,0.0,292.05,Credit Card,No
T03308,C1008,2025-11-30,Keyboard,Electronics,1,79.44,0.1,71.5,Credit Card,No
T03309,C0832,2024-11-10,Laptop,Electronics,2,1039.55,0.1,1871.2,Mobile Payment,No
T03310,C0185,2025-03-25,Headphones,Electronics,1,65.71,0.1,59.14,Credit Card,No
T03311,C0173,2025-11-05,Tablet,Electronics,1,408.28,0.1,367.45,Debit Card,Yes
T03312,C0110,2025-01-08,Monitor,Electronics,1,382.07,0.1,343.86,Debit Card,No
T03313,C1138,2024-11-27,Headphones,Electronics,1,148.24,0.1,133.42,PayPal,No
T03314,C1088,2024-07-26,Smartwatch,Electronics,2,311.9,0.0,623.81,Debit Card,No
T03315,C0091,2024-04-23,Tablet,Electronics,1,323.28,0.1,290.95,PayPal,No
T03316,C0847,2025-12-31,Phone,Electronics,1,889.69,0.05,845.2,Mobile Payment,No
T03317,C0134,2025-11-25,Speaker,Electronics,1,260.4,0.0,260.4,Credit Card,No
T03318,C1375,2025-09-01,Speaker,Electronics,1,144.76,0.1,130.28,Debit Card,No
T03319,C1378,2025-09-02,Speaker,Electronics,1,98.93,0.1,89.04,Debit Card,No
T03320,C1063,2025-02-14,Keyboard,Electronics,1,36.08,0.0,36.08,Debit Card,No
T03321,C1398,2025-10-29,Phone,Electronics,2,402.34,0.0,804.67,Debit Card,No
T03322,C1245,2025-11-04,Camera,Electronics,2,1096.07,0.0,2192.14,PayPal,No
T03323,C1271,2025-12-05,Phone,Electronics,2,439.82,0.0,879.64,Debit Card,No
T03324,C0864,2025-12-31,Phone,Electronics,2,339.69,0.0,679.37,Debit Card,No
T03325,C0473,2025-06-25,Phone,Electronics,1,264.74,0.1,238.26,Mobile Payment,No
T03326,C0328,2025-07-30,Mouse,Electronics,1,40.3,0.0,40.3,Credit Card,No
T03327,C0501,2025-04-04,Phone,Electronics,1,390.5,0.0,390.5,Credit Card,No
T03328,C0953,2024-09-24,Smartwatch,Electronics,1,89.64,0.0,89.64,Debit Card,No
T03329,C0268,2024-08-08,Laptop,Electronics,1,1365.76,0.0,1365.76,Debit Card,No
T03330,C0389,2024-12-28,Phone,Electronics,4,423.95,0.0,1695.82,Credit Card,No
T03331,C0723,2025-09-24,Headphones,Electronics,2,31.17,0.1,56.11,PayPal,No
T03332,C0347,2025-10-29,Headphones,Electronics,1,209.41,0.05,198.94,Debit Card,No
T03333,C0892,2025-04-07,Speaker,Electronics,1,190.41,0.1,171.37,Credit Card,No
T03334,C1395,2025-12-06,Speaker,Electronics,2,61.53,0.0,123.06,Credit Card,No
T03335,C1148,2025-08-19,Phone,Electronics,1,270.42,0.1,243.38,PayPal,No
T03336,C1014,2024-11-23,Speaker,Electronics,1,68.04,0.05,64.64,Debit Card,No
T03337,C0883,2025-08-19,Mouse,Electronics,1,65.28,0.1,58.75,Credit Card,No
T03338,C0753,2025-12-31,Headphones,Electronics,1,41.76,0.05,39.67,Mobile Payment,No
T03339,C0285,2025-02-18,Mouse,Electronics,3,63.29,0.05,180.38,Credit Card,No
T03340,C1366,2025-07-07,Speaker,Electronics,1,209.66,0.0,209.66,Credit Card,No
T03341,C0373,2025-04-24,Phone,Electronics,2,345.92,0.0,691.85,PayPal,No
T03342,C0146,2025-04-14,Phone,Electronics,1,567.48,0.0,567.48,Debit Card,No
T03343,C1150,2025-12-31,Headphones,Electronics,2,213.14,0.0,426.27,PayPal,No
T03344,C0269,2025-06-22,Phone,Electronics,1,793.72,0.05,754.03,Debit Card,No
T03345,C0573,2025-05-29,Headphones,Electronics,2,167.44,0.0,334.88,Credit Card,Yes
T03346,C0039,2025-12-24,Mouse,Electronics,2,59.01,0.15,100.31,PayPal,No
T03347,C0211,2025-12-24,Smartwatch,Electronics,1,174.34,0.0,174.34,Mobile Payment,No
T03348,C0268,2025-02-15,Tablet,Electronics,1,392.17,0.0,392.17,Debit Card,No
T03349,C0084,2025-12-31,Tablet,Electronics,4,539.37,0.15,1833.85,Debit Card,Yes
T03350,C1001,2025-07-04,Smartwatch,Electronics,1,220.75,0.0,220.75,Credit Card,No
T03351,C1285,2025-02-25,Headphones,Electronics,2,175.28,0.0,350.57,Mobile Payment,No
T03352,C0575,2025-07-20,Smartwatch,Electronics,2,341.26,0.15,580.15,PayPal,No
T03353,C1330,2025-03-30,Speaker,Electronics,1,206.53,0.05,196.21,Credit Card,No
T03354,C0323,2025-01-11,Speaker,Electronics,2,196.81,0.0,393.61,Mobile Payment,Yes
T03355,C0499,2025-01-07,Mouse,Electronics,1,49.52,0.0,49.52,Credit Card,No
T03356,C0234,2024-11-24,Headphones,Electronics,1,67.38,0.0,67.38,PayPal,No
T03357,C0941,2024-07-18,Laptop,Electronics,2,961.94,0.05,1827.69,PayPal,No
T03358,C0648,2024-09-09,Mouse,Electronics,2,59.21,0.0,118.42,Mobile Payment,No
T03359,C0927,2025-05-16,Speaker,Electronics,1,49.06,0.0,49.06,Credit Card,No
T03360,C1165,2025-08-23,Laptop,Electronics,3,1033.06,0.0,3099.19,Debit Card,No
T03361,C0827,2025-12-22,Laptop,Electronics,1,1303.5,0.1,1173.15,Debit Card,No
T03362,C0952,2025-12-31,Camera,Electronics,2,1178.96,0.05,2240.03,Credit Card,No
T03363,C1412,2025-03-21,Phone,Electronics,1,806.11,0.2,644.89,PayPal,No
T03364,C0461,2025-01-29,Phone,Electronics,1,361.79,0.0,361.79,Credit Card,Yes
T03365,C0550,2025-08-30,Speaker,Electronics,1,80.3,0.2,64.24,Debit Card,No
T03366,C1101,2025-12-31,Laptop,Electronics,1,975.32,0.0,975.32,Credit Card,No
T03367,C0925,2025-12-31,Phone,Electronics,1,396.53,0.0,396.53,Credit Card,No
T03368,C0274,2025-02-23,Keyboard,Electronics,3,129.78,0.0,389.34,Credit Card,No
T03369,C0583,2025-06-30,Smartwatch,Electronics,3,84.52,0.0,253.57,Credit Card,No
T03370,C0723,2025-12-08,Headphones,Electronics,1,114.31,0.15,97.16,PayPal,Yes
T03371,C0648,2024-06-08,Headphones,Electronics,1,83.27,0.2,66.61,Credit Card,No
T03372,C0274,2025-10-27,Mouse,Electronics,1,65.61,0.0,65.61,Mobile Payment,No
T03373,C1396,2025-12-16,Monitor,Electronics,2,508.68,0.0,1017.36,Credit Card,No
T03374,C1166,2024-09-04,Laptop,Electronics,1,1346.49,0.15,1144.52,PayPal,No
T03375,C0741,2025-12-31,Phone,Electronics,1,876.5,0.1,788.85,Credit Card,No
T03376,C1033,2024-08-22,Keyboard,Electronics,2,79.44,0.0,158.87,Mobile Payment,No
T03377,C1368,2025-12-31,Smartwatch,Electronics,1,308.2,0.0,308.2,Credit Card,No
T03378,C0209,2025-12-31,Smartwatch,Electronics,1,231.67,0.0,231.67,PayPal,No
T03379,C0376,2025-10-15,Mouse,Electronics,1,73.84,0.05,70.15,Debit Card,No
T03380,C0823,2024-12-16,Smartwatch,Electronics,3,306.83,0.0,920.48,Debit Card,No
T03381,C1225,2025-03-03,Laptop,Electronics,2,791.08,0.0,1582.16,Debit Card,No
T03382,C0052,2025-09-11,Camera,Electronics,3,1152.67,0.0,3458.0,Debit Card,No
T03383,C1477,2025-08-29,Camera,Electronics,1,792.66,0.15,673.76,Credit Card,No
T03384,C0704,2025-10-31,Keyboard,Electronics,3,77.08,0.05,219.68,Credit Card,No
T03385,C0550,2025-12-31,Tablet,Electronics,2,339.2,0.1,610.57,Mobile Payment,No
T03386,C0449,2025-12-22,Keyboard,Electronics,1,141.41,0.1,127.26,Credit Card,No
T03387,C0268,2025-05-26,Keyboard,Electronics,2,130.19,0.15,221.33,PayPal,No
T03388,C1215,2025-06-15,Phone,Electronics,2,724.16,0.0,1448.32,PayPal,No
T03389,C1437,2025-03-22,Keyboard,Electronics,2,64.21,0.0,128.43,PayPal,No
T03390,C0641,2024-11-20,Smartwatch,Electronics,2,109.36,0.0,218.71,PayPal,No
T03391,C1433,2025-10-07,Smartwatch,Electronics,2,269.34,0.05,511.74,PayPal,No
T03392,C1266,2025-07-06,Laptop,Electronics,3,908.94,0.05,2590.47,PayPal,No
T03393,C0741,2025-08-04,Phone,Electronics,1,394.58,0.0,394.58,Mobile Payment,No
T03394,C1026,2025-05-24,Mouse,Electronics,4,33.24,0.0,132.97,PayPal,No
T03395,C0675,2025-10-24,Camera,Electronics,3,433.56,0.0,1300.68,Debit Card,No
T03396,C0845,2025-12-31,Monitor,Electronics,1,342.07,0.0,342.07,Debit Card,No
T03397,C0091,2024-09-09,Mouse,Electronics,1,37.18,0.2,29.74,Credit Card,No
T03398,C1061,2025-12-31,Laptop,Electronics,1,1325.71,0.2,1060.56,Mobile Payment,No
T03399,C0081,2025-08-02,Keyboard,Electronics,2,131.82,0.0,263.63,Mobile Payment,No
T03400,C1255,2025-10-22,Speaker,Electronics,1,233.4,0.05,221.73,Credit Card,No
T03401,C1268,2025-12-12,Mouse,Electronics,1,49.31,0.0,49.31,Mobile Payment,No
T03402,C0352,2025-12-31,Speaker,Electronics,1,196.05,0.05,186.25,Credit Card,No
T03403,C0498,2025-02-24,Keyboard,Electronics,3,102.62,0.1,277.08,Credit Card,No
T03404,C0741,2025-12-31,Camera,Electronics,2,450.71,0.0,901.41,PayPal,Yes
T03405,C0904,2025-09-03,Phone,Electronics,1,281.1,0.05,267.05,PayPal,No
T03406,C0440,2025-12-31,Phone,Electronics,1,694.29,0.15,590.14,Debit Card,No
T03407,C0898,2024-12-18,Phone,Electronics,3,328.76,0.0,986.29,Mobile Payment,Yes
T03408,C0459,2024-12-13,Monitor,Electronics,1,175.81,0.0,175.81,Debit Card,Yes
T03409,C0085,2025-08-15,Headphones,Electronics,1,113.95,0.05,108.26,Credit Card,No
T03410,C0004,2025-06-28,Mouse,Electronics,2,77.73,0.0,155.46,Credit Card,No
T03411,C0156,2025-04-26,Speaker,Electronics,1,239.91,0.15,203.92,Mobile Payment,No
T03412,C1215,2025-03-26,Keyboard,Electronics,1,160.39,0.0,160.39,Debit Card,No
T03413,C1447,2025-12-31,Phone,Electronics,4,379.49,0.0,1517.96,PayPal,No
T03414,C0660,2025-11-06,Speaker,Electronics,1,296.26,0.05,281.45,PayPal,No
T03415,C0775,2025-11-03,Monitor,Electronics,1,493.44,0.0,493.44,Credit Card,No
T03416,C0227,2025-12-31,Mouse,Electronics,1,28.36,0.0,28.36,Mobile Payment,No
T03417,C0832,2025-11-09,Camera,Electronics,2,1056.65,0.0,2113.3,Debit Card,No
T03418,C0223,2025-12-31,Speaker,Electronics,1,169.73,0.0,169.73,Mobile Payment,No
T03419,C0925,2024-12-25,Monitor,Electronics,2,179.95,0.15,305.91,Debit Card,No
T03420,C1409,2025-12-31,Smartwatch,Electronics,1,98.29,0.05,93.38,PayPal,No
T03421,C0297,2024-10-22,Keyboard,Electronics,1,92.25,0.1,83.03,Credit Card,No
T03422,C1169,2024-03-09,Monitor,Electronics,2,388.73,0.0,777.46,Debit Card,No
T03423,C0037,2025-03-26,Keyboard,Electronics,2,171.86,0.0,343.72,Mobile Payment,Yes
T03424,C0580,2025-06-14,Monitor,Electronics,2,247.07,0.0,494.14,Mobile Payment,No
T03425,C0172,2025-05-28,Headphones,Electronics,1,120.08,0.0,120.08,Mobile Payment,No
T03426,C0536,2025-05-25,Mouse,Electronics,1,34.2,0.05,32.49,Debit Card,No
T03427,C0268,2024-12-20,Tablet,Electronics,2,442.45,0.0,884.9,Mobile Payment,No
T03428,C0575,2025-04-06,Keyboard,Electronics,1,165.94,0.15,141.05,Debit Card,No
T03429,C0644,2025-05-10,Mouse,Electronics,1,63.26,0.2,50.61,Mobile Payment,No
T03430,C0462,2025-07-13,Camera,Electronics,1,759.06,0.0,759.06,Mobile Payment,No
T03431,C1001,2025-12-31,Headphones,Electronics,2,172.52,0.1,310.54,Mobile Payment,No
T03432,C1388,2024-04-03,Camera,Electronics,3,432.85,0.0,1298.56,PayPal,No
T03433,C0622,2025-03-22,Speaker,Electronics,2,275.46,0.05,523.37,Mobile Payment,No
T03434,C0292,2025-12-31,Mouse,Electronics,3,64.1,0.0,192.3,Mobile Payment,No
T03435,C0414,2025-12-31,Smartwatch,Electronics,2,259.03,0.2,414.45,Debit Card,No
T03436,C1301,2025-11-29,Headphones,Electronics,1,185.6,0.1,167.04,Debit Card,No
T03437,C0865,2025-04-06,Speaker,Electronics,1,205.11,0.05,194.85,Credit Card,No
T03438,C0704,2025-03-09,Mouse,Electronics,1,69.5,0.0,69.5,PayPal,No
T03439,C0232,2025-04-12,Tablet,Electronics,2,522.92,0.1,941.26,Credit Card,No
T03440,C0698,2025-12-31,Headphones,Electronics,1,39.92,0.0,39.92,PayPal,No
T03441,C0427,2024-02-27,Keyboard,Electronics,1,84.24,0.05,80.03,Credit Card,No
T03442,C1423,2024-11-23,Tablet,Electronics,4,632.58,0.05,2403.81,Credit Card,No
T03443,C1349,2025-03-28,Smartwatch,Electronics,1,134.8,0.0,134.8,Debit Card,No
T03444,C0133,2024-10-11,Phone,Electronics,1,602.47,0.0,602.47,Credit Card,No
T03445,C0782,2025-01-11,Keyboard,Electronics,2,52.19,0.0,104.38,Credit Card,No
T03446,C0337,2024-12-11,Mouse,Electronics,1,42.48,0.0,42.48,Debit Card,Yes
T03447,C0637,2024-07-23,Camera,Electronics,2,945.37,0.0,1890.74,Mobile Payment,No
T03448,C1336,2025-12-02,Mouse,Electronics,1,69.66,0.1,62.7,Debit Card,No
T03449,C0800,2025-04-07,Smartwatch,Electronics,2,180.15,0.0,360.3,Credit Card,No
T03450,C0510,2025-09-18,Speaker,Electronics,1,283.9,0.0,283.9,Debit Card,Yes
T03451,C0313,2025-03-24,Keyboard,Electronics,1,145.13,0.0,145.13,PayPal,No
T03452,C1227,2025-04-12,Camera,Electronics,1,541.13,0.05,514.07,Credit Card,No
T03453,C0948,2025-05-06,Tablet,Electronics,1,398.76,0.0,398.76,Credit Card,No
T03454,C0723,2025-08-18,Smartwatch,Electronics,1,314.63,0.0,314.63,Debit Card,No
T03455,C0328,2024-12-23,Phone,Electronics,1,264.6,0.05,251.37,PayPal,No
T03456,C0510,2025-01-15,Speaker,Electronics,1,191.18,0.2,152.94,PayPal,No
T03457,C1443,2025-12-31,Tablet,Electronics,1,289.02,0.0,289.02,PayPal,No
T03458,C0787,2024-10-19,Phone,Electronics,2,291.48,0.0,582.97,Credit Card,Yes
T03459,C0622,2024-09-25,Phone,Electronics,3,843.36,0.0,2530.08,Debit Card,No
T03460,C0791,2025-05-25,Phone,Electronics,1,780.58,0.1,702.53,Debit Card,No
T03461,C1199,2025-09-07,Headphones,Electronics,1,65.21,0.0,65.21,Credit Card,No
T03462,C0521,2024-02-22,Monitor,Electronics,1,526.63,0.1,473.96,Credit Card,No
T03463,C0274,2025-10-04,Speaker,Electronics,2,78.07,0.0,156.14,PayPal,No
T03464,C0888,2024-07-04,Headphones,Electronics,4,120.47,0.0,481.88,Mobile Payment,No
T03465,C1012,2025-08-22,Phone,Electronics,2,721.75,0.0,1443.51,Credit Card,No
T03466,C1090,2025-01-10,Mouse,Electronics,1,60.37,0.15,51.32,Debit Card,No
T03467,C1345,2025-10-05,Phone,Electronics,2,803.01,0.0,1606.01,Credit Card,No
T03468,C0572,2025-12-31,Camera,Electronics,1,855.19,0.0,855.19,Debit Card,No
T03469,C0116,2025-12-31,Headphones,Electronics,1,112.07,0.0,112.07,Credit Card,No
T03470,C1441,2025-08-12,Keyboard,Electronics,1,168.4,0.05,159.98,Debit Card,No
T03471,C0675,2025-04-23,Phone,Electronics,2,273.59,0.0,547.18,Credit Card,No
T03472,C0945,2024-06-16,Phone,Electronics,2,567.46,0.0,1134.92,PayPal,No
T03473,C1013,2024-05-18,Smartwatch,Electronics,2,251.63,0.0,503.25,PayPal,No
T03474,C0828,2025-12-31,Headphones,Electronics,1,188.85,0.0,188.85,Debit Card,No
T03475,C0308,2024-10-09,Speaker,Electronics,3,180.7,0.0,542.1,Credit Card,No
T03476,C1154,2025-05-17,Monitor,Electronics,2,548.48,0.0,1096.97,Debit Card,No
T03477,C1233,2025-09-27,Camera,Electronics,1,683.65,0.0,683.65,Mobile Payment,No
T03478,C0836,2024-11-23,Speaker,Electronics,2,122.45,0.0,244.91,PayPal,No
T03479,C0754,2024-11-02,Tablet,Electronics,1,637.69,0.15,542.04,Debit Card,No
T03480,C0173,2025-04-15,Smartwatch,Electronics,1,253.48,0.0,253.48,PayPal,No
T03481,C0133,2025-09-09,Laptop,Electronics,4,998.04,0.0,3992.18,Debit Card,No
T03482,C0520,2025-09-04,Mouse,Electronics,3,89.65,0.15,228.6,Credit Card,No
T03483,C0480,2025-05-12,Mouse,Electronics,3,73.06,0.15,186.31,PayPal,No
T03484,C1435,2025-03-23,Monitor,Electronics,1,437.07,0.0,437.07,Credit Card,No
T03485,C1203,2025-06-05,Phone,Electronics,1,723.55,0.1,651.19,Debit Card,No
T03486,C1005,2024-08-12,Keyboard,Electronics,1,139.44,0.1,125.49,Debit Card,Yes
T03487,C0783,2025-05-14,Camera,Electronics,1,743.69,0.0,743.69,Mobile Payment,No
T03488,C0258,2024-11-15,Speaker,Electronics,1,149.02,0.0,149.02,PayPal,No
T03489,C1470,2024-10-05,Mouse,Electronics,1,92.29,0.1,83.06,Debit Card,No
T03490,C0579,2025-02-17,Tablet,Electronics,1,413.71,0.0,413.71,PayPal,No
T03491,C0168,2025-10-18,Camera,Electronics,3,494.24,0.05,1408.58,Credit Card,No
T03492,C0758,2024-09-22,Camera,Electronics,1,769.44,0.0,769.44,Mobile Payment,No
T03493,C1329,2024-12-12,Headphones,Electronics,1,36.54,0.05,34.71,Credit Card,No
T03494,C1356,2024-03-27,Phone,Electronics,1,720.16,0.1,648.14,Debit Card,No
T03495,C0018,2025-10-15,Camera,Electronics,3,414.29,0.1,1118.57,Credit Card,No
T03496,C1354,2025-05-03,Camera,Electronics,1,400.55,0.2,320.44,Debit Card,No
T03497,C0416,2025-05-23,Phone,Electronics,1,865.13,0.05,821.87,Debit Card,No
T03498,C0055,2025-01-07,Speaker,Electronics,1,240.86,0.0,240.86,Debit Card,No
T03499,C1294,2025-12-31,Keyboard,Electronics,1,89.21,0.0,89.21,Mobile Payment,No
T03500,C1315,2024-03-18,Speaker,Electronics,1,102.29,0.0,102.29,Credit Card,No
T03501,C0903,2025-01-24,Headphones,Electronics,2,190.26,0.1,342.47,Credit Card,Yes
T03502,C0871,2024-06-29,Keyboard,Electronics,1,175.13,0.0,175.13,Debit Card,No
T03503,C1248,2025-11-25,Tablet,Electronics,2,418.93,0.05,795.96,Mobile Payment,No
T03504,C1206,2025-10-27,Camera,Electronics,1,822.07,0.0,822.07,Debit Card,No
T03505,C1359,2025-05-29,Headphones,Electronics,1,76.18,0.0,76.18,Mobile Payment,No
T03506,C0835,2025-03-22,Smartwatch,Electronics,1,230.88,0.0,230.88,Credit Card,No
T03507,C1455,2024-12-19,Laptop,Electronics,2,980.42,0.15,1666.71,Credit Card,No
T03508,C1493,2025-11-15,Smartwatch,Electronics,2,305.22,0.1,549.39,Debit Card,No
T03509,C0177,2025-10-08,Monitor,Electronics,1,319.7,0.0,319.7,PayPal,No
T03510,C1296,2025-03-06,Laptop,Electronics,1,1154.15,0.0,1154.15,PayPal,No
T03511,C0764,2025-09-18,Phone,Electronics,1,382.25,0.0,382.25,Credit Card,No
T03512,C0602,2025-02-03,Phone,Electronics,1,308.94,0.1,278.04,PayPal,No
T03513,C0927,2024-10-17,Smartwatch,Electronics,2,71.7,0.0,143.41,Mobile Payment,No
T03514,C0085,2025-12-31,Monitor,Electronics,2,337.04,0.1,606.67,PayPal,No
T03515,C0768,2024-03-13,Phone,Electronics,1,356.29,0.0,356.29,PayPal,No
T03516,C1324,2025-12-31,Tablet,Electronics,3,646.94,0.05,1843.77,Debit Card,No
T03517,C0323,2024-05-19,Monitor,Electronics,1,509.27,0.05,483.81,Debit Card,No
T03518,C0659,2025-06-11,Laptop,Electronics,1,1185.36,0.0,1185.36,Credit Card,No
T03519,C1418,2025-12-31,Headphones,Electronics,1,182.63,0.0,182.63,Debit Card,No
T03520,C0664,2024-02-13,Mouse,Electronics,1,37.33,0.0,37.33,Mobile Payment,No
T03521,C0548,2025-12-31,Monitor,Electronics,1,545.67,0.0,545.67,Mobile Payment,No
T03522,C0687,2024-04-21,Keyboard,Electronics,1,179.32,0.2,143.46,Mobile Payment,No
T03523,C0786,2024-05-12,Tablet,Electronics,2,316.23,0.0,632.46,Mobile Payment,No
T03524,C0957,2024-11-10,Phone,Electronics,1,890.02,0.0,890.02,Mobile Payment,No
T03525,C1228,2024-11-05,Smartwatch,Electronics,1,152.91,0.0,152.91,Credit Card,No
T03526,C0700,2025-12-22,Speaker,Electronics,2,43.05,0.0,86.1,Credit Card,Yes
T03527,C1256,2024-09-16,Monitor,Electronics,2,315.25,0.0,630.49,Mobile Payment,No
T03528,C0809,2025-12-10,Tablet,Electronics,1,648.83,0.0,648.83,Debit Card,No
T03529,C0517,2024-11-24,Monitor,Electronics,1,435.82,0.0,435.82,Debit Card,No
T03530,C1002,2025-10-13,Camera,Electronics,1,925.93,0.0,925.93,Debit Card,No
T03531,C1101,2025-07-20,Mouse,Electronics,1,35.26,0.0,35.26,Debit Card,No
T03532,C0844,2025-11-03,Camera,Electronics,1,431.33,0.05,409.76,Credit Card,No
T03533,C0088,2025-12-11,Tablet,Electronics,1,596.19,0.05,566.38,Mobile Payment,No
T03534,C0261,2025-10-27,Mouse,Electronics,1,50.14,0.0,50.14,Mobile Payment,No
T03535,C0436,2024-12-03,Mouse,Electronics,2,15.35,0.0,30.7,PayPal,No
T03536,C0430,2025-01-17,Keyboard,Electronics,1,70.61,0.15,60.02,Credit Card,No
T03537,C1026,2025-06-21,Monitor,Electronics,2,238.08,0.0,476.16,Credit Card,No
T03538,C0029,2024-08-15,Keyboard,Electronics,1,118.58,0.0,118.58,Debit Card,No
T03539,C1154,2025-10-16,Camera,Electronics,1,980.51,0.0,980.51,Debit Card,No
T03540,C0403,2025-07-01,Speaker,Electronics,2,169.35,0.0,338.7,PayPal,No
T03541,C0478,2025-12-31,Phone,Electronics,1,370.83,0.0,370.83,Credit Card,No
T03542,C0800,2025-02-23,Keyboard,Electronics,1,33.98,0.05,32.29,Mobile Payment,No
T03543,C0326,2025-04-08,Speaker,Electronics,4,121.52,0.0,486.08,Debit Card,No
T03544,C1350,2024-12-15,Phone,Electronics,3,773.88,0.0,2321.63,Debit Card,No
T03545,C0137,2025-06-09,Headphones,Electronics,2,109.71,0.05,208.44,Credit Card,No
T03546,C0694,2025-06-04,Phone,Electronics,1,413.96,0.0,413.96,Mobile Payment,No
T03547,C1296,2024-04-17,Phone,Electronics,1,263.47,0.0,263.47,Debit Card,No
T03548,C0931,2024-07-01,Speaker,Electronics,1,168.98,0.0,168.98,Credit Card,Yes
T03549,C0449,2025-10-14,Headphones,Electronics,1,160.12,0.15,136.1,PayPal,No
T03550,C0648,2025-03-29,Mouse,Electronics,1,31.18,0.0,31.18,Debit Card,No
T03551,C1078,2025-02-12,Phone,Electronics,1,599.17,0.0,599.17,Mobile Payment,No
T03552,C1464,2025-12-31,Laptop,Electronics,2,994.52,0.0,1989.03,Debit Card,No
T03553,C1364,2024-09-13,Camera,Electronics,2,933.55,0.1,1680.4,Credit Card,No
T03554,C0524,2025-04-19,Keyboard,Electronics,2,158.39,0.0,316.79,PayPal,No
T03555,C1497,2025-04-20,Laptop,Electronics,1,914.93,0.05,869.19,Debit Card,No
T03556,C0005,2024-04-10,Speaker,Electronics,2,275.24,0.0,550.48,Debit Card,No
T03557,C0039,2025-04-21,Monitor,Electronics,3,468.13,0.0,1404.38,PayPal,No
T03558,C1266,2024-11-03,Monitor,Electronics,2,166.72,0.0,333.45,Credit Card,No
T03559,C0302,2025-02-23,Keyboard,Electronics,1,147.64,0.05,140.26,Mobile Payment,No
T03560,C0094,2025-06-08,Laptop,Electronics,3,1046.24,0.1,2824.85,PayPal,No
T03561,C0352,2025-12-31,Keyboard,Electronics,2,171.55,0.05,325.94,Credit Card,No
T03562,C0658,2024-11-09,Keyboard,Electronics,1,75.16,0.05,71.4,Credit Card,Yes
T03563,C1122,2025-01-17,Tablet,Electronics,1,457.87,0.0,457.87,Debit Card,No
T03564,C0947,2025-01-29,Mouse,Electronics,1,96.27,0.2,77.02,Debit Card,No
T03565,C0354,2024-12-12,Headphones,Electronics,2,81.52,0.0,163.04,Credit Card,No
T03566,C0765,2025-12-27,Mouse,Electronics,1,55.12,0.0,55.12,PayPal,No
T03567,C1398,2025-12-31,Phone,Electronics,1,739.12,0.0,739.12,Debit Card,No
T03568,C1250,2025-09-23,Speaker,Electronics,4,219.69,0.2,702.99,Debit Card,No
T03569,C0497,2025-12-31,Camera,Electronics,2,1054.83,0.0,2109.67,Credit Card,No
T03570,C1476,2025-04-22,Phone,Electronics,1,587.87,0.1,529.08,Credit Card,No
T03571,C1085,2025-05-10,Speaker,Electronics,2,122.92,0.0,245.84,Credit Card,No
T03572,C0098,2025-12-31,Keyboard,Electronics,1,107.94,0.1,97.14,Mobile Payment,No
T03573,C0050,2025-08-18,Mouse,Electronics,2,44.75,0.0,89.49,Debit Card,No
T03574,C0259,2025-12-31,Camera,Electronics,3,458.79,0.05,1307.54,Debit Card,No
T03575,C1118,2025-12-31,Phone,Electronics,2,610.73,0.0,1221.46,PayPal,No
T03576,C0280,2024-09-24,Phone,Electronics,1,281.45,0.0,281.45,Debit Card,No
T03577,C0774,2024-10-25,Tablet,Electronics,1,197.19,0.0,197.19,Mobile Payment,No
T03578,C0149,2025-11-21,Monitor,Electronics,2,179.06,0.0,358.12,Credit Card,No
T03579,C1394,2025-05-13,Headphones,Electronics,2,157.8,0.0,315.59,Mobile Payment,Yes
T03580,C0526,2025-12-31,Monitor,Electronics,2,333.14,0.0,666.29,Credit Card,No
T03581,C1378,2025-12-31,Phone,Electronics,2,571.17,0.0,1142.35,Credit Card,No
T03582,C1425,2025-12-31,Mouse,Electronics,1,44.19,0.0,44.19,Mobile Payment,No
T03583,C0011,2025-12-31,Laptop,Electronics,1,877.55,0.2,702.04,Credit Card,Yes
T03584,C0718,2025-12-31,Headphones,Electronics,1,98.08,0.15,83.37,Credit Card,No
T03585,C0037,2024-10-25,Phone,Electronics,4,375.7,0.0,1502.78,Credit Card,No
T03586,C1379,2024-09-06,Mouse,Electronics,2,72.69,0.0,145.39,PayPal,No
T03587,C0785,2025-03-20,Camera,Electronics,1,391.56,0.15,332.83,Debit Card,No
T03588,C0115,2025-07-01,Laptop,Electronics,1,1061.83,0.0,1061.83,PayPal,No
T03589,C0171,2025-12-31,Smartwatch,Electronics,1,198.28,0.0,198.28,Credit Card,No
T03590,C0591,2025-11-10,Camera,Electronics,1,571.73,0.05,543.14,Debit Card,No
T03591,C1418,2025-03-19,Speaker,Electronics,1,66.6,0.0,66.6,Debit Card,No
T03592,C1056,2025-05-21,Keyboard,Electronics,3,134.02,0.15,341.75,Debit Card,No
T03593,C1320,2025-03-08,Tablet,Electronics,3,447.68,0.05,1275.9,Debit Card,No
T03594,C0562,2025-05-22,Tablet,Electronics,1,560.45,0.05,532.43,Mobile Payment,No
T03595,C0068,2025-09-20,Headphones,Electronics,1,74.75,0.05,71.01,Debit Card,No
T03596,C1465,2025-12-31,Keyboard,Electronics,2,147.69,0.0,295.38,PayPal,No
T03597,C0027,2024-10-13,Monitor,Electronics,2,281.38,0.1,506.48,Debit Card,No
T03598,C1427,2025-12-31,Mouse,Electronics,2,24.57,0.05,46.68,Debit Card,No
T03599,C0568,2025-03-03,Laptop,Electronics,2,794.44,0.0,1588.88,Credit Card,No
T03600,C0017,2025-12-31,Phone,Electronics,1,393.69,0.1,354.32,Credit Card,No
T03601,C1048,2025-03-07,Speaker,Electronics,4,217.43,0.05,826.24,Mobile Payment,No
T03602,C1474,2025-06-19,Speaker,Electronics,2,103.43,0.0,206.86,Debit Card,No
T03603,C1453,2025-07-28,Mouse,Electronics,2,66.33,0.0,132.66,Debit Card,No
T03604,C0249,2025-05-07,Tablet,Electronics,1,300.57,0.0,300.57,PayPal,No
T03605,C0276,2025-09-06,Speaker,Electronics,4,134.96,0.0,539.83,Credit Card,No
T03606,C0857,2024-11-19,Phone,Electronics,1,828.32,0.1,745.49,Mobile Payment,No
T03607,C0966,2025-09-01,Mouse,Electronics,4,57.53,0.15,195.6,Credit Card,No
T03608,C1132,2025-09-01,Phone,Electronics,3,640.16,0.0,1920.49,Debit Card,No
T03609,C0276,2025-09-03,Mouse,Electronics,2,31.09,0.0,62.18,Credit Card,Yes
T03610,C1441,2025-01-03,Smartwatch,Electronics,2,98.14,0.1,176.65,PayPal,No
T03611,C0970,2025-08-12,Camera,Electronics,1,671.86,0.0,671.86,Debit Card,No
T03612,C1294,2025-11-25,Mouse,Electronics,4,87.71,0.0,350.83,Debit Card,No
T03613,C0817,2025-12-31,Speaker,Electronics,4,102.64,0.0,410.56,Debit Card,No
T03614,C0642,2025-01-12,Monitor,Electronics,2,429.76,0.05,816.55,Credit Card,No
T03615,C1469,2024-09-25,Mouse,Electronics,1,89.13,0.1,80.22,Credit Card,No
T03616,C0882,2024-09-29,Headphones,Electronics,1,207.54,0.0,207.54,PayPal,No
T03617,C1318,2025-10-09,Laptop,Electronics,2,1395.65,0.15,2372.61,PayPal,No
T03618,C1434,2025-11-07,Smartwatch,Electronics,2,281.26,0.0,562.52,Debit Card,No
T03619,C1027,2024-08-18,Camera,Electronics,1,367.51,0.15,312.38,Credit Card,No
T03620,C0830,2024-10-12,Phone,Electronics,1,816.45,0.15,693.98,Mobile Payment,No
T03621,C0005,2024-10-04,Laptop,Electronics,1,1319.95,0.1,1187.95,PayPal,No
T03622,C0058,2025-12-13,Phone,Electronics,3,612.23,0.1,1653.03,Credit Card,No
T03623,C0303,2024-12-29,Camera,Electronics,2,360.69,0.0,721.38,PayPal,No
T03624,C0284,2025-12-31,Tablet,Electronics,1,404.03,0.0,404.03,Credit Card,No
T03625,C0385,2024-11-24,Tablet,Electronics,2,279.03,0.0,558.06,PayPal,No
T03626,C0470,2025-12-31,Laptop,Electronics,3,1009.47,0.0,3028.42,Debit Card,No
T03627,C0551,2025-12-31,Tablet,Electronics,1,520.34,0.05,494.32,Debit Card,No
T03628,C0648,2024-09-25,Mouse,Electronics,1,71.74,0.1,64.57,Credit Card,No
T03629,C0154,2025-04-07,Speaker,Electronics,1,242.8,0.0,242.8,PayPal,No
T03630,C0064,2025-12-31,Tablet,Electronics,2,403.97,0.05,767.53,Mobile Payment,No
T03631,C1026,2025-10-31,Tablet,Electronics,4,420.07,0.0,1680.29,Debit Card,No
T03632,C0811,2025-01-11,Camera,Electronics,1,1142.12,0.15,970.8,Credit Card,No
T03633,C0694,2025-08-16,Camera,Electronics,1,868.07,0.05,824.66,PayPal,No
T03634,C0961,2025-12-31,Tablet,Electronics,1,531.34,0.1,478.21,PayPal,No
T03635,C1270,2025-04-26,Laptop,Electronics,2,1165.16,0.2,1864.26,PayPal,No
T03636,C0661,2025-12-31,Speaker,Electronics,3,206.53,0.1,557.62,Debit Card,No
T03637,C0974,2024-11-18,Mouse,Electronics,1,92.65,0.0,92.65,Debit Card,No
T03638,C1435,2024-08-26,Speaker,Electronics,2,132.69,0.1,238.84,Credit Card,No
T03639,C1288,2024-05-29,Headphones,Electronics,3,111.26,0.05,317.09,Credit Card,No
T03640,C0658,2025-06-30,Mouse,Electronics,1,47.28,0.1,42.55,Debit Card,No
T03641,C0983,2025-01-17,Mouse,Electronics,2,80.04,0.05,152.08,Mobile Payment,No
T03642,C0271,2025-09-01,Camera,Electronics,1,1081.58,0.0,1081.58,Credit Card,No
T03643,C0847,2025-11-15,Speaker,Electronics,1,132.95,0.0,132.95,Mobile Payment,No
T03644,C1475,2024-12-26,Phone,Electronics,1,342.53,0.05,325.4,Mobile Payment,No
T03645,C0785,2024-09-25,Mouse,Electronics,2,57.0,0.1,102.6,PayPal,No
T03646,C1402,2025-10-04,Headphones,Electronics,1,217.02,0.0,217.02,Mobile Payment,No
T03647,C0633,2025-05-17,Smartwatch,Electronics,1,119.07,0.0,119.07,Debit Card,No
T03648,C1497,2024-08-10,Smartwatch,Electronics,1,191.08,0.0,191.08,Debit Card,Yes
T03649,C0879,2025-04-14,Camera,Electronics,2,544.25,0.0,1088.5,PayPal,No
T03650,C0064,2025-12-31,Headphones,Electronics,3,205.31,0.05,585.13,Mobile Payment,No
T03651,C0890,2025-10-12,Phone,Electronics,1,608.1,0.05,577.69,Mobile Payment,No
T03652,C0422,2025-12-02,Laptop,Electronics,1,1105.12,0.2,884.1,Mobile Payment,No
T03653,C0046,2024-11-20,Tablet,Electronics,1,183.88,0.0,183.88,Credit Card,No
T03654,C1261,2025-12-31,Headphones,Electronics,1,154.03,0.0,154.03,PayPal,No
T03655,C0425,2024-02-20,Speaker,Electronics,1,119.65,0.0,119.65,Debit Card,No
T03656,C1221,2025-07-18,Monitor,Electronics,1,381.04,0.0,381.04,Debit Card,No
T03657,C0443,2024-09-09,Keyboard,Electronics,1,107.32,0.05,101.95,Debit Card,No
T03658,C0295,2025-06-06,Camera,Electronics,1,833.0,0.1,749.7,Credit Card,No
T03659,C1465,2025-05-22,Camera,Electronics,2,1041.19,0.1,1874.13,Mobile Payment,No
T03660,C0554,2025-05-15,Monitor,Electronics,1,284.52,0.0,284.52,Mobile Payment,No
T03661,C0908,2025-05-07,Phone,Electronics,1,416.5,0.05,395.68,Credit Card,No
T03662,C0922,2025-09-29,Tablet,Electronics,1,554.03,0.0,554.03,PayPal,No
T03663,C0847,2025-12-15,Monitor,Electronics,2,473.42,0.0,946.85,Debit Card,No
T03664,C1385,2024-12-14,Smartwatch,Electronics,1,125.43,0.2,100.34,Mobile Payment,No
T03665,C1026,2025-10-05,Mouse,Electronics,2,15.07,0.1,27.13,PayPal,No
T03666,C0626,2025-04-06,Mouse,Electronics,1,71.6,0.0,71.6,PayPal,No
T03667,C1314,2025-10-05,Camera,Electronics,2,441.46,0.0,882.92,Mobile Payment,No
T03668,C0276,2025-09-22,Smartwatch,Electronics,1,337.53,0.05,320.65,PayPal,No
T03669,C0823,2025-04-06,Speaker,Electronics,1,197.15,0.0,197.15,Debit Card,No
T03670,C1431,2024-12-26,Camera,Electronics,2,1064.69,0.15,1809.97,Credit Card,No
T03671,C0948,2024-10-14,Phone,Electronics,1,773.65,0.0,773.65,Mobile Payment,No
T03672,C1254,2025-10-13,Laptop,Electronics,1,1090.46,0.1,981.41,PayPal,No
T03673,C0995,2025-07-24,Headphones,Electronics,1,113.29,0.2,90.63,PayPal,No
T03674,C1288,2025-05-30,Keyboard,Electronics,4,102.0,0.05,387.61,Debit Card,No
T03675,C1425,2025-12-31,Mouse,Electronics,1,83.25,0.2,66.6,Debit Card,No
T03676,C0420,2025-01-14,Tablet,Electronics,1,481.01,0.0,481.01,Debit Card,No
T03677,C0260,2025-11-22,Camera,Electronics,2,485.15,0.0,970.29,Credit Card,No
T03678,C0744,2025-02-13,Tablet,Electronics,2,466.4,0.0,932.79,Mobile Payment,Yes
T03679,C1069,2025-09-02,Speaker,Electronics,2,145.21,0.1,261.38,Credit Card,No
T03680,C0341,2024-07-24,Monitor,Electronics,1,177.58,0.05,168.7,Debit Card,No
T03681,C0005,2024-08-01,Laptop,Electronics,1,966.89,0.1,870.2,Credit Card,No
T03682,C0525,2025-12-31,Phone,Electronics,1,397.94,0.0,397.94,Mobile Payment,No
T03683,C1457,2024-09-09,Phone,Electronics,2,795.08,0.1,1431.14,Credit Card,No
T03684,C1059,2024-09-05,Laptop,Electronics,1,773.5,0.1,696.15,Debit Card,No
T03685,C0623,2024-12-14,Mouse,Electronics,1,45.65,0.1,41.09,Debit Card,No
T03686,C0292,2025-12-31,Phone,Electronics,1,702.07,0.1,631.86,Debit Card,No
T03687,C0543,2025-03-03,Camera,Electronics,1,1107.65,0.0,1107.65,Mobile Payment,No
T03688,C0260,2024-12-25,Tablet,Electronics,1,337.6,0.0,337.6,PayPal,No
T03689,C0166,2024-11-06,Laptop,Electronics,2,1124.51,0.15,1911.66,PayPal,No
T03690,C1378,2025-01-20,Smartwatch,Electronics,1,168.36,0.15,143.1,Credit Card,No
T03691,C1497,2025-04-01,Monitor,Electronics,3,241.3,0.0,723.89,Credit Card,No
T03692,C0253,2025-07-20,Keyboard,Electronics,1,75.49,0.0,75.49,Credit Card,No
T03693,C0085,2025-05-16,Headphones,Electronics,1,150.82,0.1,135.74,Debit Card,No
T03694,C0504,2025-12-31,Laptop,Electronics,1,1201.44,0.0,1201.44,Debit Card,No
T03695,C0715,2025-01-21,Headphones,Electronics,1,100.42,0.0,100.42,Credit Card,Yes
T03696,C0308,2025-04-30,Monitor,Electronics,1,218.64,0.0,218.64,Debit Card,No
T03697,C0463,2025-12-31,Laptop,Electronics,3,797.69,0.0,2393.07,Credit Card,No
T03698,C0303,2025-05-25,Keyboard,Electronics,1,150.96,0.05,143.41,Credit Card,No
T03699,C1188,2024-06-04,Camera,Electronics,2,887.95,0.0,1775.89,Credit Card,No
T03700,C1089,2025-04-02,Phone,Electronics,3,723.22,0.1,1952.69,PayPal,No
T03701,C0963,2024-12-19,Speaker,Electronics,1,166.95,0.2,133.56,Debit Card,Yes
T03702,C0602,2025-03-10,Phone,Electronics,2,547.26,0.0,1094.52,PayPal,No
T03703,C1380,2025-12-01,Smartwatch,Electronics,2,121.23,0.0,242.47,PayPal,No
T03704,C1458,2025-10-16,Camera,Electronics,2,451.51,0.05,857.86,Credit Card,No
T03705,C0268,2025-05-30,Tablet,Electronics,1,252.34,0.05,239.72,Mobile Payment,No
T03706,C0334,2024-06-23,Speaker,Electronics,3,297.87,0.0,893.6,Debit Card,No
T03707,C0797,2025-03-28,Headphones,Electronics,1,185.97,0.05,176.67,Debit Card,No
T03708,C0146,2025-12-31,Phone,Electronics,2,656.98,0.0,1313.97,Debit Card,No
T03709,C0678,2025-03-29,Keyboard,Electronics,1,58.23,0.1,52.41,PayPal,No
T03710,C0881,2025-10-24,Speaker,Electronics,3,127.79,0.05,364.21,Credit Card,No
T03711,C0792,2024-12-18,Camera,Electronics,1,615.71,0.0,615.71,Mobile Payment,No
T03712,C0505,2025-08-08,Tablet,Electronics,2,404.51,0.2,647.21,Debit Card,No
T03713,C0822,2025-01-19,Keyboard,Electronics,2,90.41,0.0,180.82,PayPal,No
T03714,C1441,2025-01-09,Phone,Electronics,1,857.2,0.15,728.62,PayPal,No
T03715,C0310,2024-10-16,Monitor,Electronics,1,474.36,0.0,474.36,PayPal,No
T03716,C0998,2025-06-16,Monitor,Electronics,1,186.63,0.0,186.63,Debit Card,No
T03717,C0068,2025-03-12,Tablet,Electronics,1,349.18,0.0,349.18,Debit Card,No
T03718,C0104,2025-12-31,Monitor,Electronics,1,209.83,0.0,209.83,Credit Card,No
T03719,C0833,2025-12-31,Speaker,Electronics,1,112.63,0.15,95.74,Debit Card,No
T03720,C0162,2024-10-26,Monitor,Electronics,1,581.5,0.1,523.35,Credit Card,No
T03721,C0034,2025-12-31,Camera,Electronics,2,934.74,0.2,1495.58,Credit Card,No
T03722,C0265,2024-12-10,Tablet,Electronics,1,183.69,0.1,165.32,PayPal,No
T03723,C0855,2024-11-25,Speaker,Electronics,3,125.5,0.0,376.51,Debit Card,No
T03724,C1071,2025-04-06,Phone,Electronics,3,535.16,0.0,1605.47,Debit Card,No
T03725,C0306,2025-07-02,Keyboard,Electronics,2,118.39,0.0,236.78,Debit Card,No
T03726,C1016,2024-12-13,Smartwatch,Electronics,2,204.92,0.05,389.35,Mobile Payment,No
T03727,C0279,2025-12-31,Smartwatch,Electronics,3,80.23,0.0,240.7,Credit Card,No
T03728,C0928,2025-08-27,Phone,Electronics,1,585.11,0.0,585.11,PayPal,No
T03729,C0637,2024-08-19,Headphones,Electronics,4,54.75,0.1,197.1,Mobile Payment,No
T03730,C0997,2025-12-31,Keyboard,Electronics,3,105.48,0.05,300.61,Mobile Payment,No
T03731,C1491,2024-09-24,Tablet,Electronics,1,295.65,0.0,295.65,Credit Card,No
T03732,C1414,2024-08-17,Mouse,Electronics,1,27.26,0.0,27.26,Debit Card,No
T03733,C0005,2024-10-03,Headphones,Electronics,1,84.71,0.1,76.23,PayPal,No
T03734,C1353,2024-10-01,Headphones,Electronics,2,48.93,0.15,83.18,PayPal,No
T03735,C0104,2025-10-15,Phone,Electronics,2,434.59,0.0,869.18,Debit Card,No
T03736,C1434,2025-06-21,Laptop,Electronics,3,1306.85,0.15,3332.47,Credit Card,No
T03737,C0430,2025-07-08,Camera,Electronics,2,576.45,0.0,1152.91,Debit Card,No
T03738,C0589,2025-03-10,Monitor,Electronics,1,361.6,0.15,307.36,Mobile Payment,No
T03739,C0147,2024-10-10,Keyboard,Electronics,1,105.57,0.1,95.01,Credit Card,No
T03740,C0173,2024-12-20,Headphones,Electronics,1,63.88,0.15,54.29,Mobile Payment,No
T03741,C1116,2025-04-19,Phone,Electronics,1,537.16,0.05,510.3,Debit Card,No
T03742,C1424,2024-07-28,Headphones,Electronics,2,192.07,0.0,384.13,Debit Card,No
T03743,C0924,2024-11-11,Phone,Electronics,2,302.34,0.0,604.69,Debit Card,No
T03744,C1098,2025-03-09,Camera,Electronics,3,1130.54,0.05,3222.03,Credit Card,No
T03745,C1165,2025-08-02,Speaker,Electronics,2,266.49,0.0,532.98,Debit Card,No
T03746,C0398,2025-12-31,Camera,Electronics,1,1070.25,0.0,1070.25,Credit Card,No
T03747,C0071,2024-12-27,Monitor,Electronics,1,239.34,0.0,239.34,Mobile Payment,No
T03748,C0002,2025-12-31,Keyboard,Electronics,1,100.07,0.0,100.07,Mobile Payment,No
T03749,C0535,2025-06-27,Speaker,Electronics,1,200.2,0.05,190.19,PayPal,No
T03750,C0363,2024-06-26,Keyboard,Electronics,1,40.49,0.15,34.42,Mobile Payment,No
T03751,C0098,2025-12-31,Mouse,Electronics,1,62.33,0.15,52.98,Credit Card,No
T03752,C0274,2025-10-16,Keyboard,Electronics,1,155.21,0.2,124.17,Credit Card,No
T03753,C0189,2025-10-10,Mouse,Electronics,1,94.61,0.1,85.15,PayPal,No
T03754,C1385,2024-08-11,Mouse,Electronics,1,38.66,0.15,32.86,Mobile Payment,No
T03755,C0216,2025-04-03,Mouse,Electronics,1,39.54,0.1,35.59,Mobile Payment,No
T03756,C0811,2025-08-14,Mouse,Electronics,1,38.01,0.15,32.31,Debit Card,No
T03757,C0898,2025-07-18,Smartwatch,Electronics,1,104.5,0.0,104.5,PayPal,Yes
T03758,C0823,2025-06-07,Headphones,Electronics,1,111.84,0.2,89.47,Debit Card,No
T03759,C0154,2024-12-26,Mouse,Electronics,4,81.68,0.0,326.72,Mobile Payment,No
T03760,C0490,2024-08-04,Phone,Electronics,1,712.86,0.05,677.21,PayPal,No
T03761,C0080,2024-06-07,Camera,Electronics,1,1110.29,0.0,1110.29,Credit Card,Yes
T03762,C0613,2025-03-02,Tablet,Electronics,2,347.2,0.05,659.68,Debit Card,Yes
T03763,C0287,2025-12-31,Headphones,Electronics,1,138.72,0.05,131.79,Credit Card,No
T03764,C0847,2025-07-24,Smartwatch,Electronics,1,282.3,0.0,282.3,Debit Card,No
T03765,C1056,2024-09-01,Mouse,Electronics,2,91.34,0.05,173.55,Credit Card,Yes
T03766,C0808,2025-10-03,Tablet,Electronics,1,589.72,0.0,589.72,Credit Card,No
T03767,C0673,2024-12-24,Phone,Electronics,1,552.59,0.0,552.59,Credit Card,No
T03768,C0602,2024-07-16,Speaker,Electronics,1,275.78,0.05,261.99,Credit Card,No
T03769,C1290,2024-12-28,Phone,Electronics,1,538.64,0.05,511.7,Mobile Payment,No
T03770,C0329,2025-12-04,Laptop,Electronics,1,1331.98,0.05,1265.38,Mobile Payment,Yes
T03771,C1125,2025-06-28,Mouse,Electronics,1,81.04,0.0,81.04,Mobile Payment,No
T03772,C1157,2025-01-15,Keyboard,Electronics,2,59.36,0.0,118.71,Credit Card,Yes
T03773,C0648,2024-10-15,Mouse,Electronics,1,94.02,0.1,84.62,Debit Card,No
T03774,C0456,2025-05-11,Mouse,Electronics,1,35.61,0.0,35.61,Credit Card,No
T03775,C0727,2025-03-20,Camera,Electronics,1,1117.58,0.0,1117.58,Mobile Payment,No
T03776,C0149,2025-12-31,Speaker,Electronics,1,199.93,0.0,199.93,Mobile Payment,No
T03777,C0072,2025-07-05,Smartwatch,Electronics,1,253.54,0.0,253.54,Mobile Payment,No
T03778,C0173,2025-07-12,Tablet,Electronics,1,231.39,0.0,231.39,Credit Card,No
T03779,C0285,2025-02-24,Monitor,Electronics,2,179.58,0.15,305.29,Credit Card,No
T03780,C0765,2025-04-27,Mouse,Electronics,1,97.31,0.0,97.31,Debit Card,No
T03781,C1295,2025-08-23,Keyboard,Electronics,1,77.22,0.15,65.64,Credit Card,No
T03782,C0351,2024-09-11,Phone,Electronics,1,798.84,0.05,758.9,Mobile Payment,No
T03783,C1412,2025-12-31,Keyboard,Electronics,4,134.19,0.0,536.77,PayPal,No
T03784,C1437,2025-07-24,Camera,Electronics,1,843.72,0.15,717.17,Credit Card,No
T03785,C1441,2025-05-08,Headphones,Electronics,2,160.19,0.0,320.38,Mobile Payment,No
T03786,C1286,2025-02-01,Mouse,Electronics,1,22.6,0.0,22.6,Debit Card,No
T03787,C0558,2024-05-12,Keyboard,Electronics,2,88.92,0.1,160.06,PayPal,No
T03788,C0112,2025-12-31,Headphones,Electronics,1,145.34,0.15,123.54,Credit Card,No
T03789,C0862,2025-03-22,Keyboard,Electronics,1,159.47,0.1,143.53,Debit Card,Yes
T03790,C0845,2025-06-12,Phone,Electronics,1,714.55,0.0,714.55,PayPal,No
T03791,C1297,2025-01-27,Keyboard,Electronics,1,64.19,0.05,60.98,Debit Card,No
T03792,C1493,2025-12-31,Smartwatch,Electronics,1,345.63,0.0,345.63,Credit Card,No
T03793,C0770,2024-11-28,Smartwatch,Electronics,1,246.48,0.1,221.83,PayPal,No
T03794,C0528,2025-04-24,Headphones,Electronics,1,125.25,0.0,125.25,PayPal,No
T03795,C0284,2025-06-24,Phone,Electronics,1,757.9,0.15,644.21,Credit Card,No
T03796,C0006,2024-10-27,Smartwatch,Electronics,1,234.78,0.0,234.78,Credit Card,No
T03797,C0772,2024-09-05,Tablet,Electronics,4,513.69,0.0,2054.78,Credit Card,No
T03798,C0840,2024-05-28,Laptop,Electronics,1,1131.99,0.0,1131.99,Debit Card,No
T03799,C1268,2025-03-22,Headphones,Electronics,2,63.98,0.0,127.96,Credit Card,No
T03800,C0766,2025-09-22,Mouse,Electronics,2,61.19,0.0,122.37,Mobile Payment,No
T03801,C1387,2025-11-19,Smartwatch,Electronics,4,142.1,0.0,568.4,Credit Card,No
T03802,C0953,2025-08-19,Speaker,Electronics,1,188.27,0.1,169.45,PayPal,Yes
T03803,C1289,2025-03-03,Phone,Electronics,1,331.58,0.1,298.42,Debit Card,No
T03804,C0230,2025-12-31,Tablet,Electronics,1,289.02,0.1,260.12,Debit Card,No
T03805,C1302,2025-07-07,Keyboard,Electronics,2,150.35,0.0,300.7,Debit Card,Yes
T03806,C1027,2024-08-23,Smartwatch,Electronics,2,177.53,0.0,355.06,PayPal,No
T03807,C0263,2025-06-22,Tablet,Electronics,1,496.68,0.0,496.68,PayPal,No
T03808,C0288,2024-07-02,Headphones,Electronics,1,124.59,0.0,124.59,Credit Card,Yes
T03809,C1399,2024-05-07,Headphones,Electronics,1,94.73,0.15,80.52,Debit Card,Yes
T03810,C0046,2025-04-14,Smartwatch,Electronics,1,203.6,0.0,203.6,PayPal,Yes
T03811,C0717,2025-05-21,Tablet,Electronics,1,562.44,0.1,506.2,Debit Card,No
T03812,C0482,2025-09-08,Speaker,Electronics,1,113.22,0.15,96.23,Credit Card,No
T03813,C1011,2025-04-23,Monitor,Electronics,2,339.65,0.0,679.3,Debit Card,No
T03814,C1288,2024-04-09,Tablet,Electronics,1,275.21,0.0,275.21,Credit Card,No
T03815,C0552,2025-05-31,Tablet,Electronics,1,345.06,0.1,310.55,Credit Card,No
T03816,C0660,2025-06-17,Laptop,Electronics,2,1319.58,0.05,2507.2,Debit Card,No
T03817,C1475,2024-05-03,Mouse,Electronics,1,81.79,0.0,81.79,Debit Card,No
T03818,C1203,2025-11-17,Smartwatch,Electronics,3,168.35,0.0,505.05,Credit Card,Yes
T03819,C1368,2025-05-02,Laptop,Electronics,1,792.68,0.0,792.68,PayPal,No
T03820,C0683,2025-03-30,Keyboard,Electronics,1,90.1,0.1,81.09,Debit Card,No
T03821,C0349,2024-11-06,Smartwatch,Electronics,1,283.8,0.0,283.8,Credit Card,No
T03822,C0637,2024-06-04,Headphones,Electronics,1,38.32,0.0,38.32,Mobile Payment,No
T03823,C1098,2025-12-27,Headphones,Electronics,1,171.61,0.1,154.45,Credit Card,No
T03824,C0171,2025-11-20,Headphones,Electronics,2,159.18,0.0,318.37,Debit Card,No
T03825,C0413,2025-05-31,Tablet,Electronics,3,210.39,0.1,568.04,Debit Card,No
T03826,C0073,2025-08-01,Monitor,Electronics,1,436.04,0.15,370.63,PayPal,No
T03827,C0671,2025-12-31,Phone,Electronics,3,444.13,0.0,1332.38,Debit Card,No
T03828,C1269,2025-08-02,Headphones,Electronics,2,63.68,0.0,127.37,Debit Card,No
T03829,C0037,2024-10-18,Speaker,Electronics,1,140.07,0.0,140.07,Mobile Payment,No
T03830,C1027,2025-05-12,Laptop,Electronics,2,843.77,0.0,1687.54,Credit Card,No
T03831,C1409,2025-06-22,Phone,Electronics,1,785.96,0.0,785.96,Credit Card,No
T03832,C0352,2025-12-31,Smartwatch,Electronics,2,275.18,0.1,495.32,PayPal,No
T03833,C1057,2025-12-31,Phone,Electronics,2,887.49,0.15,1508.73,PayPal,No
T03834,C1465,2025-10-06,Tablet,Electronics,3,431.02,0.05,1228.39,Mobile Payment,No
T03835,C1447,2025-11-06,Monitor,Electronics,1,190.14,0.1,171.13,Mobile Payment,No
T03836,C0349,2025-03-27,Speaker,Electronics,1,135.62,0.1,122.06,Debit Card,No
T03837,C0155,2024-10-25,Phone,Electronics,3,795.11,0.0,2385.34,Debit Card,No
T03838,C0230,2025-09-27,Speaker,Electronics,2,143.18,0.0,286.37,Mobile Payment,No
T03839,C1069,2025-03-15,Mouse,Electronics,2,53.73,0.05,102.09,Mobile Payment,No
T03840,C1114,2024-12-02,Mouse,Electronics,2,50.02,0.0,100.04,Debit Card,No
T03841,C1026,2025-02-18,Mouse,Electronics,2,35.01,0.1,63.01,Credit Card,No
T03842,C0513,2025-05-18,Laptop,Electronics,1,751.24,0.05,713.67,PayPal,No
T03843,C0260,2025-05-20,Phone,Electronics,2,367.36,0.0,734.73,Credit Card,No
T03844,C0880,2025-07-14,Headphones,Electronics,1,99.15,0.05,94.19,Mobile Payment,No
T03845,C0744,2025-10-04,Laptop,Electronics,2,871.81,0.05,1656.43,Mobile Payment,Yes
T03846,C1119,2025-08-21,Speaker,Electronics,1,188.91,0.0,188.91,Mobile Payment,No
T03847,C0688,2025-09-30,Keyboard,Electronics,3,120.16,0.1,324.42,Credit Card,No
T03848,C0518,2025-09-29,Monitor,Electronics,3,406.53,0.0,1219.59,Mobile Payment,No
T03849,C0452,2025-08-14,Smartwatch,Electronics,1,84.63,0.0,84.63,PayPal,No
T03850,C0319,2025-06-02,Speaker,Electronics,2,213.38,0.05,405.43,Credit Card,Yes
T03851,C0404,2025-08-20,Speaker,Electronics,3,139.99,0.1,377.97,Debit Card,No
T03852,C0150,2025-02-12,Smartwatch,Electronics,1,314.67,0.0,314.67,Debit Card,No
T03853,C0529,2025-08-17,Headphones,Electronics,2,129.87,0.0,259.73,PayPal,No
T03854,C0052,2025-03-23,Laptop,Electronics,1,759.16,0.0,759.16,Credit Card,No
T03855,C0285,2025-09-28,Phone,Electronics,1,255.99,0.0,255.99,Credit Card,No
T03856,C1146,2025-09-11,Laptop,Electronics,2,1191.76,0.15,2025.99,Mobile Payment,No
T03857,C0499,2024-10-11,Laptop,Electronics,3,980.36,0.15,2499.91,Mobile Payment,Yes
T03858,C1016,2024-08-05,Speaker,Electronics,1,114.88,0.05,109.13,PayPal,No
T03859,C1099,2025-03-09,Speaker,Electronics,2,156.27,0.05,296.91,PayPal,No
T03860,C0880,2024-05-30,Mouse,Electronics,1,21.15,0.05,20.1,PayPal,No
T03861,C1441,2024-12-06,Mouse,Electronics,1,48.32,0.1,43.49,Mobile Payment,No
T03862,C0033,2025-04-21,Monitor,Electronics,1,291.61,0.0,291.61,Mobile Payment,No
T03863,C1131,2025-05-17,Tablet,Electronics,1,556.09,0.0,556.09,Debit Card,No
T03864,C1441,2025-09-17,Speaker,Electronics,3,85.46,0.05,243.57,Debit Card,No
T03865,C1312,2025-11-16,Tablet,Electronics,2,535.47,0.0,1070.94,PayPal,No
T03866,C0259,2024-12-12,Mouse,Electronics,2,57.53,0.1,103.56,Debit Card,No
T03867,C0501,2025-07-08,Tablet,Electronics,1,218.49,0.15,185.71,Debit Card,No
T03868,C0268,2024-08-25,Camera,Electronics,1,1172.71,0.05,1114.08,Mobile Payment,No
T03869,C0908,2025-12-11,Mouse,Electronics,1,77.41,0.0,77.41,Mobile Payment,No
T03870,C1089,2025-06-28,Mouse,Electronics,2,37.11,0.05,70.51,Debit Card,No
T03871,C0488,2024-05-24,Phone,Electronics,1,628.14,0.05,596.73,Credit Card,No
T03872,C0816,2025-01-16,Headphones,Electronics,1,200.99,0.0,200.99,Credit Card,No
T03873,C1051,2025-12-31,Monitor,Electronics,3,568.86,0.0,1706.59,Credit Card,No
T03874,C0649,2025-04-23,Tablet,Electronics,1,523.64,0.05,497.46,Credit Card,No
T03875,C1301,2025-12-31,Camera,Electronics,2,954.9,0.05,1814.32,PayPal,No
T03876,C1183,2024-04-21,Camera,Electronics,1,549.63,0.1,494.66,Credit Card,No
T03877,C0103,2025-02-23,Monitor,Electronics,1,595.39,0.1,535.85,PayPal,Yes
T03878,C0942,2025-12-31,Headphones,Electronics,1,76.26,0.0,76.26,Debit Card,No
T03879,C0349,2024-11-08,Smartwatch,Electronics,2,85.93,0.0,171.86,Mobile Payment,No
T03880,C0844,2025-07-26,Phone,Electronics,3,885.3,0.0,2655.89,Debit Card,No
T03881,C1440,2025-12-31,Laptop,Electronics,1,806.99,0.1,726.29,PayPal,No
T03882,C1342,2024-06-16,Laptop,Electronics,2,1065.13,0.0,2130.26,Debit Card,No
T03883,C0626,2024-07-04,Laptop,Electronics,1,1027.77,0.0,1027.77,Mobile Payment,No
T03884,C0449,2025-09-26,Monitor,Electronics,1,531.69,0.0,531.69,PayPal,No
T03885,C0349,2025-01-17,Tablet,Electronics,1,366.43,0.0,366.43,PayPal,No
T03886,C0808,2025-04-15,Mouse,Electronics,1,57.69,0.0,57.69,PayPal,No
T03887,C0173,2025-09-10,Mouse,Electronics,2,18.72,0.1,33.69,Mobile Payment,No
T03888,C0831,2024-11-08,Keyboard,Electronics,1,57.21,0.0,57.21,PayPal,No
T03889,C0002,2025-12-31,Headphones,Electronics,2,188.27,0.0,376.54,PayPal,No
T03890,C0498,2025-12-31,Camera,Electronics,3,730.53,0.15,1862.84,Credit Card,Yes
T03891,C0329,2025-06-25,Mouse,Electronics,1,34.63,0.0,34.63,Mobile Payment,No
T03892,C1461,2025-12-31,Tablet,Electronics,1,353.39,0.0,353.39,PayPal,No
T03893,C1117,2025-02-11,Monitor,Electronics,3,278.29,0.0,834.88,Debit Card,No
T03894,C0532,2025-11-15,Phone,Electronics,1,611.54,0.0,611.54,PayPal,No
T03895,C0149,2025-02-13,Tablet,Electronics,2,204.18,0.1,367.52,PayPal,No
T03896,C0782,2025-10-03,Speaker,Electronics,2,98.49,0.0,196.98,Credit Card,No
T03897,C0323,2024-09-07,Phone,Electronics,1,480.73,0.0,480.73,Debit Card,No
T03898,C0810,2025-01-15,Mouse,Electronics,1,93.9,0.0,93.9,PayPal,No
T03899,C1282,2025-05-03,Tablet,Electronics,1,472.94,0.0,472.94,Credit Card,No
T03900,C0931,2025-08-07,Speaker,Electronics,1,171.11,0.05,162.55,Mobile Payment,No
T03901,C0960,2025-12-31,Tablet,Electronics,3,269.69,0.0,809.06,Credit Card,No
T03902,C0819,2025-08-08,Headphones,Electronics,1,135.99,0.0,135.99,PayPal,No
T03903,C1400,2024-10-02,Keyboard,Electronics,1,169.0,0.0,169.0,Debit Card,No
T03904,C1408,2024-03-16,Keyboard,Electronics,1,112.78,0.05,107.14,Credit Card,No
T03905,C0775,2025-03-08,Keyboard,Electronics,2,50.54,0.1,90.97,PayPal,No
T03906,C0472,2024-09-12,Keyboard,Electronics,2,179.55,0.0,359.11,Debit Card,No
T03907,C0713,2025-05-11,Tablet,Electronics,2,414.46,0.0,828.93,PayPal,No
T03908,C0285,2025-12-31,Headphones,Electronics,1,90.72,0.0,90.72,Debit Card,No
T03909,C0965,2024-11-07,Keyboard,Electronics,2,103.02,0.1,185.44,Mobile Payment,No
T03910,C0764,2025-10-28,Mouse,Electronics,2,37.41,0.0,74.83,Credit Card,No
T03911,C0159,2025-05-09,Tablet,Electronics,2,194.28,0.05,369.12,Credit Card,Yes
T03912,C0300,2024-12-30,Mouse,Electronics,1,90.61,0.0,90.61,Mobile Payment,No
T03913,C0740,2025-03-01,Speaker,Electronics,3,151.51,0.05,431.8,Mobile Payment,No
T03914,C1357,2025-04-25,Smartwatch,Electronics,1,278.34,0.0,278.34,Mobile Payment,No
T03915,C0859,2025-10-18,Phone,Electronics,1,881.32,0.0,881.32,Credit Card,No
T03916,C1035,2025-02-14,Monitor,Electronics,3,434.66,0.0,1303.99,Debit Card,No
T03917,C0519,2025-10-08,Headphones,Electronics,2,161.41,0.0,322.81,PayPal,No
T03918,C0864,2025-12-31,Headphones,Electronics,2,209.22,0.0,418.43,Mobile Payment,No
T03919,C0696,2025-12-04,Monitor,Electronics,2,382.45,0.15,650.16,Debit Card,No
T03920,C1004,2025-05-17,Headphones,Electronics,2,90.78,0.15,154.33,Debit Card,No
T03921,C0080,2024-07-08,Laptop,Electronics,1,1344.97,0.0,1344.97,Credit Card,No
T03922,C0757,2025-12-21,Tablet,Electronics,1,212.43,0.0,212.43,Debit Card,No
T03923,C0455,2025-12-31,Phone,Electronics,1,389.5,0.0,389.5,Credit Card,No
T03924,C0499,2024-06-06,Headphones,Electronics,1,94.84,0.1,85.36,Credit Card,No
T03925,C1445,2025-09-26,Phone,Electronics,1,758.37,0.1,682.54,PayPal,No
T03926,C0279,2025-12-31,Laptop,Electronics,3,1332.73,0.0,3998.19,Debit Card,No
T03927,C0480,2024-11-26,Phone,Electronics,1,543.66,0.0,543.66,Mobile Payment,No
T03928,C0772,2024-12-30,Camera,Electronics,2,557.51,0.0,1115.03,PayPal,No
T03929,C1314,2025-06-26,Smartwatch,Electronics,3,162.43,0.0,487.29,Debit Card,No
T03930,C0644,2025-03-04,Headphones,Electronics,2,154.74,0.0,309.49,PayPal,No
T03931,C1138,2025-07-08,Camera,Electronics,1,442.21,0.05,420.1,Mobile Payment,No
T03932,C1303,2025-07-11,Tablet,Electronics,3,437.29,0.1,1180.69,Debit Card,No
T03933,C0478,2025-01-25,Keyboard,Electronics,1,116.21,0.1,104.59,Debit Card,No
T03934,C0606,2025-06-11,Phone,Electronics,1,710.11,0.15,603.59,Credit Card,No
T03935,C0545,2025-08-01,Camera,Electronics,1,843.51,0.1,759.16,Debit Card,No
T03936,C1278,2025-07-01,Phone,Electronics,2,313.02,0.0,626.04,PayPal,No
T03937,C0070,2025-09-08,Laptop,Electronics,2,1182.16,0.0,2364.32,PayPal,No
T03938,C0475,2025-12-31,Tablet,Electronics,1,190.22,0.0,190.22,PayPal,No
T03939,C1033,2025-05-18,Speaker,Electronics,4,141.48,0.0,565.92,Mobile Payment,No
T03940,C0857,2025-05-03,Phone,Electronics,1,521.09,0.05,495.04,Mobile Payment,No
T03941,C0676,2024-07-27,Headphones,Electronics,1,52.16,0.0,52.16,Mobile Payment,No
T03942,C0817,2025-10-03,Tablet,Electronics,1,184.63,0.15,156.94,Debit Card,Yes
T03943,C0300,2024-07-11,Smartwatch,Electronics,2,80.64,0.15,137.08,Credit Card,No
T03944,C0665,2025-12-31,Headphones,Electronics,1,114.8,0.0,114.8,PayPal,No
T03945,C0764,2024-08-20,Keyboard,Electronics,1,62.25,0.0,62.25,Debit Card,No
T03946,C1374,2025-07-13,Headphones,Electronics,1,43.11,0.15,36.64,Credit Card,No
T03947,C0393,2025-02-06,Keyboard,Electronics,1,64.74,0.0,64.74,Credit Card,No
T03948,C1320,2025-12-31,Laptop,Electronics,1,1070.18,0.05,1016.67,PayPal,No
T03949,C0981,2024-12-24,Headphones,Electronics,1,171.01,0.05,162.46,PayPal,No
T03950,C0030,2025-10-16,Camera,Electronics,1,670.8,0.0,670.8,Mobile Payment,No
T03951,C1112,2025-12-31,Mouse,Electronics,2,67.12,0.0,134.24,Mobile Payment,No
T03952,C0050,2025-12-31,Speaker,Electronics,1,195.16,0.05,185.4,PayPal,No
T03953,C1496,2025-08-10,Smartwatch,Electronics,1,319.93,0.05,303.93,Credit Card,No
T03954,C1329,2025-03-25,Monitor,Electronics,1,230.73,0.05,219.19,Debit Card,No
T03955,C0456,2025-12-31,Mouse,Electronics,1,55.5,0.0,55.5,Credit Card,No
T03956,C0388,2025-07-31,Smartwatch,Electronics,1,243.23,0.05,231.07,Debit Card,No
T03957,C0588,2024-06-11,Tablet,Electronics,1,424.27,0.0,424.27,Mobile Payment,No
T03958,C0543,2025-01-22,Laptop,Electronics,1,1015.24,0.0,1015.24,Mobile Payment,No
T03959,C0574,2025-07-29,Headphones,Electronics,1,214.96,0.1,193.46,Credit Card,No
T03960,C0490,2024-08-11,Phone,Electronics,2,862.31,0.0,1724.62,Debit Card,No
T03961,C0942,2025-12-31,Tablet,Electronics,1,467.38,0.0,467.38,PayPal,No
T03962,C0253,2025-12-31,Speaker,Electronics,1,154.29,0.0,154.29,Debit Card,No
T03963,C1293,2025-07-21,Camera,Electronics,1,979.84,0.15,832.87,Mobile Payment,No
T03964,C1247,2025-11-29,Keyboard,Electronics,2,104.5,0.0,209.01,Debit Card,No
T03965,C0735,2025-03-23,Headphones,Electronics,1,219.16,0.0,219.16,Debit Card,No
T03966,C1300,2025-09-16,Tablet,Electronics,1,502.39,0.0,502.39,PayPal,No
T03967,C0371,2024-07-14,Keyboard,Electronics,2,35.56,0.05,67.57,Debit Card,No
T03968,C0028,2025-07-22,Keyboard,Electronics,1,87.3,0.0,87.3,Mobile Payment,No
T03969,C0937,2025-12-31,Smartwatch,Electronics,2,271.78,0.05,516.38,PayPal,No
T03970,C0710,2025-04-03,Speaker,Electronics,2,259.02,0.0,518.03,Mobile Payment,No
T03971,C0859,2024-12-24,Tablet,Electronics,3,562.28,0.0,1686.85,PayPal,No
T03972,C1369,2024-10-31,Phone,Electronics,2,885.2,0.0,1770.41,PayPal,No
T03973,C1459,2025-10-29,Headphones,Electronics,1,122.93,0.1,110.64,Credit Card,No
T03974,C0962,2025-09-01,Headphones,Electronics,1,56.61,0.0,56.61,PayPal,No
T03975,C1169,2025-05-14,Laptop,Electronics,1,1156.57,0.0,1156.57,PayPal,No
T03976,C0133,2025-11-12,Camera,Electronics,1,363.67,0.0,363.67,Credit Card,No
T03977,C0248,2025-06-27,Speaker,Electronics,1,293.12,0.0,293.12,Credit Card,No
T03978,C1124,2024-12-25,Speaker,Electronics,1,237.22,0.0,237.22,Debit Card,Yes
T03979,C0668,2025-07-12,Camera,Electronics,1,1183.93,0.05,1124.74,Mobile Payment,No
T03980,C0696,2025-12-24,Speaker,Electronics,1,138.09,0.05,131.18,Debit Card,No
T03981,C0476,2025-08-02,Speaker,Electronics,2,44.11,0.0,88.21,Mobile Payment,No
T03982,C0919,2025-06-27,Mouse,Electronics,2,59.31,0.0,118.62,Mobile Payment,No
T03983,C0282,2024-12-09,Phone,Electronics,1,328.77,0.0,328.77,PayPal,No
T03984,C0950,2025-12-18,Phone,Electronics,1,691.76,0.15,587.99,Debit Card,No
T03985,C0268,2025-09-13,Laptop,Electronics,3,1048.29,0.05,2987.62,Mobile Payment,No
T03986,C0102,2024-12-15,Headphones,Electronics,1,173.15,0.1,155.84,PayPal,No
T03987,C0505,2025-08-17,Smartwatch,Electronics,1,144.41,0.1,129.97,Debit Card,No
T03988,C0344,2024-08-06,Monitor,Electronics,1,523.12,0.2,418.5,Debit Card,Yes
T03989,C1358,2024-10-09,Headphones,Electronics,1,153.66,0.15,130.61,Credit Card,Yes
T03990,C0085,2025-12-09,Phone,Electronics,1,892.01,0.0,892.01,Credit Card,No
T03991,C0271,2024-11-06,Laptop,Electronics,3,824.99,0.0,2474.97,PayPal,Yes
T03992,C0830,2025-11-01,Headphones,Electronics,1,39.72,0.0,39.72,Mobile Payment,No
T03993,C0741,2025-12-31,Phone,Electronics,4,803.18,0.0,3212.73,Credit Card,No
T03994,C0072,2025-12-30,Phone,Electronics,1,469.99,0.0,469.99,Mobile Payment,Yes
T03995,C0013,2025-10-07,Headphones,Electronics,2,111.94,0.0,223.87,Credit Card,Yes
T03996,C1483,2025-02-11,Monitor,Electronics,1,566.55,0.15,481.57,Debit Card,No
T03997,C1004,2025-02-05,Phone,Electronics,1,536.45,0.1,482.81,Credit Card,No
T03998,C0561,2024-12-28,Mouse,Electronics,1,40.33,0.05,38.32,Mobile Payment,Yes
T03999,C0727,2025-12-31,Headphones,Electronics,2,41.3,0.0,82.61,Credit Card,No
T04000,C0406,2025-01-12,Phone,Electronics,2,537.91,0.0,1075.82,Credit Card,No
T04001,C0527,2025-03-20,Mouse,Electronics,1,70.67,0.05,67.14,Mobile Payment,No
T04002,C0990,2025-05-08,Headphones,Electronics,1,81.14,0.0,81.14,PayPal,No
T04003,C1347,2025-05-27,Laptop,Electronics,2,1202.45,0.0,2404.89,Debit Card,No
T04004,C0281,2024-09-08,Speaker,Electronics,3,164.35,0.05,468.39,Mobile Payment,No
T04005,C1289,2024-09-26,Keyboard,Electronics,1,158.01,0.1,142.21,PayPal,No
T04006,C0184,2025-12-31,Monitor,Electronics,1,222.78,0.05,211.64,Credit Card,No
T04007,C0325,2024-10-18,Camera,Electronics,1,981.37,0.0,981.37,PayPal,No
T04008,C0053,2024-05-21,Speaker,Electronics,1,282.46,0.0,282.46,Debit Card,Yes
T04009,C0217,2025-09-20,Phone,Electronics,1,731.91,0.0,731.91,Mobile Payment,No
T04010,C1387,2025-12-31,Smartwatch,Electronics,1,177.72,0.0,177.72,PayPal,Yes
T04011,C0713,2025-02-03,Camera,Electronics,1,507.41,0.1,456.67,Debit Card,No
T04012,C0122,2024-11-30,Laptop,Electronics,1,768.86,0.0,768.86,Credit Card,No
T04013,C1443,2025-12-31,Mouse,Electronics,3,69.6,0.0,208.8,Mobile Payment,No
T04014,C1342,2024-12-09,Laptop,Electronics,2,800.0,0.1,1440.0,Debit Card,No
T04015,C1153,2025-04-05,Keyboard,Electronics,1,154.94,0.05,147.19,Debit Card,No
T04016,C1409,2025-06-11,Mouse,Electronics,1,96.66,0.05,91.83,Credit Card,No
T04017,C0330,2025-06-06,Headphones,Electronics,1,55.8,0.0,55.8,PayPal,Yes
T04018,C1284,2025-05-08,Camera,Electronics,2,638.45,0.0,1276.9,Debit Card,No
T04019,C1050,2025-07-02,Smartwatch,Electronics,1,331.81,0.1,298.63,Debit Card,No
T04020,C1322,2025-07-18,Speaker,Electronics,1,162.38,0.1,146.14,Mobile Payment,No
T04021,C1222,2024-10-11,Tablet,Electronics,1,431.65,0.2,345.32,Credit Card,No
T04022,C0529,2025-12-30,Laptop,Electronics,1,1223.26,0.1,1100.94,Credit Card,No
T04023,C1188,2025-06-01,Smartwatch,Electronics,1,121.05,0.0,121.05,Debit Card,No
T04024,C0398,2025-09-04,Phone,Electronics,1,886.45,0.0,886.45,PayPal,No
T04025,C0503,2024-12-17,Monitor,Electronics,2,501.4,0.1,902.52,Debit Card,No
T04026,C0168,2025-04-18,Smartwatch,Electronics,1,106.8,0.0,106.8,Debit Card,No
T04027,C1412,2025-07-14,Phone,Electronics,1,322.2,0.0,322.2,Debit Card,No
T04028,C0448,2025-03-13,Tablet,Electronics,1,619.43,0.1,557.49,Credit Card,No
T04029,C0788,2025-03-31,Headphones,Electronics,1,160.16,0.1,144.14,Debit Card,No
T04030,C0606,2025-03-24,Tablet,Electronics,1,198.13,0.1,178.31,PayPal,Yes
T04031,C1443,2025-01-30,Monitor,Electronics,1,213.89,0.0,213.89,Debit Card,No
T04032,C0511,2025-12-31,Laptop,Electronics,1,733.48,0.0,733.48,Mobile Payment,No
T04033,C1198,2025-10-29,Phone,Electronics,2,883.15,0.0,1766.31,Credit Card,No
T04034,C1302,2025-03-09,Camera,Electronics,1,748.07,0.05,710.66,Debit Card,No
T04035,C0675,2025-08-16,Headphones,Electronics,1,117.81,0.0,117.81,PayPal,No
T04036,C0586,2025-03-19,Mouse,Electronics,3,96.24,0.0,288.72,Debit Card,No
T04037,C1148,2025-09-26,Tablet,Electronics,2,417.18,0.1,750.92,Credit Card,No
T04038,C1384,2025-06-15,Mouse,Electronics,4,59.01,0.0,236.04,Credit Card,No
T04039,C1154,2024-09-18,Speaker,Electronics,1,295.87,0.2,236.69,Mobile Payment,No
T04040,C0340,2024-10-23,Keyboard,Electronics,1,42.27,0.1,38.04,Credit Card,No
T04041,C1358,2024-09-21,Keyboard,Electronics,1,177.79,0.15,151.12,Mobile Payment,No
T04042,C0602,2025-09-15,Phone,Electronics,2,357.69,0.1,643.84,Debit Card,No
T04043,C0874,2024-09-06,Headphones,Electronics,1,119.85,0.0,119.85,Mobile Payment,No
T04044,C1276,2025-07-03,Camera,Electronics,1,603.85,0.0,603.85,Credit Card,No
T04045,C0287,2025-11-12,Camera,Electronics,2,1159.88,0.15,1971.79,Debit Card,No
T04046,C1204,2024-06-14,Monitor,Electronics,2,368.48,0.0,736.95,PayPal,No
T04047,C0903,2025-01-13,Speaker,Electronics,3,45.98,0.0,137.95,Debit Card,No
T04048,C1364,2025-06-28,Phone,Electronics,4,394.1,0.0,1576.4,PayPal,No
T04049,C0267,2025-05-13,Mouse,Electronics,2,51.62,0.0,103.24,Debit Card,No
T04050,C0648,2024-05-04,Tablet,Electronics,1,497.9,0.15,423.22,Credit Card,No
T04051,C1278,2025-12-31,Mouse,Electronics,1,62.76,0.0,62.76,Debit Card,No
T04052,C0029,2025-07-10,Phone,Electronics,1,802.44,0.0,802.44,Debit Card,No
T04053,C0173,2024-09-01,Speaker,Electronics,1,255.39,0.0,255.39,Debit Card,No
T04054,C1486,2025-05-29,Smartwatch,Electronics,1,231.25,0.0,231.25,PayPal,No
T04055,C0429,2025-12-31,Phone,Electronics,1,621.35,0.05,590.29,Debit Card,No
T04056,C1467,2025-01-01,Mouse,Electronics,1,38.64,0.2,30.92,PayPal,No
T04057,C0279,2025-03-04,Smartwatch,Electronics,3,337.79,0.05,962.71,Credit Card,Yes
T04058,C0553,2025-08-27,Phone,Electronics,3,299.95,0.0,899.86,Credit Card,Yes
T04059,C1152,2025-12-31,Phone,Electronics,1,508.07,0.05,482.67,Debit Card,No
T04060,C1002,2024-11-17,Headphones,Electronics,1,155.56,0.2,124.45,Mobile Payment,No
T04061,C0880,2024-12-31,Phone,Electronics,3,864.68,0.05,2464.34,Debit Card,No
T04062,C0804,2025-08-29,Keyboard,Electronics,1,102.74,0.0,102.74,Credit Card,No
T04063,C1292,2025-12-31,Headphones,Electronics,1,200.22,0.15,170.19,Debit Card,No
T04064,C0349,2025-12-31,Monitor,Electronics,3,197.16,0.05,561.91,Debit Card,No
T04065,C0690,2024-12-14,Keyboard,Electronics,1,107.4,0.0,107.4,Mobile Payment,No
T04066,C0240,2025-07-17,Speaker,Electronics,3,122.17,0.0,366.52,Credit Card,No
T04067,C0902,2025-09-10,Smartwatch,Electronics,1,290.75,0.0,290.75,Mobile Payment,Yes
T04068,C0376,2025-03-12,Keyboard,Electronics,3,93.97,0.2,225.54,Mobile Payment,No
T04069,C0509,2024-09-21,Headphones,Electronics,1,120.3,0.0,120.3,PayPal,No
T04070,C0727,2025-12-31,Laptop,Electronics,1,745.35,0.1,670.81,Credit Card,No
T04071,C0038,2025-03-15,Phone,Electronics,1,534.71,0.0,534.71,Debit Card,No
T04072,C0147,2025-04-21,Mouse,Electronics,1,21.87,0.0,21.87,Mobile Payment,No
T04073,C1042,2025-06-09,Headphones,Electronics,1,86.92,0.0,86.92,Debit Card,No
T04074,C0664,2025-01-19,Headphones,Electronics,1,54.11,0.0,54.11,Mobile Payment,No
T04075,C1316,2024-08-10,Camera,Electronics,1,601.03,0.1,540.93,Credit Card,No
T04076,C1058,2025-05-10,Monitor,Electronics,3,252.32,0.0,756.97,Debit Card,No
T04077,C0014,2024-11-20,Camera,Electronics,1,556.66,0.0,556.66,Mobile Payment,No
T04078,C0932,2025-04-10,Camera,Electronics,1,433.55,0.1,390.19,PayPal,No
T04079,C0150,2025-12-31,Phone,Electronics,2,535.74,0.0,1071.49,PayPal,No
T04080,C1200,2025-12-04,Speaker,Electronics,1,169.37,0.05,160.9,Credit Card,No
T04081,C1486,2025-12-12,Laptop,Electronics,1,1285.65,0.1,1157.09,Mobile Payment,No
T04082,C0806,2024-08-28,Speaker,Electronics,1,180.09,0.05,171.09,Debit Card,No
T04083,C1037,2024-11-28,Monitor,Electronics,1,252.94,0.05,240.29,Mobile Payment,No
T04084,C0352,2025-11-25,Smartwatch,Electronics,1,273.41,0.05,259.74,Mobile Payment,No
T04085,C0681,2025-10-29,Mouse,Electronics,1,40.27,0.0,40.27,Credit Card,No
T04086,C1303,2025-12-31,Monitor,Electronics,4,490.38,0.0,1961.51,Debit Card,No
T04087,C0258,2025-04-07,Keyboard,Electronics,2,85.01,0.05,161.52,Debit Card,No
T04088,C0404,2025-12-31,Speaker,Electronics,2,173.56,0.0,347.11,Credit Card,No
T04089,C0696,2025-12-31,Speaker,Electronics,3,170.98,0.0,512.93,Credit Card,No
T04090,C1089,2025-07-20,Mouse,Electronics,1,96.23,0.0,96.23,Credit Card,No
T04091,C0581,2025-01-10,Mouse,Electronics,1,28.06,0.05,26.66,PayPal,No
T04092,C1402,2024-12-31,Tablet,Electronics,2,621.12,0.05,1180.13,PayPal,No
T04093,C0150,2025-03-04,Smartwatch,Electronics,1,222.98,0.15,189.53,Debit Card,No
T04094,C0570,2025-04-07,Mouse,Electronics,2,99.46,0.05,188.98,Debit Card,Yes
T04095,C1085,2024-10-04,Smartwatch,Electronics,4,226.21,0.0,904.84,Credit Card,No
T04096,C0338,2024-12-06,Mouse,Electronics,1,70.79,0.0,70.79,PayPal,Yes
T04097,C1001,2025-11-05,Tablet,Electronics,1,532.3,0.1,479.07,PayPal,No
T04098,C0253,2025-12-28,Phone,Electronics,1,784.16,0.0,784.16,Mobile Payment,No
T04099,C0085,2025-12-31,Laptop,Electronics,2,1034.29,0.1,1861.73,PayPal,No
T04100,C0184,2025-12-31,Keyboard,Electronics,1,130.18,0.1,117.16,Credit Card,No
T04101,C1405,2025-12-31,Tablet,Electronics,2,469.0,0.0,937.99,Mobile Payment,No
T04102,C0833,2025-12-31,Mouse,Electronics,1,49.6,0.0,49.6,Credit Card,No
T04103,C1220,2024-12-13,Laptop,Electronics,1,1274.56,0.15,1083.37,Mobile Payment,Yes
T04104,C0507,2025-08-22,Headphones,Electronics,2,66.57,0.0,133.13,Mobile Payment,No
T04105,C0898,2025-07-13,Tablet,Electronics,2,258.55,0.05,491.25,Debit Card,No
T04106,C0759,2025-12-31,Headphones,Electronics,2,169.92,0.0,339.85,Credit Card,No
T04107,C1426,2025-05-31,Laptop,Electronics,3,1146.24,0.1,3094.85,Credit Card,No
T04108,C1148,2025-04-19,Mouse,Electronics,1,42.0,0.0,42.0,Credit Card,No
T04109,C1122,2025-12-31,Phone,Electronics,1,662.83,0.1,596.55,Debit Card,No
T04110,C0073,2025-12-31,Laptop,Electronics,1,1239.45,0.2,991.56,Mobile Payment,No
T04111,C0831,2024-12-16,Speaker,Electronics,3,96.41,0.1,260.31,Mobile Payment,No
T04112,C0722,2025-05-29,Phone,Electronics,2,627.91,0.0,1255.81,PayPal,No
T04113,C1402,2025-05-05,Smartwatch,Electronics,1,299.15,0.05,284.2,Credit Card,No
T04114,C0388,2025-12-31,Speaker,Electronics,1,146.92,0.05,139.58,Mobile Payment,No
T04115,C0412,2025-12-06,Keyboard,Electronics,2,113.62,0.0,227.24,PayPal,No
T04116,C0637,2024-07-29,Monitor,Electronics,1,185.34,0.0,185.34,Debit Card,No
T04117,C0365,2025-08-20,Headphones,Electronics,1,187.79,0.1,169.01,Mobile Payment,No
T04118,C0199,2024-09-04,Headphones,Electronics,1,181.26,0.15,154.07,PayPal,No
T04119,C1305,2025-09-08,Monitor,Electronics,1,355.31,0.0,355.31,PayPal,No
T04120,C0845,2025-12-31,Phone,Electronics,2,327.51,0.0,655.02,Mobile Payment,Yes
T04121,C1312,2025-12-31,Headphones,Electronics,1,155.48,0.2,124.38,Mobile Payment,No
T04122,C1274,2024-04-29,Smartwatch,Electronics,2,226.16,0.0,452.33,Credit Card,No
T04123,C0430,2025-06-04,Phone,Electronics,1,847.66,0.1,762.9,Credit Card,No
T04124,C0828,2025-10-17,Mouse,Electronics,1,38.78,0.0,38.78,Credit Card,No
T04125,C0132,2025-04-13,Mouse,Electronics,1,17.75,0.15,15.09,Debit Card,No
T04126,C1385,2025-02-19,Laptop,Electronics,1,878.32,0.05,834.4,Debit Card,No
T04127,C0626,2024-07-27,Laptop,Electronics,1,999.53,0.0,999.53,Debit Card,No
T04128,C0608,2024-08-26,Headphones,Electronics,1,59.53,0.0,59.53,Credit Card,No
T04129,C0466,2024-06-24,Mouse,Electronics,4,98.28,0.0,393.11,Credit Card,No
T04130,C0714,2025-06-27,Headphones,Electronics,3,72.25,0.1,195.09,Mobile Payment,No
T04131,C0380,2025-07-23,Mouse,Electronics,2,72.62,0.0,145.24,PayPal,No
T04132,C0578,2025-06-28,Mouse,Electronics,1,53.6,0.0,53.6,Debit Card,Yes
T04133,C1226,2025-10-17,Smartwatch,Electronics,2,220.99,0.0,441.99,Debit Card,No
T04134,C1279,2025-03-26,Phone,Electronics,1,856.24,0.0,856.24,Mobile Payment,No
T04135,C0468,2024-07-18,Keyboard,Electronics,1,107.39,0.05,102.02,Credit Card,No
T04136,C0725,2025-12-31,Laptop,Electronics,2,913.66,0.2,1461.85,Debit Card,Yes
T04137,C1329,2025-08-24,Phone,Electronics,1,393.53,0.0,393.53,PayPal,No
T04138,C0081,2025-12-31,Tablet,Electronics,1,599.24,0.1,539.31,PayPal,No
T04139,C1358,2024-09-28,Mouse,Electronics,2,98.87,0.0,197.74,Credit Card,No
T04140,C0328,2025-01-14,Speaker,Electronics,1,105.48,0.2,84.38,Credit Card,No
T04141,C1032,2024-09-30,Headphones,Electronics,1,167.17,0.0,167.17,Credit Card,No
T04142,C0883,2025-03-24,Monitor,Electronics,2,377.59,0.1,679.66,PayPal,No
T04143,C0836,2025-02-20,Tablet,Electronics,1,508.33,0.0,508.33,PayPal,No
T04144,C1308,2025-06-25,Mouse,Electronics,1,96.96,0.15,82.41,Credit Card,No
T04145,C0156,2024-09-16,Headphones,Electronics,1,82.46,0.0,82.46,Credit Card,No
T04146,C0529,2025-04-24,Monitor,Electronics,1,482.98,0.0,482.98,PayPal,No
T04147,C0812,2025-02-20,Keyboard,Electronics,3,92.88,0.05,264.71,Debit Card,No
T04148,C1245,2025-12-31,Mouse,Electronics,1,70.47,0.0,70.47,Mobile Payment,No
T04149,C0327,2025-12-31,Laptop,Electronics,1,984.66,0.1,886.19,Debit Card,No
T04150,C1231,2025-12-15,Keyboard,Electronics,1,134.79,0.05,128.05,Debit Card,No
T04151,C0620,2025-08-05,Headphones,Electronics,1,94.13,0.0,94.13,Debit Card,No
T04152,C0287,2025-11-20,Phone,Electronics,1,567.43,0.0,567.43,Mobile Payment,No
T04153,C1160,2024-10-10,Phone,Electronics,1,710.72,0.0,710.72,Debit Card,No
T04154,C0146,2025-12-31,Camera,Electronics,1,338.44,0.05,321.51,Mobile Payment,Yes
T04155,C0780,2024-12-11,Camera,Electronics,1,595.28,0.15,505.99,Debit Card,No
T04156,C0102,2024-11-04,Laptop,Electronics,3,1082.33,0.1,2922.29,PayPal,No
T04157,C0545,2025-12-31,Mouse,Electronics,2,21.3,0.05,40.47,Credit Card,No
T04158,C0908,2025-12-10,Keyboard,Electronics,1,133.99,0.0,133.99,PayPal,No
T04159,C0840,2024-04-18,Speaker,Electronics,1,251.45,0.1,226.31,Credit Card,No
T04160,C0627,2025-05-19,Speaker,Electronics,4,82.47,0.2,263.89,Credit Card,No
T04161,C0664,2024-08-31,Keyboard,Electronics,1,138.69,0.0,138.69,Mobile Payment,No
T04162,C0339,2024-04-03,Phone,Electronics,1,670.03,0.0,670.03,PayPal,No
T04163,C0707,2025-10-27,Monitor,Electronics,1,334.9,0.0,334.9,Mobile Payment,No
T04164,C1434,2025-12-31,Mouse,Electronics,3,29.02,0.1,78.36,Credit Card,No
T04165,C1297,2025-02-23,Speaker,Electronics,1,288.27,0.0,288.27,Debit Card,No
T04166,C0224,2025-12-31,Headphones,Electronics,1,118.16,0.0,118.16,Mobile Payment,No
T04167,C0043,2025-09-03,Smartwatch,Electronics,2,113.26,0.05,215.19,Debit Card,No
T04168,C1410,2024-11-28,Mouse,Electronics,3,76.04,0.0,228.13,Credit Card,No
T04169,C0799,2024-09-28,Laptop,Electronics,1,1125.53,0.0,1125.53,Debit Card,No
T04170,C0811,2025-09-30,Keyboard,Electronics,1,151.51,0.1,136.36,Debit Card,No
T04171,C1200,2025-12-31,Phone,Electronics,4,897.46,0.0,3589.85,Mobile Payment,No
T04172,C0483,2025-12-31,Mouse,Electronics,1,18.81,0.05,17.87,Debit Card,No
T04173,C0741,2025-12-31,Keyboard,Electronics,2,139.59,0.1,251.27,Mobile Payment,No
T04174,C1457,2025-12-14,Speaker,Electronics,1,297.17,0.0,297.17,Mobile Payment,No
T04175,C1024,2025-12-31,Speaker,Electronics,2,179.94,0.0,359.88,Debit Card,No
T04176,C0238,2024-10-06,Laptop,Electronics,1,1200.99,0.0,1200.99,Mobile Payment,No
T04177,C0204,2025-12-31,Phone,Electronics,1,536.72,0.0,536.72,PayPal,No
T04178,C0308,2025-01-19,Smartwatch,Electronics,1,163.46,0.0,163.46,Mobile Payment,No
T04179,C1172,2024-07-18,Mouse,Electronics,1,74.2,0.05,70.49,Mobile Payment,No
T04180,C0453,2025-08-05,Smartwatch,Electronics,1,346.55,0.0,346.55,Credit Card,No
T04181,C0033,2025-04-12,Tablet,Electronics,2,223.08,0.05,423.86,Mobile Payment,No
T04182,C1424,2025-02-18,Camera,Electronics,3,679.91,0.0,2039.73,Debit Card,No
T04183,C0260,2025-02-04,Headphones,Electronics,1,208.72,0.05,198.28,PayPal,No
T04184,C0017,2025-07-18,Tablet,Electronics,1,233.02,0.1,209.71,Debit Card,No
T04185,C0352,2025-12-31,Laptop,Electronics,3,1155.65,0.15,2946.92,PayPal,No
T04186,C0349,2025-07-11,Camera,Electronics,2,687.15,0.0,1374.3,Credit Card,No
T04187,C0650,2024-10-22,Keyboard,Electronics,1,83.42,0.05,79.25,Debit Card,No
T04188,C1393,2024-06-12,Speaker,Electronics,1,94.45,0.05,89.73,PayPal,No
T04189,C1342,2025-02-01,Mouse,Electronics,1,29.99,0.05,28.49,Credit Card,No
T04190,C0708,2025-07-17,Phone,Electronics,1,585.59,0.0,585.59,PayPal,No
T04191,C0637,2025-04-28,Keyboard,Electronics,1,83.5,0.0,83.5,Mobile Payment,No
T04192,C0838,2025-07-16,Laptop,Electronics,2,1044.08,0.0,2088.16,Credit Card,No
T04193,C0365,2025-12-31,Keyboard,Electronics,1,55.37,0.0,55.37,PayPal,No
T04194,C0081,2025-12-31,Headphones,Electronics,1,96.54,0.1,86.88,PayPal,No
T04195,C1417,2025-10-12,Mouse,Electronics,2,99.7,0.1,179.45,PayPal,Yes
T04196,C0285,2025-09-08,Keyboard,Electronics,3,82.05,0.0,246.15,PayPal,No
T04197,C0301,2025-03-16,Tablet,Electronics,2,373.97,0.0,747.95,Debit Card,No
T04198,C0729,2025-08-15,Phone,Electronics,1,262.92,0.05,249.77,Debit Card,No
T04199,C0756,2025-01-17,Headphones,Electronics,1,102.36,0.1,92.12,Mobile Payment,No
T04200,C0029,2024-10-07,Speaker,Electronics,2,238.48,0.2,381.57,Debit Card,No
T04201,C0229,2025-06-20,Headphones,Electronics,1,127.96,0.0,127.96,Debit Card,No
T04202,C0586,2025-12-31,Mouse,Electronics,2,70.85,0.0,141.7,Mobile Payment,No
T04203,C1040,2025-08-02,Laptop,Electronics,1,1089.59,0.1,980.63,Credit Card,No
T04204,C0341,2025-01-06,Headphones,Electronics,2,50.04,0.1,90.08,Credit Card,No
T04205,C0651,2025-08-09,Keyboard,Electronics,1,76.48,0.0,76.48,Mobile Payment,No
T04206,C0844,2025-09-26,Smartwatch,Electronics,1,261.33,0.0,261.33,PayPal,No
T04207,C1358,2024-12-08,Monitor,Electronics,1,396.57,0.05,376.74,Debit Card,No
T04208,C0499,2025-03-23,Monitor,Electronics,2,453.73,0.0,907.46,Credit Card,No
T04209,C0205,2025-03-02,Smartwatch,Electronics,1,164.45,0.0,164.45,Debit Card,No
T04210,C0754,2025-08-09,Tablet,Electronics,1,271.03,0.0,271.03,Debit Card,No
T04211,C1145,2024-12-22,Phone,Electronics,2,789.38,0.0,1578.76,Debit Card,No
T04212,C0171,2025-09-19,Headphones,Electronics,1,101.5,0.1,91.35,Debit Card,No
T04213,C0655,2025-12-31,Phone,Electronics,3,675.76,0.05,1925.91,Debit Card,No
T04214,C0028,2025-12-31,Speaker,Electronics,3,139.12,0.0,417.37,Mobile Payment,No
T04215,C0048,2025-12-31,Keyboard,Electronics,1,168.72,0.0,168.72,Mobile Payment,Yes
T04216,C0742,2025-02-19,Headphones,Electronics,1,218.47,0.1,196.62,Credit Card,No
T04217,C0460,2024-05-09,Speaker,Electronics,1,208.72,0.0,208.72,Credit Card,No
T04218,C1293,2025-12-23,Speaker,Electronics,2,196.56,0.0,393.12,Mobile Payment,No
T04219,C0909,2025-11-18,Headphones,Electronics,2,189.76,0.05,360.54,Debit Card,Yes
T04220,C0702,2025-03-08,Camera,Electronics,2,764.61,0.1,1376.3,PayPal,No
T04221,C0634,2024-07-25,Laptop,Electronics,1,1308.65,0.05,1243.22,Mobile Payment,No
T04222,C0763,2025-03-13,Camera,Electronics,1,671.64,0.0,671.64,Debit Card,No
T04223,C0059,2025-02-21,Tablet,Electronics,1,194.99,0.0,194.99,Credit Card,No
T04224,C1364,2025-07-10,Keyboard,Electronics,1,168.62,0.0,168.62,Mobile Payment,No
T04225,C1497,2024-09-17,Tablet,Electronics,3,519.12,0.05,1479.49,PayPal,Yes
T04226,C0278,2024-07-20,Speaker,Electronics,2,172.8,0.0,345.6,Credit Card,No
T04227,C0183,2025-08-20,Laptop,Electronics,2,1361.43,0.0,2722.85,Mobile Payment,No
T04228,C0220,2024-09-21,Headphones,Electronics,1,198.49,0.0,198.49,Mobile Payment,No
T04229,C1006,2025-08-18,Keyboard,Electronics,1,41.81,0.05,39.72,Debit Card,No
T04230,C1008,2025-12-31,Keyboard,Electronics,1,121.78,0.1,109.6,Credit Card,No
T04231,C1294,2025-12-31,Mouse,Electronics,3,60.74,0.1,163.99,Debit Card,No
T04232,C1151,2025-11-03,Mouse,Electronics,1,81.0,0.05,76.95,Mobile Payment,No
T04233,C0698,2025-12-31,Smartwatch,Electronics,2,147.22,0.0,294.45,Debit Card,No
T04234,C0927,2024-11-20,Tablet,Electronics,2,183.81,0.0,367.63,Debit Card,No
T04235,C1046,2025-12-31,Headphones,Electronics,2,65.23,0.05,123.93,Credit Card,No
T04236,C0775,2025-10-02,Headphones,Electronics,1,70.08,0.05,66.57,Debit Card,No
T04237,C0733,2025-10-10,Speaker,Electronics,1,115.77,0.05,109.98,Mobile Payment,No
T04238,C0983,2025-02-11,Headphones,Electronics,2,100.37,0.2,160.6,Mobile Payment,No
T04239,C0844,2025-09-20,Phone,Electronics,3,709.26,0.1,1915.0,Debit Card,No
T04240,C0981,2024-08-11,Mouse,Electronics,1,21.31,0.1,19.18,Mobile Payment,No
T04241,C0927,2024-11-14,Headphones,Electronics,1,122.44,0.1,110.2,Debit Card,No
T04242,C1103,2024-04-29,Tablet,Electronics,1,414.36,0.0,414.36,PayPal,Yes
T04243,C0978,2024-03-17,Mouse,Electronics,1,67.35,0.0,67.35,Mobile Payment,No
T04244,C0786,2025-02-04,Phone,Electronics,4,451.86,0.1,1626.68,Debit Card,No
T04245,C1035,2025-03-23,Mouse,Electronics,2,37.08,0.0,74.16,Mobile Payment,No
T04246,C0698,2025-09-16,Headphones,Electronics,1,121.94,0.05,115.84,PayPal,Yes
T04247,C0363,2024-12-03,Tablet,Electronics,2,490.02,0.0,980.03,PayPal,No
T04248,C0002,2025-12-31,Speaker,Electronics,1,51.59,0.0,51.59,Credit Card,No
T04249,C0846,2025-10-26,Tablet,Electronics,1,317.98,0.05,302.08,Mobile Payment,No
T04250,C0895,2025-12-31,Headphones,Electronics,1,179.59,0.05,170.61,PayPal,No
T04251,C1461,2025-12-19,Camera,Electronics,2,735.77,0.0,1471.54,Credit Card,No
T04252,C0554,2025-02-26,Phone,Electronics,3,868.69,0.0,2606.06,PayPal,No
T04253,C0610,2025-04-19,Phone,Electronics,1,813.9,0.0,813.9,PayPal,No
T04254,C0304,2025-01-08,Tablet,Electronics,1,341.65,0.0,341.65,Mobile Payment,Yes
T04255,C0108,2024-05-14,Keyboard,Electronics,1,137.57,0.1,123.81,Credit Card,No
T04256,C1184,2025-12-06,Headphones,Electronics,1,82.12,0.0,82.12,PayPal,No
T04257,C0375,2025-12-31,Keyboard,Electronics,1,52.17,0.05,49.56,Credit Card,No
T04258,C0920,2024-03-16,Phone,Electronics,1,822.66,0.0,822.66,Debit Card,No
T04259,C1045,2024-06-09,Tablet,Electronics,1,344.62,0.05,327.39,Debit Card,No
T04260,C0727,2025-07-18,Keyboard,Electronics,2,56.53,0.2,90.45,Credit Card,No
T04261,C1336,2025-11-25,Phone,Electronics,1,877.23,0.0,877.23,Debit Card,No
T04262,C0694,2025-09-26,Headphones,Electronics,1,35.9,0.05,34.1,Mobile Payment,No
T04263,C0435,2024-03-24,Keyboard,Electronics,1,81.87,0.0,81.87,Mobile Payment,No
T04264,C1367,2025-12-31,Speaker,Electronics,1,49.99,0.0,49.99,Debit Card,No
T04265,C1312,2025-06-03,Laptop,Electronics,1,1052.87,0.0,1052.87,Debit Card,No
T04266,C0253,2025-12-31,Monitor,Electronics,2,330.53,0.0,661.06,Mobile Payment,No
T04267,C0038,2024-11-16,Headphones,Electronics,1,166.93,0.0,166.93,Credit Card,No
T04268,C0144,2025-05-15,Smartwatch,Electronics,1,336.67,0.05,319.84,PayPal,No
T04269,C0439,2025-03-23,Speaker,Electronics,1,175.12,0.05,166.36,Debit Card,No
T04270,C1462,2025-12-31,Speaker,Electronics,1,114.2,0.15,97.07,Mobile Payment,No
T04271,C0845,2025-03-10,Headphones,Electronics,1,195.71,,195.71,PayPal,Yes
T04272,C0575,2025-02-01,Tablet,Electronics,3,464.13,0.1,1253.16,Credit Card,Yes
T04273,C1358,2024-06-30,Headphones,Electronics,1,135.16,0.0,135.16,Credit Card,No
T04274,C0702,2025-03-08,Headphones,Electronics,1,65.83,0.1,59.25,Credit Card,No
T04275,C0484,2025-12-31,Mouse,Electronics,1,18.45,0.0,18.45,PayPal,No
T04276,C1420,2025-12-31,Phone,Electronics,2,549.91,0.0,1099.83,Debit Card,No
T04277,C1296,2025-03-03,Mouse,Electronics,1,59.88,0.0,59.88,Credit Card,No
T04278,C1292,2025-12-31,Speaker,Electronics,1,73.04,0.0,73.04,Credit Card,No
T04279,C0774,2025-07-03,Tablet,Electronics,1,207.92,0.0,207.92,Debit Card,No
T04280,C1211,2025-03-20,Mouse,Electronics,1,33.37,0.0,33.37,Debit Card,No
T04281,C0274,2025-01-25,Phone,Electronics,1,291.01,0.0,291.01,Mobile Payment,No
T04282,C0868,2025-08-10,Phone,Electronics,1,286.49,0.0,286.49,Debit Card,No
T04283,C1477,2025-06-01,Phone,Electronics,1,538.71,0.0,538.71,Mobile Payment,No
T04284,C0448,2024-07-20,Phone,Electronics,1,776.66,0.0,776.66,Credit Card,No
T04285,C1216,2025-02-22,Phone,Electronics,1,681.59,0.0,681.59,Debit Card,Yes
T04286,C0756,2025-12-31,Keyboard,Electronics,2,130.31,0.05,247.59,Mobile Payment,No
T04287,C0057,2025-07-20,Smartwatch,Electronics,3,136.11,0.0,408.32,Debit Card,No
T04288,C1166,2025-04-05,Phone,Electronics,3,257.22,0.2,617.32,PayPal,No
T04289,C0259,2025-03-11,Camera,Electronics,1,705.58,0.0,705.58,PayPal,No
T04290,C0956,2025-12-12,Camera,Electronics,2,639.41,0.1,1150.94,PayPal,No
T04291,C0137,2025-12-31,Mouse,Electronics,2,95.51,0.0,191.03,PayPal,Yes
T04292,C1427,2025-07-03,Headphones,Electronics,1,43.68,0.0,43.68,PayPal,No
T04293,C0449,2025-04-13,Laptop,Electronics,1,1243.49,0.0,1243.49,Credit Card,No
T04294,C0338,2025-10-15,Mouse,Electronics,1,47.76,0.0,47.76,PayPal,No
T04295,C0199,2025-03-28,Camera,Electronics,4,1046.66,0.1,3767.97,Credit Card,No
T04296,C1426,2025-12-31,Headphones,Electronics,1,124.03,0.1,111.63,Debit Card,No
T04297,C1088,2024-10-19,Mouse,Electronics,1,84.74,0.0,84.74,Mobile Payment,No
T04298,C1136,2024-08-30,Laptop,Electronics,2,1026.79,0.0,2053.59,PayPal,No
T04299,C0764,2025-07-10,Mouse,Electronics,2,49.16,0.0,98.32,Mobile Payment,Yes
T04300,C0732,2024-10-15,Laptop,Electronics,1,1374.6,0.05,1305.87,Credit Card,No
T04301,C0171,2025-08-22,Keyboard,Electronics,2,82.17,0.05,156.13,Mobile Payment,No
T04302,C0845,2025-10-14,Keyboard,Electronics,1,149.82,0.05,142.33,PayPal,No
T04303,C0370,2024-08-13,Tablet,Electronics,3,211.51,0.0,634.52,Debit Card,No
T04304,C1469,2024-12-27,Laptop,Electronics,1,743.85,0.2,595.08,PayPal,No
T04305,C1221,2024-11-08,Speaker,Electronics,1,153.91,0.0,153.91,Mobile Payment,No
T04306,C0640,2025-08-03,Keyboard,Electronics,1,115.76,0.2,92.61,PayPal,No
T04307,C0236,2025-05-21,Keyboard,Electronics,1,119.32,0.0,119.32,Credit Card,No
T04308,C1205,2025-06-04,Keyboard,Electronics,3,30.64,0.0,91.92,Credit Card,No
T04309,C0185,2025-10-01,Camera,Electronics,1,927.07,0.1,834.36,Credit Card,No
T04310,C0288,2024-07-07,Laptop,Electronics,1,790.95,0.0,790.95,Mobile Payment,No
T04311,C0320,2024-05-21,Camera,Electronics,1,1159.81,0.05,1101.82,PayPal,No
T04312,C0843,2025-11-03,Tablet,Electronics,1,336.77,0.0,336.77,PayPal,Yes
T04313,C1207,2024-10-23,Laptop,Electronics,2,883.01,0.15,1501.12,PayPal,No
T04314,C0483,2025-12-31,Mouse,Electronics,1,39.76,0.0,39.76,PayPal,No
T04315,C0134,2024-09-30,Speaker,Electronics,1,283.71,0.15,241.16,Debit Card,No
T04316,C0718,2025-07-27,Laptop,Electronics,3,1037.99,0.1,2802.57,PayPal,No
T04317,C1148,2025-06-11,Headphones,Electronics,1,112.59,0.0,112.59,Mobile Payment,No
T04318,C0332,2025-09-22,Monitor,Electronics,1,404.65,0.0,404.65,PayPal,No
T04319,C0329,2024-12-11,Tablet,Electronics,1,617.46,0.0,617.46,Mobile Payment,No
T04320,C1427,2025-12-31,Speaker,Electronics,3,120.17,0.05,342.48,Credit Card,No
T04321,C1436,2025-12-31,Mouse,Electronics,1,30.37,0.2,24.3,Debit Card,No
T04322,C1486,2025-07-31,Camera,Electronics,1,835.94,0.0,835.94,Debit Card,No
T04323,C1239,2025-02-01,Headphones,Electronics,1,123.42,0.0,123.42,Debit Card,No
T04324,C0286,2025-12-22,Headphones,Electronics,2,41.77,0.1,75.19,Debit Card,No
T04325,C0320,2025-01-31,Keyboard,Electronics,2,105.9,0.0,211.8,PayPal,No
T04326,C0521,2024-11-11,Headphones,Electronics,1,136.86,0.0,136.86,Mobile Payment,No
T04327,C0489,2024-12-12,Mouse,Electronics,3,74.0,0.05,210.91,Mobile Payment,No
T04328,C1439,2025-08-25,Tablet,Electronics,1,647.9,0.0,647.9,Credit Card,No
T04329,C1211,2024-07-30,Headphones,Electronics,1,110.1,0.0,110.1,Credit Card,No
T04330,C1112,2025-12-31,Camera,Electronics,1,759.18,0.1,683.26,Debit Card,No
T04331,C0284,2025-11-22,Smartwatch,Electronics,2,81.75,0.0,163.5,PayPal,No
T04332,C1381,2025-06-19,Phone,Electronics,1,790.53,0.05,751.01,Mobile Payment,No
T04333,C1270,2025-11-02,Camera,Electronics,3,388.34,0.0,1165.02,Debit Card,No
T04334,C0252,2025-10-17,Keyboard,Electronics,1,169.74,0.0,169.74,Debit Card,No
T04335,C1326,2025-10-17,Mouse,Electronics,2,44.62,0.05,84.78,Credit Card,No
T04336,C0419,2025-06-21,Tablet,Electronics,1,338.66,0.0,338.66,Credit Card,No
T04337,C0128,2025-05-01,Headphones,Electronics,2,92.44,0.0,184.87,Credit Card,No
T04338,C1001,2025-11-05,Smartwatch,Electronics,1,335.64,0.1,302.08,Debit Card,No
T04339,C0997,2025-08-11,Headphones,Electronics,1,216.22,0.0,216.22,PayPal,No
T04340,C0150,2025-02-22,Phone,Electronics,1,882.61,0.0,882.61,Credit Card,No
T04341,C0490,2024-06-23,Headphones,Electronics,1,163.91,0.0,163.91,Debit Card,No
T04342,C1489,2025-02-03,Laptop,Electronics,3,777.74,0.0,2333.22,Debit Card,No
T04343,C1032,2024-09-28,Mouse,Electronics,1,47.84,0.0,47.84,Debit Card,No
T04344,C1121,2025-12-31,Phone,Electronics,1,438.05,0.05,416.15,Debit Card,No
T04345,C0321,2024-12-15,Tablet,Electronics,1,512.94,0.1,461.65,Debit Card,No
T04346,C0124,2025-01-21,Camera,Electronics,2,743.39,0.0,1486.78,PayPal,Yes
T04347,C0426,2025-02-05,Keyboard,Electronics,1,120.56,0.0,120.56,Mobile Payment,No
T04348,C0373,2025-06-05,Tablet,Electronics,1,184.1,0.1,165.69,Credit Card,No
T04349,C0349,2025-04-28,Keyboard,Electronics,3,146.34,0.0,439.03,Debit Card,No
T04350,C0293,2025-06-07,Phone,Electronics,3,868.83,0.05,2476.18,PayPal,No
T04351,C0873,2025-08-25,Laptop,Electronics,2,1168.56,0.0,2337.12,Debit Card,No
T04352,C0501,2025-02-09,Keyboard,Electronics,1,157.05,0.0,157.05,Credit Card,No
T04353,C1260,2025-12-31,Mouse,Electronics,1,55.65,0.15,47.3,Debit Card,No
T04354,C0280,2025-08-02,Camera,Electronics,2,318.19,0.05,604.56,Credit Card,No
T04355,C0718,2025-12-31,Smartwatch,Electronics,2,347.24,0.0,694.47,Debit Card,No
T04356,C0022,2025-09-25,Speaker,Electronics,2,55.3,0.0,110.59,Debit Card,No
T04357,C0741,2025-12-31,Speaker,Electronics,1,90.12,0.0,90.12,PayPal,No
T04358,C0085,2025-11-05,Mouse,Electronics,1,19.46,0.1,17.51,Debit Card,No
T04359,C1469,2024-09-15,Camera,Electronics,2,862.46,0.0,1724.93,Credit Card,Yes
T04360,C1212,2024-04-23,Mouse,Electronics,3,64.57,0.0,193.72,PayPal,No
T04361,C0756,2025-03-17,Phone,Electronics,1,386.29,0.0,386.29,PayPal,No
T04362,C0139,2025-03-12,Phone,Electronics,1,871.82,0.0,871.82,Credit Card,No
T04363,C0898,2025-01-14,Phone,Electronics,1,843.77,0.1,759.39,Credit Card,No
T04364,C1159,2025-02-25,Speaker,Electronics,2,112.75,0.15,191.68,Credit Card,No
T04365,C0291,2025-06-12,Mouse,Electronics,1,71.0,0.05,67.45,Credit Card,No
T04366,C0860,2025-12-31,Smartwatch,Electronics,3,308.02,0.1,831.65,Mobile Payment,No
T04367,C1249,2025-03-01,Headphones,Electronics,1,98.36,0.05,93.44,Credit Card,No
T04368,C1178,2024-07-20,Monitor,Electronics,1,264.11,0.05,250.91,Mobile Payment,No
T04369,C1231,2025-12-31,Laptop,Electronics,1,879.33,0.15,747.43,Debit Card,No
T04370,C1342,2024-08-20,Camera,Electronics,4,1038.41,0.0,4153.64,PayPal,No
T04371,C1414,2025-07-12,Camera,Electronics,2,716.76,0.0,1433.53,Debit Card,No
T04372,C0629,2025-05-23,Smartwatch,Electronics,1,267.45,0.0,267.45,PayPal,No
T04373,C0862,2025-12-31,Laptop,Electronics,1,1155.21,0.0,1155.21,Debit Card,No
T04374,C1212,2025-05-09,Phone,Electronics,1,449.05,0.15,381.69,Debit Card,No
T04375,C1062,2024-03-30,Headphones,Electronics,1,69.53,0.1,62.58,Debit Card,No
T04376,C1492,2025-04-29,Tablet,Electronics,1,239.12,0.1,215.21,Mobile Payment,No
T04377,C0022,2025-10-22,Camera,Electronics,1,321.5,0.0,321.5,Mobile Payment,No
T04378,C0542,2025-06-12,Phone,Electronics,1,302.82,0.1,272.54,Credit Card,No
T04379,C0429,2025-12-31,Keyboard,Electronics,1,64.72,0.0,64.72,Credit Card,No
T04380,C0397,2025-04-04,Keyboard,Electronics,2,135.61,0.05,257.66,PayPal,No
T04381,C0334,2025-04-12,Headphones,Electronics,1,59.43,0.1,53.49,Mobile Payment,No
T04382,C1085,2025-04-15,Tablet,Electronics,1,426.0,0.0,426.0,PayPal,No
T04383,C0134,2025-11-26,Speaker,Electronics,2,103.73,0.1,186.72,Mobile Payment,No
T04384,C1136,2025-09-04,Headphones,Electronics,1,127.24,0.05,120.88,Debit Card,No
T04385,C1056,2024-10-21,Mouse,Electronics,1,78.75,0.0,78.75,Credit Card,Yes
T04386,C0376,2024-10-22,Phone,Electronics,1,422.89,0.0,422.89,Credit Card,No
T04387,C0382,2024-09-26,Smartwatch,Electronics,2,160.89,0.05,305.69,Debit Card,No
T04388,C0953,2024-12-26,Phone,Electronics,1,719.95,0.0,719.95,Mobile Payment,No
T04389,C1166,2025-06-26,Mouse,Electronics,1,61.44,0.1,55.29,Credit Card,No
T04390,C1336,2025-01-03,Monitor,Electronics,2,192.55,0.0,385.11,PayPal,No
T04391,C1299,2025-12-31,Phone,Electronics,1,742.8,0.05,705.66,Mobile Payment,No
T04392,C1452,2025-05-08,Laptop,Electronics,1,894.21,0.0,894.21,Debit Card,No
T04393,C0881,2025-11-07,Speaker,Electronics,1,140.12,0.0,140.12,Debit Card,No
T04394,C1379,2024-11-28,Phone,Electronics,2,409.37,0.0,818.73,Debit Card,No
T04395,C1239,2025-12-10,Mouse,Electronics,1,61.19,0.0,61.19,PayPal,No
T04396,C1366,2025-07-25,Mouse,Electronics,2,75.16,0.15,127.77,Mobile Payment,No
T04397,C0019,2025-12-31,Headphones,Electronics,2,182.61,0.05,346.96,Mobile Payment,No
T04398,C1453,2024-12-19,Phone,Electronics,1,849.38,0.0,849.38,Mobile Payment,No
T04399,C0730,2025-02-28,Phone,Electronics,1,483.49,0.0,483.49,Debit Card,No
T04400,C1224,2025-09-05,Keyboard,Electronics,2,169.56,0.0,339.11,Credit Card,Yes
T04401,C0196,2025-07-20,Keyboard,Electronics,3,120.63,0.0,361.88,Credit Card,No
T04402,C0613,2024-10-12,Camera,Electronics,2,650.64,0.0,1301.27,Credit Card,No
T04403,C0416,2025-02-18,Mouse,Electronics,2,90.42,0.0,180.84,Debit Card,No
T04404,C0449,2025-04-29,Smartwatch,Electronics,1,228.09,0.0,228.09,Debit Card,No
T04405,C0187,2025-10-08,Laptop,Electronics,1,1018.0,0.2,814.4,Mobile Payment,No
T04406,C1236,2025-01-31,Mouse,Electronics,1,15.98,0.1,14.38,Credit Card,No
T04407,C0016,2025-12-13,Tablet,Electronics,1,517.23,0.05,491.37,Credit Card,No
T04408,C0481,2025-12-30,Tablet,Electronics,1,216.35,0.0,216.35,Debit Card,No
T04409,C0268,2025-08-30,Mouse,Electronics,1,39.6,0.15,33.66,Mobile Payment,No
T04410,C0893,2025-03-21,Smartwatch,Electronics,1,338.89,0.0,338.89,Credit Card,No
T04411,C0384,2025-06-12,Headphones,Electronics,1,59.49,0.0,59.49,Credit Card,Yes
T04412,C0390,2025-12-31,Smartwatch,Electronics,1,150.42,0.0,150.42,Debit Card,Yes
T04413,C0753,2025-04-03,Headphones,Electronics,2,207.14,0.0,414.29,Debit Card,No
T04414,C0994,2025-08-27,Camera,Electronics,1,603.92,0.0,603.92,Mobile Payment,No
T04415,C0184,2025-11-15,Laptop,Electronics,3,930.07,0.0,2790.22,Debit Card,No
T04416,C0269,2025-02-10,Phone,Electronics,1,671.17,0.15,570.49,Mobile Payment,No
T04417,C0371,2025-05-13,Smartwatch,Electronics,2,98.09,0.15,166.76,Mobile Payment,No
T04418,C1464,2025-07-09,Keyboard,Electronics,1,175.78,0.1,158.2,Credit Card,No
T04419,C0615,2025-03-14,Keyboard,Electronics,1,67.63,0.0,67.63,Debit Card,Yes
T04420,C0906,2024-06-01,Keyboard,Electronics,2,146.78,0.0,293.56,Debit Card,Yes
T04421,C0363,2025-02-01,Speaker,Electronics,1,114.78,0.0,114.78,Debit Card,No
T04422,C0756,2025-12-31,Mouse,Electronics,2,38.41,0.0,76.81,Credit Card,No
T04423,C0114,2025-09-02,Mouse,Electronics,1,19.89,0.0,19.89,Mobile Payment,No
T04424,C0049,2025-10-11,Smartwatch,Electronics,1,94.6,0.0,94.6,Credit Card,No
T04425,C0724,2025-04-19,Camera,Electronics,1,769.77,0.0,769.77,Mobile Payment,No
T04426,C0617,2025-12-31,Tablet,Electronics,1,451.12,0.05,428.56,PayPal,No
T04427,C0211,2025-12-11,Keyboard,Electronics,1,151.46,0.05,143.88,Debit Card,No
T04428,C1045,2024-09-12,Keyboard,Electronics,2,34.33,0.1,61.8,PayPal,No
T04429,C1489,2024-10-07,Phone,Electronics,2,481.5,0.1,866.7,Mobile Payment,No
T04430,C0613,2025-04-08,Monitor,Electronics,3,240.07,0.0,720.21,Debit Card,Yes
T04431,C0948,2024-04-30,Laptop,Electronics,3,950.51,0.0,2851.54,Debit Card,No
T04432,C1449,2025-12-21,Phone,Electronics,1,480.3,0.0,480.3,Debit Card,Yes
T04433,C1276,2025-12-03,Speaker,Electronics,1,132.11,0.0,132.11,Debit Card,No
T04434,C0717,2025-03-06,Phone,Electronics,2,451.26,0.0,902.52,Credit Card,No
T04435,C1128,2025-08-27,Keyboard,Electronics,1,143.42,0.0,143.42,PayPal,No
T04436,C0197,2024-04-07,Tablet,Electronics,2,504.16,0.0,1008.32,Debit Card,No
T04437,C0774,2025-07-31,Keyboard,Electronics,1,77.93,0.15,66.24,Debit Card,No
T04438,C0428,2025-11-12,Tablet,Electronics,1,248.85,0.0,248.85,Credit Card,No
T04439,C0249,2025-03-25,Headphones,Electronics,1,128.47,0.1,115.63,Mobile Payment,No
T04440,C0659,2025-12-31,Camera,Electronics,1,1126.96,0.0,1126.96,Debit Card,No
T04441,C0203,2024-11-24,Headphones,Electronics,1,53.48,0.0,53.48,PayPal,No
T04442,C1063,2025-06-27,Headphones,Electronics,1,173.08,0.0,173.08,Credit Card,No
T04443,C0708,2025-09-09,Headphones,Electronics,1,143.88,0.0,143.88,Mobile Payment,No
T04444,C0806,2025-01-24,Phone,Electronics,1,632.58,0.15,537.7,Debit Card,No
T04445,C0226,2025-08-22,Headphones,Electronics,1,207.58,0.0,207.58,Mobile Payment,No
T04446,C0215,2025-12-31,Laptop,Electronics,1,1369.16,0.0,1369.16,Debit Card,No
T04447,C0885,2025-04-30,Monitor,Electronics,2,259.73,0.05,493.48,Credit Card,Yes
T04448,C1479,2024-12-12,Camera,Electronics,2,1027.63,0.0,2055.26,PayPal,No
T04449,C0151,2024-10-28,Keyboard,Electronics,2,121.22,0.1,218.2,Debit Card,No
T04450,C0437,2025-12-31,Keyboard,Electronics,1,88.37,0.0,88.37,Debit Card,No
T04451,C1321,2025-11-09,Laptop,Electronics,1,1165.93,0.0,1165.93,Mobile Payment,No
T04452,C0110,2025-01-06,Camera,Electronics,3,1160.37,0.1,3133.0,Debit Card,No
T04453,C1334,2024-07-04,Headphones,Electronics,1,128.21,0.1,115.39,Credit Card,No
T04454,C0796,2025-12-31,Speaker,Electronics,1,284.42,0.0,284.42,Credit Card,No
T04455,C0635,2025-12-31,Phone,Electronics,1,667.88,0.1,601.09,Mobile Payment,No
T04456,C0477,2025-02-01,Speaker,Electronics,3,165.56,0.2,397.34,Debit Card,No
T04457,C0456,2025-01-15,Mouse,Electronics,1,69.75,0.05,66.27,Debit Card,No
T04458,C0473,2025-01-30,Laptop,Electronics,1,1121.78,0.1,1009.6,Credit Card,No
T04459,C1351,2025-12-31,Speaker,Electronics,2,149.64,0.05,284.32,Debit Card,No
T04460,C1111,2025-10-18,Laptop,Electronics,1,1093.72,0.1,984.35,Debit Card,No
T04461,C1019,2025-06-26,Mouse,Electronics,2,74.78,0.15,127.12,Debit Card,No
T04462,C1225,2025-03-11,Camera,Electronics,1,1054.98,0.05,1002.23,Mobile Payment,No
T04463,C0388,2025-05-27,Phone,Electronics,2,447.81,0.0,895.63,PayPal,No
T04464,C0934,2025-01-14,Headphones,Electronics,2,32.78,0.0,65.57,Mobile Payment,No
T04465,C0714,2025-05-24,Keyboard,Electronics,1,110.44,0.1,99.39,Credit Card,No
T04466,C1202,2025-04-15,Mouse,Electronics,1,56.59,0.0,56.59,Mobile Payment,No
T04467,C0477,2025-02-24,Camera,Electronics,1,348.78,0.1,313.9,Debit Card,No
T04468,C0979,2025-09-25,Smartwatch,Electronics,2,243.43,0.0,486.85,Debit Card,No
T04469,C1345,2025-07-03,Headphones,Electronics,1,208.87,0.15,177.54,PayPal,No
T04470,C0624,2025-04-23,Smartwatch,Electronics,2,176.65,0.1,317.96,Debit Card,No
T04471,C0104,2025-12-31,Speaker,Electronics,2,272.53,0.15,463.31,PayPal,No
T04472,C0781,2025-05-05,Phone,Electronics,1,778.52,0.0,778.52,Credit Card,No
T04473,C0528,2025-12-31,Laptop,Electronics,2,813.2,0.1,1463.76,PayPal,No
T04474,C1024,2025-12-31,Headphones,Electronics,1,179.58,0.05,170.6,Debit Card,No
T04475,C1432,2025-08-31,Camera,Electronics,3,765.04,0.0,2295.11,Debit Card,No
T04476,C0747,2024-07-21,Phone,Electronics,1,847.11,0.15,720.04,Mobile Payment,No
T04477,C0722,2025-12-31,Camera,Electronics,1,470.48,0.0,470.48,Credit Card,No
T04478,C0998,2025-12-31,Speaker,Electronics,4,72.51,0.0,290.05,Mobile Payment,No
T04479,C0160,2024-04-09,Laptop,Electronics,3,868.9,0.05,2476.35,Debit Card,No
T04480,C0383,2025-10-15,Monitor,Electronics,2,176.83,0.05,335.98,Credit Card,No
T04481,C1388,2024-09-16,Tablet,Electronics,1,330.44,0.15,280.87,Mobile Payment,No
T04482,C1020,2025-12-31,Headphones,Electronics,2,83.77,0.0,167.54,PayPal,No
T04483,C0022,2024-10-08,Monitor,Electronics,1,337.3,0.0,337.3,Debit Card,Yes
T04484,C0308,2025-03-28,Mouse,Electronics,1,54.35,0.2,43.48,Debit Card,No
T04485,C1037,2025-04-29,Keyboard,Electronics,2,47.43,0.0,94.86,Debit Card,No
T04486,C1169,2024-05-07,Speaker,Electronics,3,201.04,0.0,603.11,Credit Card,No
T04487,C1289,2025-05-11,Headphones,Electronics,1,72.48,0.2,57.98,Mobile Payment,No
T04488,C0449,2025-12-31,Keyboard,Electronics,2,43.9,0.05,83.41,Debit Card,No
T04489,C1407,2024-05-25,Smartwatch,Electronics,1,265.56,0.0,265.56,Mobile Payment,No
T04490,C0836,2024-05-15,Headphones,Electronics,1,34.32,0.1,30.89,PayPal,No
T04491,C1061,2025-12-31,Monitor,Electronics,1,315.76,0.15,268.4,Mobile Payment,No
T04492,C0904,2024-12-24,Mouse,Electronics,1,27.27,0.15,23.18,Credit Card,Yes
T04493,C0186,2025-11-26,Camera,Electronics,3,1094.51,0.0,3283.54,Debit Card,No
T04494,C1449,2025-12-31,Headphones,Electronics,2,186.65,0.0,373.29,PayPal,Yes
T04495,C0186,2025-12-31,Keyboard,Electronics,2,34.38,0.0,68.76,Mobile Payment,No
T04496,C0385,2025-04-23,Speaker,Electronics,4,183.12,0.0,732.47,Credit Card,No
T04497,C1248,2025-11-05,Laptop,Electronics,1,906.75,0.0,906.75,Mobile Payment,No
T04498,C0935,2025-12-31,Headphones,Electronics,3,66.58,0.1,179.78,Credit Card,No
T04499,C1287,2025-08-03,Mouse,Electronics,1,41.48,0.0,41.48,Debit Card,No
T04500,C0781,2025-04-28,Laptop,Electronics,1,1271.12,0.05,1207.57,Credit Card,No
T04501,C0584,2025-12-31,Keyboard,Electronics,1,33.97,0.2,27.17,Credit Card,No
T04502,C1394,2025-04-23,Laptop,Electronics,1,1153.76,0.0,1153.76,PayPal,Yes
T04503,C0052,2025-08-17,Camera,Electronics,2,1122.03,0.0,2244.07,Credit Card,No
T04504,C1303,2025-07-05,Smartwatch,Electronics,1,189.94,0.05,180.44,Debit Card,No
T04505,C0343,2024-08-30,Laptop,Electronics,1,1331.06,0.0,1331.06,Credit Card,No
T04506,C1294,2025-12-31,Laptop,Electronics,1,1334.76,0.05,1268.02,Mobile Payment,No
T04507,C0214,2025-12-31,Smartwatch,Electronics,2,236.78,0.0,473.57,Mobile Payment,No
T04508,C0880,2024-07-07,Headphones,Electronics,1,116.61,0.0,116.61,PayPal,No
T04509,C1358,2024-04-30,Keyboard,Electronics,1,139.34,0.1,125.4,PayPal,No
T04510,C0730,2025-04-06,Tablet,Electronics,1,610.62,0.0,610.62,PayPal,Yes
T04511,C1145,2025-07-07,Phone,Electronics,1,692.02,0.1,622.82,Debit Card,No
T04512,C1234,2025-06-12,Tablet,Electronics,2,278.52,0.1,501.33,Debit Card,No
T04513,C1127,2025-08-20,Tablet,Electronics,1,565.43,0.0,565.43,PayPal,No
T04514,C1397,2025-09-08,Headphones,Electronics,2,210.79,0.05,400.5,Debit Card,No
T04515,C0696,2025-12-31,Mouse,Electronics,1,49.87,0.05,47.38,Credit Card,No
T04516,C0268,2025-07-20,Keyboard,Electronics,1,133.13,0.05,126.47,Credit Card,No
T04517,C0075,2024-08-22,Keyboard,Electronics,3,105.32,0.0,315.95,PayPal,No
T04518,C0369,2025-03-11,Monitor,Electronics,3,200.4,0.0,601.21,Debit Card,No
T04519,C0220,2024-12-31,Tablet,Electronics,1,344.43,0.0,344.43,Mobile Payment,No
T04520,C0844,2025-10-13,Phone,Electronics,3,356.49,0.0,1069.47,Debit Card,No
T04521,C0282,2024-12-28,Headphones,Electronics,2,157.98,0.0,315.96,Credit Card,No
T04522,C0055,2024-02-04,Mouse,Electronics,1,64.48,0.15,54.81,Debit Card,No
T04523,C0051,2024-07-03,Mouse,Electronics,1,17.85,0.05,16.96,PayPal,No
T04524,C1276,2025-10-13,Monitor,Electronics,1,177.72,0.0,177.72,Debit Card,No
T04525,C0895,2025-07-21,Mouse,Electronics,2,37.17,0.15,63.18,PayPal,No
T04526,C0548,2025-12-31,Phone,Electronics,1,734.16,0.05,697.45,Credit Card,No
T04527,C1366,2025-09-15,Camera,Electronics,1,414.15,0.0,414.15,Mobile Payment,No
T04528,C0108,2024-05-21,Camera,Electronics,1,484.3,0.0,484.3,Mobile Payment,No
T04529,C1474,2025-09-24,Tablet,Electronics,1,606.58,0.15,515.6,Credit Card,No
T04530,C0931,2024-11-14,Keyboard,Electronics,1,109.65,0.05,104.17,PayPal,No
T04531,C0280,2024-10-16,Keyboard,Electronics,4,121.23,0.0,484.93,Credit Card,No
T04532,C1033,2025-03-22,Monitor,Electronics,2,355.09,0.1,639.17,Credit Card,No
T04533,C1166,2024-10-04,Speaker,Electronics,3,117.94,0.05,336.13,Credit Card,No
T04534,C0664,2024-09-03,Mouse,Electronics,2,36.18,0.0,72.35,Debit Card,No
T04535,C1312,2025-03-14,Mouse,Electronics,1,65.08,0.2,52.07,Mobile Payment,No
T04536,C0234,2025-04-24,Monitor,Electronics,3,361.94,0.0,1085.82,Mobile Payment,No
T04537,C0427,2024-08-29,Phone,Electronics,1,511.97,0.05,486.37,Credit Card,No
T04538,C0149,2025-12-20,Phone,Electronics,2,701.35,0.0,1402.7,Debit Card,No
T04539,C0318,2025-02-28,Tablet,Electronics,2,369.95,0.0,739.9,Credit Card,No
T04540,C0356,2025-11-17,Phone,Electronics,2,273.87,0.15,465.59,Debit Card,No
T04541,C1388,2024-07-30,Speaker,Electronics,1,258.31,0.0,258.31,Debit Card,No
T04542,C0123,2025-03-01,Headphones,Electronics,2,90.5,0.05,171.94,Mobile Payment,No
T04543,C0661,2025-12-31,Camera,Electronics,1,1151.76,0.1,1036.59,Mobile Payment,No
T04544,C0808,2025-05-13,Smartwatch,Electronics,1,315.07,0.0,315.07,Credit Card,No
T04545,C1369,2024-09-27,Smartwatch,Electronics,3,127.84,0.0,383.51,PayPal,No
T04546,C1497,2024-01-13,Phone,Electronics,3,877.56,0.0,2632.67,Debit Card,No
T04547,C1152,2024-12-15,Headphones,Electronics,1,192.18,0.15,163.35,Debit Card,No
T04548,C1461,2025-12-31,Tablet,Electronics,1,642.96,0.05,610.81,Credit Card,No
T04549,C1207,2025-11-12,Speaker,Electronics,1,216.27,0.05,205.45,Credit Card,No
T04550,C1449,2025-09-25,Camera,Electronics,1,1137.65,0.0,1137.65,Mobile Payment,No
T04551,C1079,2025-11-28,Tablet,Electronics,2,504.34,0.0,1008.69,Credit Card,No
T04552,C0125,2025-12-31,Tablet,Electronics,1,581.89,0.2,465.52,Mobile Payment,No
T04553,C0624,2024-06-30,Monitor,Electronics,1,424.69,0.2,339.75,Credit Card,No
T04554,C0987,2024-02-17,Tablet,Electronics,1,616.71,0.1,555.04,Debit Card,No
T04555,C0535,2025-04-03,Smartwatch,Electronics,2,210.25,0.15,357.42,PayPal,No
T04556,C0421,2025-12-10,Smartwatch,Electronics,2,273.6,0.05,519.85,Credit Card,No
T04557,C0875,2025-04-21,Mouse,Electronics,1,92.94,0.0,92.94,Mobile Payment,No
T04558,C1410,2025-06-01,Mouse,Electronics,1,50.9,0.0,50.9,PayPal,No
T04559,C0049,2025-12-31,Keyboard,Electronics,1,29.09,0.15,24.73,Credit Card,Yes
T04560,C1179,2025-09-20,Headphones,Electronics,1,51.48,0.15,43.76,Mobile Payment,No
T04561,C1111,2025-01-23,Camera,Electronics,1,1174.72,0.0,1174.72,Mobile Payment,No
T04562,C1451,2025-04-17,Camera,Electronics,1,1085.88,0.05,1031.59,Credit Card,No
T04563,C1406,2025-12-31,Laptop,Electronics,2,1038.39,0.1,1869.11,Mobile Payment,No
T04564,C1166,2024-06-12,Headphones,Electronics,1,212.57,0.05,201.94,Mobile Payment,No
T04565,C0787,2025-06-19,Laptop,Electronics,1,829.92,0.1,746.93,Credit Card,No
T04566,C0308,2024-11-19,Camera,Electronics,1,399.87,0.05,379.88,Credit Card,No
T04567,C0824,2024-05-14,Phone,Electronics,2,640.94,0.05,1217.78,PayPal,No
T04568,C1169,2024-01-28,Mouse,Electronics,1,47.48,0.0,47.48,Mobile Payment,Yes
T04569,C1367,2025-05-28,Headphones,Electronics,3,94.56,0.0,283.67,PayPal,No
T04570,C1211,2025-08-20,Smartwatch,Electronics,1,272.9,0.0,272.9,Debit Card,No
T04571,C0297,2024-07-12,Monitor,Electronics,2,217.51,0.0,435.01,Credit Card,No
T04572,C0907,2024-11-06,Tablet,Electronics,2,545.87,0.0,1091.74,Mobile Payment,No
T04573,C0506,2025-06-01,Tablet,Electronics,1,348.94,0.0,348.94,Credit Card,No
T04574,C0016,2025-04-02,Tablet,Electronics,4,643.77,0.0,2575.07,Credit Card,No
T04575,C0303,2025-04-30,Smartwatch,Electronics,1,294.54,0.0,294.54,Debit Card,No
T04576,C0173,2024-09-12,Mouse,Electronics,1,69.93,0.0,69.93,Debit Card,No
T04577,C1292,2025-12-31,Tablet,Electronics,1,287.84,0.0,287.84,Credit Card,No
T04578,C0389,2025-10-01,Monitor,Electronics,2,580.39,0.0,1160.78,Credit Card,No
T04579,C0435,2024-05-26,Laptop,Electronics,1,723.04,0.0,723.04,Credit Card,No
T04580,C1443,2025-08-06,Smartwatch,Electronics,1,124.77,0.05,118.53,Credit Card,No
T04581,C0587,2025-05-05,Tablet,Electronics,1,197.28,0.0,197.28,Mobile Payment,No
T04582,C0017,2025-02-12,Camera,Electronics,1,1169.86,0.0,1169.86,Credit Card,No
T04583,C0434,2024-09-28,Keyboard,Electronics,2,160.07,0.0,320.15,Mobile Payment,No
T04584,C0180,2025-04-02,Keyboard,Electronics,1,172.58,0.0,172.58,PayPal,Yes
T04585,C0158,2025-10-27,Phone,Electronics,1,714.77,0.0,714.77,PayPal,No
T04586,C0121,2024-06-10,Laptop,Electronics,1,719.2,0.0,719.2,PayPal,No
T04587,C0899,2025-12-20,Keyboard,Electronics,2,169.38,0.1,304.89,Debit Card,No
T04588,C0288,2024-08-01,Monitor,Electronics,3,339.43,0.0,1018.29,Debit Card,No
T04589,C0553,2025-11-21,Phone,Electronics,1,489.33,0.05,464.86,Mobile Payment,No
T04590,C1312,2025-03-06,Camera,Electronics,3,555.72,0.1,1500.44,PayPal,Yes
T04591,C0655,2025-09-13,Headphones,Electronics,1,84.49,0.0,84.49,Credit Card,No
T04592,C1387,2025-11-08,Tablet,Electronics,1,556.3,0.0,556.3,Credit Card,Yes
T04593,C0763,2025-05-22,Smartwatch,Electronics,1,134.35,0.0,134.35,Debit Card,No
T04594,C0617,2025-12-31,Speaker,Electronics,2,97.76,0.0,195.52,Credit Card,No
T04595,C1151,2025-12-31,Tablet,Electronics,1,508.07,0.0,508.07,Mobile Payment,No
T04596,C0112,2025-12-31,Smartwatch,Electronics,1,143.36,0.0,143.36,Debit Card,No
T04597,C0143,2025-01-17,Mouse,Electronics,2,16.12,0.05,30.62,Credit Card,No
T04598,C0993,2024-06-04,Speaker,Electronics,3,282.26,0.1,762.1,PayPal,No
T04599,C0750,2025-03-30,Phone,Electronics,1,453.82,0.05,431.13,Debit Card,No
T04600,C1211,2024-06-17,Speaker,Electronics,2,238.74,0.0,477.48,Credit Card,No
T04601,C1387,2025-12-01,Tablet,Electronics,1,400.42,0.0,400.42,Credit Card,No
T04602,C0604,2025-03-22,Headphones,Electronics,1,55.48,0.15,47.15,Credit Card,No
T04603,C0903,2025-09-26,Headphones,Electronics,1,155.77,0.05,147.98,Debit Card,No
T04604,C0764,2025-01-12,Tablet,Electronics,1,288.83,0.0,288.83,PayPal,No
T04605,C1475,2025-01-24,Mouse,Electronics,1,39.47,0.05,37.5,Mobile Payment,No
T04606,C1274,2024-08-09,Keyboard,Electronics,1,30.02,0.05,28.52,PayPal,No
T04607,C1383,2025-08-22,Tablet,Electronics,1,187.71,0.0,187.71,PayPal,No
T04608,C0384,2025-08-20,Phone,Electronics,1,583.85,0.1,525.47,Credit Card,No
T04609,C1184,2025-12-31,Tablet,Electronics,1,207.16,0.1,186.45,Debit Card,No
T04610,C0403,2025-08-16,Headphones,Electronics,1,69.79,0.0,69.79,Debit Card,No
T04611,C0314,2025-12-31,Headphones,Electronics,2,205.52,0.15,349.39,Mobile Payment,No
T04612,C1424,2025-05-21,Headphones,Electronics,1,45.74,0.15,38.88,Debit Card,No
T04613,C0029,2024-12-05,Laptop,Electronics,2,903.55,0.2,1445.68,Credit Card,No
T04614,C1453,2025-07-05,Monitor,Electronics,1,476.94,0.0,476.94,Mobile Payment,No
T04615,C0232,2024-12-31,Camera,Electronics,1,1095.89,0.0,1095.89,Debit Card,No
T04616,C1258,2024-10-19,Phone,Electronics,1,280.04,0.05,266.04,Credit Card,No
T04617,C0425,2024-11-16,Phone,Electronics,3,370.54,0.05,1056.03,Debit Card,No
T04618,C0535,2025-05-21,Monitor,Electronics,1,324.55,0.0,324.55,PayPal,No
T04619,C0327,2025-12-31,Headphones,Electronics,3,98.59,0.0,295.77,Mobile Payment,No
T04620,C0888,2024-10-30,Keyboard,Electronics,2,69.72,0.05,132.47,Mobile Payment,No
T04621,C0530,2025-12-31,Speaker,Electronics,4,103.0,0.0,412.0,Credit Card,No
T04622,C1001,2025-07-19,Smartwatch,Electronics,3,137.91,0.0,413.73,Debit Card,No
T04623,C0027,2024-12-18,Mouse,Electronics,2,26.34,0.0,52.68,Debit Card,Yes
T04624,C0103,2025-05-13,Headphones,Electronics,1,61.03,0.2,48.83,Debit Card,No
T04625,C0154,2025-02-09,Tablet,Electronics,1,465.18,0.0,465.18,Credit Card,No
T04626,C0647,2025-08-16,Keyboard,Electronics,1,70.29,0.0,70.29,Debit Card,No
T04627,C1250,2025-03-04,Camera,Electronics,2,659.72,0.0,1319.43,Debit Card,No
T04628,C1358,2025-03-15,Camera,Electronics,2,670.77,0.0,1341.54,Credit Card,No
T04629,C0368,2025-06-30,Headphones,Electronics,1,50.85,0.0,50.85,PayPal,No
T04630,C0871,2025-02-10,Tablet,Electronics,2,565.16,0.05,1073.81,Credit Card,No
T04631,C1178,2025-07-10,Phone,Electronics,1,871.63,0.0,871.63,Credit Card,No
T04632,C0445,2024-12-09,Laptop,Electronics,1,884.48,0.05,840.26,Mobile Payment,No
T04633,C0635,2025-12-31,Camera,Electronics,1,564.97,0.0,564.97,PayPal,No
T04634,C0796,2025-04-26,Tablet,Electronics,3,505.78,0.0,1517.35,PayPal,No
T04635,C0208,2025-07-02,Headphones,Electronics,2,45.31,0.15,77.03,Debit Card,No
T04636,C0038,2024-12-19,Smartwatch,Electronics,3,323.12,0.0,969.37,Credit Card,No
T04637,C0237,2024-12-16,Phone,Electronics,4,328.38,0.15,1116.5,Credit Card,No
T04638,C0950,2025-12-31,Monitor,Electronics,1,479.43,0.0,479.43,Credit Card,Yes
T04639,C0113,2025-03-12,Phone,Electronics,1,439.48,0.0,439.48,PayPal,No
T04640,C0288,2025-02-24,Headphones,Electronics,1,91.42,0.1,82.28,Debit Card,Yes
T04641,C0516,2025-10-13,Laptop,Electronics,2,798.59,0.0,1597.18,Debit Card,No
T04642,C0122,2024-10-29,Monitor,Electronics,1,440.85,0.05,418.81,Credit Card,No
T04643,C0291,2025-09-30,Smartwatch,Electronics,1,290.55,0.0,290.55,Credit Card,No
T04644,C1383,2025-12-31,Mouse,Electronics,1,95.77,0.0,95.77,Debit Card,Yes
T04645,C0029,2024-09-28,Monitor,Electronics,1,299.2,0.0,299.2,PayPal,No
T04646,C0995,2025-07-27,Smartwatch,Electronics,1,240.14,0.05,228.14,Mobile Payment,No
T04647,C0594,2025-04-16,Phone,Electronics,1,519.75,0.05,493.76,Debit Card,No
T04648,C1024,2025-12-31,Camera,Electronics,2,802.06,,1443.71,PayPal,No
T04649,C0892,2024-06-14,Tablet,Electronics,1,256.58,0.15,218.09,Credit Card,Yes
T04650,C0335,2025-12-31,Headphones,Electronics,3,140.53,0.0,421.6,Debit Card,No
T04651,C1294,2025-12-31,Phone,Electronics,2,801.9,0.05,1523.62,Debit Card,No
T04652,C0756,2025-12-31,Phone,Electronics,2,811.37,0.0,1622.75,Credit Card,No
T04653,C1263,2025-12-31,Speaker,Electronics,1,165.68,0.0,165.68,Debit Card,Yes
T04654,C0630,2025-12-31,Phone,Electronics,1,403.24,0.0,403.24,Debit Card,No
T04655,C1478,2025-08-08,Headphones,Electronics,1,188.97,0.1,170.07,Debit Card,Yes
T04656,C1182,2025-12-31,Monitor,Electronics,3,599.74,0.0,1799.23,PayPal,No
T04657,C1453,2024-10-28,Headphones,Electronics,1,101.66,0.05,96.58,Credit Card,No
T04658,C0779,2025-09-01,Camera,Electronics,2,1131.93,0.0,2263.86,Mobile Payment,Yes
T04659,C0730,2025-12-31,Speaker,Electronics,3,295.7,0.05,842.74,Debit Card,No
T04660,C1154,2025-01-22,Tablet,Electronics,1,365.94,0.1,329.34,Credit Card,No
T04661,C1343,2025-03-05,Phone,Electronics,1,715.58,0.0,715.58,Mobile Payment,No
T04662,C1451,2025-01-22,Phone,Electronics,1,627.71,0.0,627.71,Debit Card,No
T04663,C0499,2024-05-15,Monitor,Electronics,2,474.99,0.0,949.97,Mobile Payment,No
T04664,C1225,2025-12-31,Tablet,Electronics,2,252.45,0.0,504.9,Credit Card,Yes
T04665,C0318,2025-12-31,Monitor,Electronics,1,315.02,0.0,315.02,Credit Card,No
T04666,C0827,2025-04-08,Smartwatch,Electronics,2,78.21,0.05,148.6,PayPal,No
T04667,C0276,2025-12-31,Headphones,Electronics,1,146.51,0.0,146.51,Mobile Payment,No
T04668,C0530,2025-04-30,Phone,Electronics,1,852.35,0.0,852.35,Credit Card,No
T04669,C1408,2024-09-18,Headphones,Electronics,1,136.45,0.0,136.45,PayPal,No
T04670,C0225,2024-10-12,Mouse,Electronics,3,20.98,0.0,62.93,Credit Card,No
T04671,C0957,2024-12-02,Headphones,Electronics,1,206.77,0.0,206.77,Mobile Payment,No
T04672,C0898,2024-07-09,Tablet,Electronics,1,242.49,0.1,218.24,PayPal,Yes
T04673,C0184,2025-12-31,Headphones,Electronics,1,197.76,0.2,158.21,PayPal,No
T04674,C0499,2024-09-07,Monitor,Electronics,3,471.4,0.1,1272.79,Debit Card,No
T04675,C0850,2025-03-04,Tablet,Electronics,1,479.09,0.0,479.09,Mobile Payment,No
T04676,C0285,2025-07-09,Speaker,Electronics,1,192.58,0.05,182.95,Debit Card,No
T04677,C1228,2024-11-08,Smartwatch,Electronics,4,98.03,0.05,372.53,Debit Card,No
T04678,C1461,2025-05-01,Mouse,Electronics,1,57.57,0.1,51.81,Mobile Payment,No
T04679,C0325,2025-08-08,Camera,Electronics,2,477.02,0.1,858.64,Credit Card,No
T04680,C0285,2025-08-19,Mouse,Electronics,1,63.6,0.0,63.6,PayPal,No
T04681,C0704,2025-03-17,Smartwatch,Electronics,1,189.73,0.0,189.73,PayPal,No
T04682,C1148,2025-06-05,Headphones,Electronics,1,159.14,0.0,159.14,Credit Card,No
T04683,C0429,2025-12-06,Monitor,Electronics,3,592.12,0.0,1776.37,Debit Card,No
T04684,C0029,2024-05-13,Laptop,Electronics,1,952.71,0.0,952.71,Debit Card,No
T04685,C0821,2024-06-09,Tablet,Electronics,1,469.86,0.15,399.38,Mobile Payment,No
T04686,C1439,2024-12-25,Headphones,Electronics,2,194.24,0.05,369.05,Debit Card,No
T04687,C0606,2024-05-14,Keyboard,Electronics,3,39.4,0.05,112.3,Debit Card,Yes
T04688,C0648,2025-03-09,Monitor,Electronics,1,510.11,0.0,510.11,PayPal,No
T04689,C1457,2024-11-04,Keyboard,Electronics,1,62.11,0.1,55.9,Debit Card,No
T04690,C1058,2025-05-28,Mouse,Electronics,1,60.92,0.0,60.92,Debit Card,No
T04691,C1103,2025-05-22,Laptop,Electronics,2,1394.05,0.1,2509.29,PayPal,No
T04692,C0850,2025-02-24,Tablet,Electronics,1,642.5,0.0,642.5,Debit Card,No
T04693,C1465,2025-06-08,Phone,Electronics,2,455.27,0.05,865.01,Credit Card,No
T04694,C1047,2025-12-31,Phone,Electronics,1,335.65,0.05,318.86,PayPal,No
T04695,C1366,2025-11-12,Monitor,Electronics,1,572.18,0.0,572.18,Credit Card,Yes
T04696,C1064,2025-12-31,Mouse,Electronics,2,90.95,0.15,154.62,Mobile Payment,No
T04697,C1126,2024-11-18,Tablet,Electronics,2,469.53,0.0,939.07,PayPal,Yes
T04698,C0448,2024-07-12,Smartwatch,Electronics,2,69.4,0.0,138.8,Credit Card,No
T04699,C0466,2025-07-20,Camera,Electronics,2,976.15,0.05,1854.69,Credit Card,No
T04700,C1202,2024-11-12,Headphones,Electronics,1,60.56,0.1,54.51,Debit Card,No
T04701,C0455,2025-12-31,Mouse,Electronics,2,95.16,0.15,161.77,Mobile Payment,No
T04702,C0850,2024-03-28,Phone,Electronics,3,532.83,0.0,1598.5,Mobile Payment,No
T04703,C0374,2024-04-17,Mouse,Electronics,1,67.28,0.0,67.28,Credit Card,No
T04704,C1254,2025-04-27,Phone,Electronics,1,432.7,0.0,432.7,PayPal,No
T04705,C0172,2025-04-27,Mouse,Electronics,2,55.38,0.0,110.76,Mobile Payment,No
T04706,C1271,2025-12-31,Headphones,Electronics,1,173.38,0.1,156.04,PayPal,No
T04707,C0911,2025-12-31,Speaker,Electronics,1,167.92,0.0,167.92,PayPal,No
T04708,C0285,2025-11-27,Monitor,Electronics,2,531.24,0.0,1062.48,Credit Card,No
T04709,C0821,2024-11-16,Laptop,Electronics,1,1199.12,0.1,1079.21,Mobile Payment,No
T04710,C0430,2025-11-18,Monitor,Electronics,2,184.81,0.0,369.62,Mobile Payment,No
T04711,C0498,2025-08-04,Smartwatch,Electronics,1,235.98,0.0,235.98,Debit Card,No
T04712,C0536,2025-04-18,Mouse,Electronics,1,67.07,0.15,57.01,Debit Card,No
T04713,C0100,2025-12-31,Speaker,Electronics,2,139.03,0.1,250.26,Credit Card,No
T04714,C1480,2025-07-23,Camera,Electronics,1,590.45,0.05,560.93,PayPal,No
T04715,C0046,2025-05-28,Monitor,Electronics,3,178.3,0.05,508.15,Credit Card,No
T04716,C1009,2024-08-31,Phone,Electronics,1,540.0,0.05,513.0,Mobile Payment,No
T04717,C0572,2025-09-11,Laptop,Electronics,4,935.62,0.0,3742.47,Mobile Payment,No
T04718,C0986,2025-07-03,Speaker,Electronics,2,287.28,0.1,517.1,Debit Card,No
T04719,C0544,2024-08-22,Speaker,Electronics,1,215.29,0.05,204.52,PayPal,No
T04720,C1026,2025-11-02,Tablet,Electronics,2,396.23,0.0,792.46,Debit Card,No
T04721,C1120,2024-12-30,Mouse,Electronics,1,79.14,0.0,79.14,Mobile Payment,No
T04722,C1051,2025-12-08,Mouse,Electronics,2,81.2,0.0,162.39,Credit Card,No
T04723,C0173,2024-07-26,Keyboard,Electronics,1,99.47,0.0,99.47,Debit Card,No
T04724,C1001,2025-12-31,Camera,Electronics,4,368.18,0.0,1472.73,Debit Card,No
T04725,C0428,2025-07-19,Laptop,Electronics,1,1246.39,0.0,1246.39,Credit Card,No
T04726,C0041,2025-03-05,Camera,Electronics,2,381.26,0.0,762.51,Credit Card,No
T04727,C0642,2025-08-01,Headphones,Electronics,1,191.03,0.05,181.47,PayPal,No
T04728,C0673,2024-05-02,Monitor,Electronics,1,300.37,0.15,255.32,Credit Card,No
T04729,C0723,2025-12-31,Headphones,Electronics,1,151.27,0.1,136.14,PayPal,Yes
T04730,C1072,2025-12-31,Keyboard,Electronics,1,139.76,0.0,139.76,Debit Card,No
T04731,C0476,2025-12-31,Keyboard,Electronics,1,30.45,0.0,30.45,Credit Card,No
T04732,C0485,2025-05-25,Mouse,Electronics,1,47.69,0.05,45.31,PayPal,No
T04733,C0094,2025-10-31,Monitor,Electronics,3,421.86,0.0,1265.59,Debit Card,No
T04734,C1043,2025-06-11,Mouse,Electronics,1,87.09,0.0,87.09,Credit Card,No
T04735,C0860,2025-12-31,Headphones,Electronics,1,166.38,0.1,149.74,Mobile Payment,No
T04736,C0532,2025-07-11,Speaker,Electronics,3,273.0,0.0,818.99,Debit Card,No
T04737,C1074,2025-09-12,Laptop,Electronics,1,757.91,0.0,757.91,Mobile Payment,No
T04738,C0811,2025-10-11,Keyboard,Electronics,1,36.13,0.1,32.52,Debit Card,No
T04739,C0726,2024-10-03,Phone,Electronics,2,713.79,0.1,1284.82,Mobile Payment,No
T04740,C0774,2024-04-22,Headphones,Electronics,1,105.72,0.0,105.72,Debit Card,No
T04741,C0965,2025-06-27,Tablet,Electronics,1,406.37,0.1,365.73,Credit Card,No
T04742,C1006,2025-12-31,Speaker,Electronics,1,197.12,0.0,197.12,Credit Card,No
T04743,C0445,2025-11-03,Laptop,Electronics,1,1390.16,0.15,1181.64,PayPal,No
T04744,C0217,2025-06-01,Headphones,Electronics,1,42.76,0.0,42.76,PayPal,No
T04745,C0242,2025-10-09,Smartwatch,Electronics,1,91.58,0.0,91.58,Credit Card,No
T04746,C0970,2025-10-22,Phone,Electronics,2,789.05,0.0,1578.11,Mobile Payment,No
T04747,C1329,2024-07-29,Smartwatch,Electronics,2,65.95,0.0,131.9,Mobile Payment,No
T04748,C0635,2025-12-27,Camera,Electronics,1,705.41,0.0,705.41,Debit Card,No
T04749,C0260,2025-02-16,Mouse,Electronics,1,80.8,0.0,80.8,Credit Card,No
T04750,C1155,2024-08-09,Phone,Electronics,1,376.92,0.1,339.23,Debit Card,No
T04751,C1278,2025-07-29,Tablet,Electronics,1,267.89,0.0,267.89,Mobile Payment,No
T04752,C1343,2025-11-20,Phone,Electronics,3,451.66,0.2,1083.99,PayPal,No
T04753,C0919,2025-09-12,Phone,Electronics,1,347.51,0.0,347.51,Mobile Payment,No
T04754,C1311,2024-12-08,Laptop,Electronics,3,1174.99,0.0,3524.96,Credit Card,No
T04755,C0027,2025-01-19,Camera,Electronics,1,480.12,0.05,456.12,Mobile Payment,No
T04756,C0168,2024-12-31,Monitor,Electronics,3,252.09,0.0,756.26,PayPal,No
T04757,C0149,2025-11-20,Tablet,Electronics,2,450.22,0.0,900.44,Credit Card,No
T04758,C1089,2025-06-06,Tablet,Electronics,1,634.65,0.1,571.19,Debit Card,No
T04759,C0106,2025-04-18,Keyboard,Electronics,1,166.65,0.0,166.65,Mobile Payment,No
T04760,C0761,2025-04-14,Tablet,Electronics,1,586.31,0.1,527.68,Credit Card,No
T04761,C0729,2025-08-22,Camera,Electronics,1,777.83,0.0,777.83,PayPal,No
T04762,C0480,2025-10-02,Phone,Electronics,1,443.54,0.15,377.01,PayPal,No
T04763,C1324,2025-12-31,Camera,Electronics,1,935.19,0.0,935.19,Debit Card,No
T04764,C0263,2024-08-20,Mouse,Electronics,2,48.11,0.1,86.61,Debit Card,No
T04765,C0536,2025-10-25,Speaker,Electronics,1,242.26,0.1,218.03,Mobile Payment,No
T04766,C1188,2025-07-23,Laptop,Electronics,1,711.33,0.0,711.33,Mobile Payment,No
T04767,C0043,2025-04-23,Laptop,Electronics,3,1070.68,0.0,3212.03,Debit Card,No
T04768,C1024,2025-10-03,Monitor,Electronics,1,301.81,0.05,286.72,PayPal,No
T04769,C1252,2025-06-11,Speaker,Electronics,2,104.75,0.05,199.03,Debit Card,No
T04770,C1408,2024-11-10,Mouse,Electronics,1,71.26,0.05,67.69,Debit Card,No
T04771,C1335,2024-11-13,Keyboard,Electronics,1,127.05,0.0,127.05,Mobile Payment,No
T04772,C0490,2025-06-02,Laptop,Electronics,1,725.95,0.15,617.05,Credit Card,No
T04773,C0889,2025-04-13,Headphones,Electronics,1,210.06,0.05,199.56,Credit Card,No
T04774,C0120,2025-10-29,Headphones,Electronics,1,98.75,0.0,98.75,Credit Card,No
T04775,C0388,2025-12-31,Keyboard,Electronics,1,167.2,0.1,150.48,Credit Card,No
T04776,C0150,2025-12-31,Tablet,Electronics,1,454.35,0.0,454.35,PayPal,No
T04777,C0484,2025-05-17,Tablet,Electronics,1,486.72,0.05,462.38,Mobile Payment,No
T04778,C1332,2025-03-26,Keyboard,Electronics,1,173.88,0.0,173.88,Credit Card,No
T04779,C0530,2025-04-08,Speaker,Electronics,2,253.77,0.1,456.79,Credit Card,Yes
T04780,C0847,2025-06-07,Mouse,Electronics,1,26.9,0.0,26.9,Mobile Payment,No
T04781,C0673,2025-05-15,Mouse,Electronics,4,15.44,0.05,58.69,Debit Card,No
T04782,C0710,2024-08-25,Speaker,Electronics,1,120.23,0.0,120.23,Mobile Payment,No
T04783,C1458,2025-03-16,Phone,Electronics,2,567.55,0.1,1021.59,Mobile Payment,No
T04784,C0455,2025-12-31,Laptop,Electronics,1,1212.5,0.15,1030.63,Mobile Payment,Yes
T04785,C0951,2025-12-31,Mouse,Electronics,1,71.19,0.1,64.07,Debit Card,No
T04786,C0648,2024-10-09,Headphones,Electronics,2,89.44,0.1,161.0,Debit Card,No
T04787,C0095,2024-10-27,Headphones,Electronics,1,132.98,0.0,132.98,PayPal,No
T04788,C0754,2025-08-29,Phone,Electronics,1,673.11,0.0,673.11,PayPal,No
T04789,C1248,2025-08-08,Monitor,Electronics,1,381.19,0.0,381.19,PayPal,No
T04790,C0154,2025-02-13,Headphones,Electronics,2,160.91,0.0,321.81,Debit Card,No
T04791,C0106,2025-03-05,Headphones,Electronics,1,122.19,0.0,122.19,Debit Card,No
T04792,C0238,2025-05-09,Headphones,Electronics,1,130.64,0.0,130.64,Debit Card,No
T04793,C1169,2025-04-01,Headphones,Electronics,4,208.75,0.0,834.99,PayPal,No
T04794,C1112,2025-09-11,Speaker,Electronics,1,141.18,0.15,120.0,Credit Card,No
T04795,C0855,2025-11-01,Speaker,Electronics,1,236.48,0.05,224.66,Debit Card,No
T04796,C0723,2025-11-30,Camera,Electronics,1,601.21,0.0,601.21,PayPal,No
T04797,C1358,2024-09-27,Speaker,Electronics,1,126.28,0.0,126.28,PayPal,No
T04798,C1172,2024-11-22,Tablet,Electronics,1,615.54,0.0,615.54,PayPal,Yes
T04799,C1245,2025-12-23,Camera,Electronics,3,928.8,0.1,2507.77,PayPal,No
T04800,C1248,2024-11-19,Headphones,Electronics,1,206.5,0.0,206.5,Debit Card,No
T04801,C0978,2024-10-03,Mouse,Electronics,1,99.54,0.1,89.59,PayPal,Yes
T04802,C0710,2024-09-06,Phone,Electronics,1,250.13,0.0,250.13,Credit Card,No
T04803,C1315,2024-05-16,Smartwatch,Electronics,1,345.11,0.1,310.6,Debit Card,No
T04804,C1398,2025-01-20,Phone,Electronics,1,315.57,0.15,268.23,PayPal,No
T04805,C0037,2024-07-06,Tablet,Electronics,1,213.09,0.05,202.44,Debit Card,No
T04806,C0080,2025-01-23,Smartwatch,Electronics,1,282.66,0.15,240.27,Credit Card,No
T04807,C1441,2025-04-23,Mouse,Electronics,1,44.77,0.1,40.29,PayPal,No
T04808,C0427,2024-09-28,Monitor,Electronics,2,563.02,0.0,1126.03,Debit Card,No
T04809,C1329,2025-05-26,Mouse,Electronics,2,61.28,0.15,104.18,Credit Card,No
T04810,C0604,2025-08-20,Phone,Electronics,1,500.97,0.0,500.97,Mobile Payment,No
T04811,C0180,2025-12-31,Mouse,Electronics,1,21.24,0.0,21.24,Mobile Payment,No
T04812,C0127,2025-05-19,Laptop,Electronics,1,1025.25,0.0,1025.25,Credit Card,No
T04813,C0242,2025-12-31,Camera,Electronics,3,550.11,0.0,1650.32,PayPal,No
T04814,C0375,2025-12-30,Monitor,Electronics,1,184.48,0.1,166.03,Debit Card,No
T04815,C0754,2025-06-18,Speaker,Electronics,1,214.3,0.0,214.3,Debit Card,No
T04816,C1067,2025-05-21,Monitor,Electronics,1,589.8,0.0,589.8,PayPal,No
T04817,C1480,2025-11-04,Headphones,Electronics,1,101.99,0.0,101.99,Debit Card,No
T04818,C0689,2024-08-02,Monitor,Electronics,1,283.77,0.15,241.2,Mobile Payment,No
T04819,C0784,2025-12-31,Headphones,Electronics,1,47.09,0.0,47.09,PayPal,Yes
T04820,C0792,2024-04-17,Phone,Electronics,2,395.04,0.0,790.09,Debit Card,No
T04821,C0816,2024-11-26,Camera,Electronics,1,556.48,0.0,556.48,Debit Card,No
T04822,C0783,2025-06-07,Headphones,Electronics,1,95.39,0.1,85.85,Credit Card,No
T04823,C0015,2025-06-01,Monitor,Electronics,3,435.29,0.0,1305.86,Credit Card,No
T04824,C0002,2025-10-28,Laptop,Electronics,1,780.41,0.0,780.41,Credit Card,Yes
T04825,C0152,2025-05-08,Laptop,Electronics,2,740.9,0.1,1333.61,Credit Card,No
T04826,C0156,2025-04-24,Keyboard,Electronics,1,169.24,0.0,169.24,Credit Card,No
T04827,C1073,2025-02-23,Camera,Electronics,3,1019.27,0.15,2599.14,Credit Card,No
T04828,C0308,2024-02-09,Monitor,Electronics,2,275.2,0.0,550.4,Mobile Payment,No
T04829,C1366,2025-06-28,Phone,Electronics,1,665.21,0.1,598.69,Debit Card,No
T04830,C1404,2025-04-27,Phone,Electronics,3,635.12,0.1,1714.82,PayPal,No
T04831,C1467,2025-12-28,Camera,Electronics,2,968.71,0.0,1937.42,Credit Card,No
T04832,C1416,2025-12-31,Mouse,Electronics,1,88.04,0.05,83.64,Mobile Payment,No
T04833,C0418,2025-06-05,Speaker,Electronics,4,133.02,0.05,505.46,Credit Card,Yes
T04834,C0772,2025-08-27,Phone,Electronics,1,679.54,0.0,679.54,Debit Card,No
T04835,C0269,2025-10-25,Speaker,Electronics,1,248.53,0.0,248.53,Debit Card,No
T04836,C1237,2025-05-23,Camera,Electronics,3,929.36,0.1,2509.29,Credit Card,No
T04837,C1358,2025-05-29,Camera,Electronics,2,1129.92,0.0,2259.84,Credit Card,No
T04838,C1299,2025-06-21,Laptop,Electronics,1,1046.28,0.1,941.65,PayPal,No
T04839,C0673,2024-06-04,Mouse,Electronics,1,83.22,0.0,83.22,Credit Card,No
T04840,C1159,2025-02-19,Keyboard,Electronics,1,166.01,0.05,157.71,Mobile Payment,No
T04841,C0152,2024-10-11,Keyboard,Electronics,1,111.34,0.0,111.34,Credit Card,No
T04842,C0059,2025-07-01,Monitor,Electronics,1,157.78,0.15,134.11,Mobile Payment,No
T04843,C1152,2025-12-31,Mouse,Electronics,1,84.53,0.05,80.3,Mobile Payment,No
T04844,C0655,2025-11-19,Speaker,Electronics,2,259.97,0.0,519.94,Debit Card,Yes
T04845,C1492,2024-10-29,Mouse,Electronics,1,48.99,0.0,48.99,Credit Card,No
T04846,C0152,2025-03-05,Mouse,Electronics,1,34.47,0.0,34.47,Mobile Payment,No
T04847,C1303,2025-12-31,Mouse,Electronics,1,98.14,0.0,98.14,PayPal,No
T04848,C0741,2025-12-31,Mouse,Electronics,3,61.89,0.0,185.66,Debit Card,No
T04849,C1269,2024-10-22,Headphones,Electronics,1,128.07,0.0,128.07,Debit Card,No
T04850,C1255,2025-12-31,Tablet,Electronics,1,624.65,0.15,530.96,Debit Card,No
T04851,C1387,2025-12-31,Smartwatch,Electronics,1,178.35,0.0,178.35,Debit Card,No
T04852,C0459,2025-01-21, phone ,Electronics,2,1293.7,0.0,2587.39,Debit Card,No
T04853,C1431,2025-04-21,Smartwatch,Electronics,1,263.19,0.1,236.87,Mobile Payment,No
T04854,C0236,2025-10-02,Smartwatch,Electronics,3,340.64,0.05,970.82,Mobile Payment,No
T04855,C0130,2025-08-09,Monitor,Electronics,1,342.89,0.05,325.75,Mobile Payment,No
T04856,C0670,2025-08-09,Speaker,Electronics,1,275.98,0.05,262.18,Mobile Payment,No
T04857,C1271,2025-12-08,Monitor,Electronics,2,406.0,0.0,811.99,Mobile Payment,No
T04858,C0730,2025-12-31,Phone,Electronics,1,559.32,0.0,559.32,Debit Card,No
T04859,C1271,2025-12-31,Headphones,Electronics,1,88.08,0.15,74.86,Credit Card,No
T04860,C1121,2025-12-31,Speaker,Electronics,1,183.7,0.15,156.15,PayPal,No
T04861,C0315,2024-12-20,Speaker,Electronics,3,188.86,0.0,566.59,Debit Card,No
T04862,C1429,2025-05-29,Headphones,Electronics,1,200.69,0.0,200.69,PayPal,No
T04863,C0094,2025-04-28,Phone,Electronics,2,707.64,0.0,1415.28,Credit Card,No
T04864,C1369,2024-12-30,Tablet,Electronics,3,568.44,0.0,1705.33,PayPal,No
T04865,C0469,2025-06-10,Keyboard,Electronics,2,144.22,0.0,288.43,Credit Card,No
T04866,C0764,2025-04-14,Keyboard,Electronics,1,67.88,0.0,67.88,Mobile Payment,No
T04867,C0650,2024-12-14,Mouse,Electronics,1,32.49,0.0,32.49,Mobile Payment,No
T04868,C0267,2025-09-19,Camera,Electronics,1,532.63,0.0,532.63,Mobile Payment,No
T04869,C0548,2025-12-31,Mouse,Electronics,1,27.46,0.0,27.46,Debit Card,No
T04870,C0293,2025-05-16,Tablet,Electronics,1,361.4,0.0,361.4,Debit Card,No
T04871,C0308,2024-04-23,Headphones,Electronics,1,154.24,0.0,154.24,Mobile Payment,No
T04872,C0285,2025-12-31,Camera,Electronics,2,783.28,0.0,1566.56,PayPal,No
T04873,C0754,2024-09-19,Mouse,Electronics,1,72.73,0.0,72.73,Debit Card,No
T04874,C1223,2025-12-31,Phone,Electronics,1,481.46,0.1,433.32,Mobile Payment,No
T04875,C0862,2025-06-29,Tablet,Electronics,3,276.48,0.05,787.97,Debit Card,No
T04876,C1364,2024-06-08,Smartwatch,Electronics,2,118.8,0.2,190.08,Credit Card,No
T04877,C0966,2025-01-29,Phone,Electronics,1,640.56,0.15,544.48,PayPal,No
T04878,C1048,2024-06-21,Mouse,Electronics,4,28.97,0.0,115.86,Debit Card,Yes
T04879,C1015,2025-09-17,Keyboard,Electronics,3,86.56,0.1,233.71,Credit Card,No
T04880,C0698,2025-02-05,Phone,Electronics,3,388.34,0.0,1165.02,Credit Card,No
T04881,C1048,2024-04-02,Mouse,Electronics,1,71.33,0.0,71.33,Debit Card,No
T04882,C0106,2025-03-09,Phone,Electronics,1,650.02,0.05,617.52,Mobile Payment,No
T04883,C1310,2025-07-12,Headphones,Electronics,1,102.41,0.0,102.41,Credit Card,Yes
T04884,C1195,2025-10-04,Tablet,Electronics,2,240.5,0.0,480.99,Debit Card,No
T04885,C0368,2024-10-31,Mouse,Electronics,3,33.0,0.0,99.01,Debit Card,No
T04886,C1178,2025-07-30,Smartwatch,Electronics,2,196.94,0.0,393.88,Mobile Payment,No
T04887,C0021,2025-08-14,Phone,Electronics,1,881.85,0.0,881.85,Debit Card,No
T04888,C0328,2024-10-02,Smartwatch,Electronics,1,138.52,0.05,131.6,Credit Card,No
T04889,C0104,2025-09-03,Laptop,Electronics,1,833.83,0.0,833.83,Debit Card,Yes
T04890,C1200,2025-12-31,Keyboard,Electronics,2,59.21,0.05,112.49,Credit Card,No
T04891,C1154,2024-10-16,Monitor,Electronics,4,468.66,0.15,1593.45,Debit Card,No
T04892,C1248,2025-02-02,Keyboard,Electronics,1,166.78,0.0,166.78,PayPal,No
T04893,C0005,2024-12-16,Tablet,Electronics,1,215.33,0.0,215.33,PayPal,No
T04894,C0764,2024-09-17,Laptop,Electronics,2,1224.5,0.05,2326.55,Credit Card,No
T04895,C1072,2025-12-31,Monitor,Electronics,1,372.57,0.05,353.94,Debit Card,Yes
T04896,C0240,2025-04-30,Laptop,Electronics,2,1277.63,0.0,2555.27,Mobile Payment,Yes
T04897,C0991,2025-12-31,Camera,Electronics,2,679.35,0.05,1290.77,Debit Card,No
T04898,C0133,2024-10-28,Phone,Electronics,1,253.39,0.1,228.05,Debit Card,No
T04899,C0276,2025-08-18,Headphones,Electronics,2,159.73,0.2,255.57,Debit Card,No
T04900,C0733,2025-12-07,Headphones,Electronics,1,183.51,0.0,183.51,Debit Card,Yes
T04901,C0995,2025-01-08,Keyboard,Electronics,1,164.81,0.05,156.57,Credit Card,No
T04902,C0225,2025-01-16,Smartwatch,Electronics,1,225.02,0.0,225.02,Mobile Payment,Yes
T04903,C0282,2024-12-27,Monitor,Electronics,1,204.92,0.0,204.92,Mobile Payment,No
T04904,C0308,2024-06-20,Laptop,Electronics,2,958.88,0.2,1534.21,PayPal,No
T04905,C0356,2025-06-14,Smartwatch,Electronics,1,287.43,0.0,287.43,Mobile Payment,No
T04906,C0338,2025-06-19,Phone,Electronics,2,571.37,0.0,1142.74,Debit Card,No
T04907,C0612,2024-02-23,Mouse,Electronics,1,74.44,0.05,70.71,Credit Card,No
T04908,C0997,2025-05-18,Smartwatch,Electronics,2,61.36,0.05,116.58,Debit Card,No
T04909,C0682,2025-09-02,Tablet,Electronics,3,214.31,0.05,610.79,Debit Card,Yes
T04910,C1192,2025-07-13,Headphones,Electronics,1,159.42,0.05,151.45,Credit Card,No
T04911,C1103,2025-07-28,Laptop,Electronics,1,903.14,0.1,812.83,Debit Card,No
T04912,C0194,2024-12-30,Smartwatch,Electronics,1,172.57,0.1,155.32,Debit Card,No
T04913,C0076,2024-07-04,Mouse,Electronics,2,69.58,0.0,139.16,Credit Card,No
T04914,C1337,2025-04-25,Tablet,Electronics,3,232.65,0.0,697.94,Debit Card,No
T04915,C0126,2025-07-08,Headphones,Electronics,1,188.21,0.05,178.8,Mobile Payment,No
T04916,C0230,2025-12-31,Mouse,Electronics,2,27.28,0.1,49.1,Debit Card,No
T04917,C0034,2025-12-31,Headphones,Electronics,1,169.32,0.0,169.32,Credit Card,No
T04918,C0953,2024-11-15,Phone,Electronics,1,440.29,0.0,440.29,PayPal,No
T04919,C0883,2024-12-12,Monitor,Electronics,1,266.99,0.0,266.99,Mobile Payment,Yes
T04920,C1481,2025-01-01,Mouse,Electronics,1,84.81,0.0,84.81,Debit Card,No
T04921,C1355,2025-12-14,Tablet,Electronics,1,439.53,0.0,439.53,Credit Card,No
T04922,C0637,2024-04-11,Phone,Electronics,1,383.57,0.0,383.57,Mobile Payment,No
T04923,C0572,2025-09-19,Smartwatch,Electronics,3,60.74,0.15,154.88,PayPal,No
T04924,C0456,2025-05-29,Tablet,Electronics,1,637.33,0.0,637.33,Mobile Payment,No
T04925,C0237,2025-08-30,Monitor,Electronics,1,344.12,0.0,344.12,PayPal,No
T04926,C0212,2025-04-26,Mouse,Electronics,4,48.78,0.0,195.12,Credit Card,No
T04927,C0204,2025-07-07,Tablet,Electronics,1,203.65,0.0,203.65,Debit Card,Yes
T04928,C0173,2024-08-01,Mouse,Electronics,1,91.02,0.0,91.02,Credit Card,No
T04929,C0360,2025-12-31,Monitor,Electronics,1,213.26,0.0,213.26,Debit Card,No
T04930,C0474,2025-12-31,Keyboard,Electronics,1,77.0,0.0,77.0,PayPal,No
T04931,C1447,2025-12-31,Keyboard,Electronics,2,90.27,0.1,162.49,Debit Card,No
T04932,C0878,2025-12-31,Smartwatch,Electronics,1,294.93,0.1,265.44,Debit Card,Yes
T04933,C1482,2025-12-31,Mouse,Electronics,4,45.55,0.0,182.22,Mobile Payment,No
T04934,C0574,2025-04-07,Tablet,Electronics,1,429.79,0.0,429.79,Credit Card,No
T04935,C0710,2024-08-04,Laptop,Electronics,1,1000.11,0.0,1000.11,Debit Card,No
T04936,C0499,2025-02-06,Laptop,Electronics,2,918.29,0.0,1836.58,PayPal,No
T04937,C0280,2025-06-02,Speaker,Electronics,1,286.04,0.15,243.13,Mobile Payment,No
T04938,C0220,2024-11-04,Speaker,Electronics,1,247.19,0.0,247.19,Credit Card,No
T04939,C1426,2025-06-24,Phone,Electronics,2,363.33,0.1,653.99,PayPal,No
T04940,C1481,2024-09-26,Monitor,Electronics,1,399.62,0.1,359.66,Credit Card,No
T04941,C0071,2024-07-12,Phone,Electronics,1,767.76,0.0,767.76,Debit Card,No
T04942,C0233,2024-11-11,Speaker,Electronics,2,190.75,0.0,381.49,PayPal,No
T04943,C0652,2025-06-18,Tablet,Electronics,1,412.08,0.0,412.08,Mobile Payment,No
T04944,C0285,2025-06-28,Monitor,Electronics,1,182.43,0.0,182.43,Debit Card,No
T04945,C0558,2024-09-01,Phone,Electronics,1,318.94,0.0,318.94,PayPal,No
T04946,C0199,2024-12-18,Headphones,Electronics,1,76.6,0.0,76.6,Credit Card,No
T04947,C0708,2025-12-31,Tablet,Electronics,1,421.3,0.05,400.23,Credit Card,No
T04948,C0416,2024-12-14,Monitor,Electronics,4,594.28,0.0,2377.13,PayPal,No
T04949,C0536,2025-12-31,Headphones,Electronics,1,182.43,0.0,182.43,Mobile Payment,No
T04950,C0150,2025-12-13,Headphones,Electronics,4,50.91,0.0,203.64,Credit Card,No
T04951,C0662,2025-09-08,Phone,Electronics,2,716.22,0.1,1289.19,Credit Card,No
T04952,C1477,2025-07-17,Monitor,Electronics,1,514.71,0.05,488.98,Credit Card,No
T04953,C0503,2024-10-27,Camera,Electronics,1,672.84,0.05,639.2,Debit Card,No
T04954,C1336,2025-11-08,Mouse,Electronics,1,43.06,0.0,43.06,Credit Card,No
T04955,C1292,2025-12-31,Mouse,Electronics,2,64.69,0.1,116.45,Mobile Payment,No
T04956,C1433,2025-11-16,Headphones,Electronics,1,128.64,0.0,128.64,Debit Card,No
T04957,C1211,2024-09-30,Mouse,Electronics,1,37.54,0.0,37.54,Credit Card,No
T04958,C1004,2024-04-20,Monitor,Electronics,4,328.82,0.0,1315.28,PayPal,No
T04959,C1304,2025-05-18,Phone,Electronics,2,603.88,0.0,1207.77,Debit Card,No
T04960,C0116,2025-12-31,Headphones,Electronics,2,140.19,0.0,280.37,Mobile Payment,No
T04961,C0717,2025-08-14,Phone,Electronics,1,595.64,0.05,565.86,Mobile Payment,No
T04962,C1484,2025-12-31,Phone,Electronics,1,799.97,0.1,719.97,Mobile Payment,No
T04963,C1180,2025-08-13,Laptop,Electronics,2,722.22,0.0,1444.44,Debit Card,No
T04964,C1447,2025-03-05,Tablet,Electronics,1,336.5,0.1,302.85,Credit Card,No
T04965,C1199,2025-03-05,Headphones,Electronics,2,172.47,0.05,327.69,Debit Card,No
T04966,C1331,2025-07-15,Mouse,Electronics,3,70.4,0.0,211.2,Debit Card,No
T04967,C1078,2025-06-12,Keyboard,Electronics,1,167.33,0.0,167.33,Mobile Payment,No
T04968,C1164,2025-10-15,Camera,Electronics,1,829.22,0.15,704.84,Credit Card,No
T04969,C0794,2025-12-31,Phone,Electronics,1,664.8,0.0,664.8,Debit Card,No
T04970,C1396,2025-12-31,Tablet,Electronics,1,511.33,0.0,511.33,Debit Card,No
T04971,C1268,2025-08-29,Speaker,Electronics,1,88.41,0.0,88.41,Debit Card,No
T04972,C1292,2025-11-20,Headphones,Electronics,3,173.12,0.1,467.41,Credit Card,No
T04973,C1024,2025-07-17,Smartwatch,Electronics,1,146.97,0.05,139.62,Mobile Payment,No
T04974,C0469,2025-09-04,Monitor,Electronics,1,341.03,0.0,341.03,Mobile Payment,No
T04975,C0050,2025-12-31,Monitor,Electronics,1,156.3,0.1,140.67,Credit Card,No
T04976,C1413,2025-12-03,Phone,Electronics,1,798.32,0.05,758.4,Debit Card,No
T04977,C0889,2025-03-04,Camera,Electronics,4,1158.14,0.2,3706.06,PayPal,No
T04978,C0460,2024-12-19,Laptop,Electronics,2,742.13,0.0,1484.27,Mobile Payment,Yes
T04979,C0232,2025-05-22,Tablet,Electronics,2,478.54,0.0,957.09,Credit Card,No
T04980,C1271,2025-12-31,Mouse,Electronics,1,96.67,0.0,96.67,PayPal,No
T04981,C1285,2025-04-16,Monitor,Electronics,1,423.11,0.0,423.11,Mobile Payment,No
T04982,C1250,2025-06-03,Camera,Electronics,1,1018.16,0.1,916.34,Credit Card,No
T04983,C0983,2024-12-21,Laptop,Electronics,1,782.69,0.0,782.69,Mobile Payment,No
T04984,C0561,2024-05-01,Mouse,Electronics,1,35.81,0.05,34.02,PayPal,No
T04985,C0468,2024-09-11,Monitor,Electronics,1,305.58,0.1,275.02,Mobile Payment,No
T04986,C0014,2024-07-15,Phone,Electronics,1,887.76,0.15,754.59,Credit Card,No
T04987,C1279,2025-12-31,Mouse,Electronics,1,81.45,0.0,81.45,Credit Card,No
T04988,C0141,2025-05-07,Headphones,Electronics,1,198.28,0.0,198.28,Debit Card,No
T04989,C0955,2025-12-31,Keyboard,Electronics,3,100.5,0.0,301.49,Mobile Payment,No
T04990,C0765,2025-07-05,Speaker,Electronics,1,226.37,0.0,226.37,Mobile Payment,Yes
T04991,C0799,2025-05-14,Monitor,Electronics,1,479.2,0.15,407.32,PayPal,No
T04992,C1399,2025-09-09,Smartwatch,Electronics,1,224.99,0.1,202.49,Debit Card,No
T04993,C0046,2024-07-16,Smartwatch,Electronics,2,314.61,0.05,597.76,Credit Card,No
T04994,C1185,2025-10-19,Mouse,Electronics,1,28.45,0.0,28.45,Debit Card,No
T04995,C0081,2025-12-31,Camera,Electronics,1,351.77,0.05,334.18,Credit Card,No
T04996,C0055,2024-11-15,Tablet,Electronics,3,322.91,0.1,871.85,PayPal,Yes
T04997,C0665,2025-12-31,Smartwatch,Electronics,3,85.6,0.0,256.8,Debit Card,No
T04998,C0100,2025-11-19,Headphones,Electronics,2,41.46,0.05,78.77,Debit Card,No
T04999,C1211,2025-09-16,Smartwatch,Electronics,1,181.54,0.0,181.54,PayPal,No
T05000,C0804,2025-12-31,Monitor,Electronics,1,240.23,0.0,240.23,Debit Card,No
T05001,C0041,2025-09-30,Camera,Electronics,1,1011.13,0.0,1011.13,PayPal,No
T05002,C0059,2025-12-31,Camera,Electronics,1,821.81,0.1,739.63,PayPal,No
T05003,C0927,2024-11-14,Keyboard,Electronics,1,80.89,0.0,80.89,Credit Card,No
T05004,C1236,2025-02-07,Monitor,Electronics,2,278.94,0.05,530.0,Debit Card,No
T05005,C0681,2025-12-31,Smartwatch,Electronics,2,223.31,0.0,446.62,Credit Card,No
T05006,C0837,2025-05-07,Tablet,Electronics,3,383.98,0.0,1151.94,Credit Card,No
T05007,C1226,2025-06-13,Laptop,Electronics,2,739.01,0.0,1478.03,Mobile Payment,No
T05008,C0924,2024-08-01,Headphones,Electronics,2,156.39,0.1,281.5,Credit Card,No
T05009,C0337,2025-05-30,Monitor,Electronics,1,374.89,0.0,374.89,Mobile Payment,Yes
T05010,C0927,2024-03-05,Tablet,Electronics,2,310.14,0.15,527.24,Mobile Payment,No
T05011,C0953,2025-09-02,Headphones,Electronics,1,85.18,0.0,85.18,Credit Card,No
T05012,C1125,2025-08-04,Phone,Electronics,1,544.31,0.0,544.31,Debit Card,No
T05013,C0941,2024-06-10,Tablet,Electronics,1,568.97,0.0,568.97,Debit Card,No
T05014,C1458,2024-12-27,Tablet,Electronics,1,378.83,0.0,378.83,Mobile Payment,Yes
T05015,C0300,2024-07-28,Tablet,Electronics,1,574.6,0.15,488.41,Credit Card,No
T05016,C1432,2024-11-06,Tablet,Electronics,1,379.69,0.0,379.69,Mobile Payment,No
T05017,C0812,2025-03-29,Keyboard,Electronics,1,153.64,0.0,153.64,Mobile Payment,No
T05018,C1024,2025-11-06,Tablet,Electronics,1,617.82,0.05,586.93,Debit Card,No
T05019,C0154,2024-04-20,Speaker,Electronics,1,45.35,0.0,45.35,Credit Card,Yes
T05020,C0588,2024-07-09,Monitor,Electronics,1,178.01,0.0,178.01,Debit Card,No
T05021,C1180,2025-01-20,Phone,Electronics,1,337.11,0.0,337.11,Mobile Payment,No
T05022,C1079,2025-12-31,Tablet,Electronics,1,237.4,0.0,237.4,Credit Card,No
T05023,C0058,2025-10-01,Mouse,Electronics,3,53.63,0.0,160.89,Debit Card,No
T05024,C0828,2025-12-14,Laptop,Electronics,2,1234.82,0.05,2346.17,Credit Card,No
T05025,C0142,2025-12-06,Speaker,Electronics,1,289.95,0.0,289.95,Mobile Payment,No
T05026,C1493,2025-12-31,Headphones,Electronics,1,109.38,0.05,103.91,PayPal,No
T05027,C1368,2025-12-20,Monitor,Electronics,2,459.82,0.0,919.63,Mobile Payment,No
T05028,C0032,2025-06-24,Speaker,Electronics,4,205.23,0.1,738.83,Mobile Payment,No
T05029,C1308,2025-10-20,Monitor,Electronics,1,326.93,0.1,294.24,Debit Card,No
T05030,C1389,2025-07-11,Speaker,Electronics,1,227.49,0.0,227.49,Mobile Payment,No
T05031,C0540,2024-09-23,Speaker,Electronics,1,193.91,0.15,164.82,Credit Card,No
T05032,C1104,2025-12-09,Speaker,Electronics,2,237.58,0.1,427.65,Credit Card,No
T05033,C0690,2025-10-05,Smartwatch,Electronics,1,116.16,0.0,116.16,PayPal,No
T05034,C0999,2025-07-15,Tablet,Electronics,1,349.33,0.05,331.86,Debit Card,No
T05035,C0521,2024-05-28,Headphones,Electronics,1,157.53,0.1,141.78,Mobile Payment,No
T05036,C0496,2025-12-31,Headphones,Electronics,1,53.71,0.0,53.71,PayPal,No
T05037,C0655,2025-12-31,Speaker,Electronics,3,240.3,0.0,720.91,PayPal,No
T05038,C0224,2025-12-31,Headphones,Electronics,2,55.35,0.05,105.17,Mobile Payment,No
T05039,C1274,2024-05-29,Phone,Electronics,2,460.9,0.0,921.79,Debit Card,No
T05040,C0531,2025-01-08,Smartwatch,Electronics,1,128.88,0.05,122.44,Credit Card,No
T05041,C0620,2024-07-28,Headphones,Electronics,1,41.59,0.0,41.59,Debit Card,No
T05042,C1366,2025-12-31,Keyboard,Electronics,2,66.95,0.0,133.9,Credit Card,No
T05043,C0761,2025-05-21,Speaker,Electronics,1,276.99,0.1,249.29,Credit Card,No
T05044,C0823,2025-07-25,Keyboard,Electronics,1,29.17,0.0,29.17,Debit Card,No
T05045,C1439,2024-11-24,Mouse,Electronics,1,16.43,0.0,16.43,PayPal,No
T05046,C1354,2025-06-20,Mouse,Electronics,3,74.86,0.0,224.59,Credit Card,Yes
T05047,C0260,2025-09-22,Keyboard,Electronics,1,81.86,0.0,81.86,Mobile Payment,No
T05048,C0729,2025-12-31,Phone,Electronics,2,399.33,0.0,798.66,PayPal,No
T05049,C1461,2025-10-06,Monitor,Electronics,1,378.99,0.1,341.09,Debit Card,No
T05050,C0574,2025-12-10,Laptop,Electronics,1,886.67,0.1,798.01,Credit Card,No
T05051,C0572,2025-05-18,Keyboard,Electronics,2,85.76,0.15,145.8,Mobile Payment,No
T05052,C0297,2025-03-31,Keyboard,Electronics,2,135.88,0.1,244.58,Debit Card,No
T05053,C0173,2025-07-25,Tablet,Electronics,1,234.95,0.2,187.96,Debit Card,No
T05054,C1134,2025-12-15,Monitor,Electronics,2,581.85,0.05,1105.51,Debit Card,No
T05055,C1182,2025-06-09,Monitor,Electronics,1,169.14,0.0,169.14,Debit Card,No
T05056,C1457,2025-10-25,Tablet,Electronics,1,559.07,0.1,503.17,Debit Card,No
T05057,C1185,2025-05-03,Tablet,Electronics,2,520.56,0.15,884.95,PayPal,No
T05058,C0365,2025-12-31,Smartwatch,Electronics,2,141.81,0.0,283.61,Debit Card,No
T05059,C0058,2025-12-31,Smartwatch,Electronics,1,94.31,0.0,94.31,Mobile Payment,Yes
T05060,C1479,2025-02-09,Monitor,Electronics,1,533.57,0.0,533.57,Debit Card,No
T05061,C0522,2025-12-31,Mouse,Electronics,1,72.77,0.05,69.13,Credit Card,Yes
T05062,C0481,2025-12-31,Monitor,Electronics,2,280.9,0.05,533.7,Mobile Payment,No
T05063,C1376,2025-04-01,Camera,Electronics,1,315.24,0.0,315.24,Debit Card,No
T05064,C0888,2024-09-16,Headphones,Electronics,2,208.31,0.15,354.13,PayPal,No
T05065,C0325,2024-06-01,Speaker,Electronics,3,145.11,0.0,435.32,Mobile Payment,No
T05066,C1358,2024-09-03,Keyboard,Electronics,1,52.32,0.05,49.71,Credit Card,No
T05067,C1489,2024-02-07,Keyboard,Electronics,2,166.33,0.05,316.04,Debit Card,No
T05068,C0139,2025-11-23,Mouse,Electronics,1,45.52,0.0,45.52,Debit Card,No
T05069,C1312,2025-12-31,Headphones,Electronics,2,118.02,0.15,200.63,Debit Card,No
T05070,C0606,2024-06-28,Mouse,Electronics,2,74.38,0.0,148.77,Credit Card,No
T05071,C0796,2025-07-26,Tablet,Electronics,1,565.13,0.1,508.61,Debit Card,No
T05072,C1385,2025-09-04,Headphones,Electronics,1,49.03,0.0,49.03,Credit Card,No
T05073,C1464,2025-06-20,Mouse,Electronics,3,91.39,0.0,274.16,Credit Card,Yes
T05074,C0396,2024-10-05,Headphones,Electronics,2,207.18,0.0,414.37,PayPal,Yes
T05075,C0321,2024-11-30,Phone,Electronics,2,418.53,0.0,837.05,Credit Card,No
T05076,C0128,2025-08-21,Camera,Electronics,1,747.65,0.1,672.88,PayPal,Yes
T05077,C0847,2025-05-30,Speaker,Electronics,1,263.05,0.1,236.74,Mobile Payment,No
T05078,C0022,2025-06-17,Keyboard,Electronics,1,100.54,0.1,90.49,Credit Card,No
T05079,C0637,2024-12-17,Smartwatch,Electronics,1,199.77,0.1,179.8,Credit Card,No
T05080,C0113,2025-12-31,Speaker,Electronics,4,200.82,0.1,722.94,Mobile Payment,No
T05081,C0628,2025-10-08,Keyboard,Electronics,1,143.95,0.05,136.76,PayPal,No
T05082,C0058,2025-12-31,Speaker,Electronics,2,213.06,0.15,362.2,PayPal,No
T05083,C1281,2025-11-21,Headphones,Electronics,1,149.05,0.0,149.05,Mobile Payment,No
T05084,C0315,2024-07-13,Mouse,Electronics,2,46.59,0.0,93.18,PayPal,No
T05085,C0501,2025-03-15,Laptop,Electronics,1,1141.05,0.0,1141.05,Mobile Payment,No
T05086,C1323,2025-05-14,Smartwatch,Electronics,1,89.95,0.0,89.95,Debit Card,No
T05087,C1144,2025-05-20,Smartwatch,Electronics,1,178.77,0.0,178.77,Debit Card,No
T05088,C0328,2025-06-23,Headphones,Electronics,1,65.79,0.0,65.79,PayPal,No
T05089,C0110,2025-08-22,Mouse,Electronics,2,60.69,0.05,115.32,PayPal,No
T05090,C1097,2025-12-31,Camera,Electronics,4,535.84,0.05,2036.19,Credit Card,No
T05091,C0606,2024-10-01,Camera,Electronics,1,755.34,0.05,717.57,Mobile Payment,No
T05092,C1169,2024-11-16,Phone,Electronics,1,755.26,0.15,641.97,Mobile Payment,No
T05093,C0696,2025-08-13,Smartwatch,Electronics,1,185.86,0.15,157.98,Credit Card,No
T05094,C0528,2025-10-10,Tablet,Electronics,2,282.8,0.05,537.32,Debit Card,No
T05095,C0699,2025-12-31,Mouse,Electronics,2,33.95,0.0,67.91,Debit Card,No
T05096,C1148,2025-04-02,Tablet,Electronics,1,605.94,0.05,575.64,Debit Card,No
T05097,C1375,2025-12-31,Laptop,Electronics,2,1246.63,0.05,2368.6,Debit Card,No
T05098,C0078,2025-12-31,Phone,Electronics,1,273.77,0.0,273.77,Debit Card,No
T05099,C0796,2025-06-08,Headphones,Electronics,2,209.12,0.0,418.23,Debit Card,No
T05100,C0047,2025-02-14,Mouse,Electronics,1,24.57,0.0,24.57,Debit Card,No
T05101,C0724,2025-09-01,Phone,Electronics,2,674.41,0.1,1213.94,PayPal,No
T05102,C1352,2025-10-27,Smartwatch,Electronics,1,219.94,0.0,219.94,Credit Card,No
T05103,C0554,2024-02-18,Speaker,Electronics,1,52.13,0.0,52.13,Credit Card,No
T05104,C1409,2025-12-31,Smartwatch,Electronics,1,145.6,0.1,131.04,Debit Card,No
T05105,C0955,2025-12-31,Monitor,Electronics,3,499.13,0.15,1272.79,PayPal,No
T05106,C1410,2024-05-31,Keyboard,Electronics,2,72.57,0.0,145.13,Debit Card,No
T05107,C1156,2025-07-20,Laptop,Electronics,1,1036.23,0.05,984.42,PayPal,No
T05108,C0159,2025-03-10,Phone,Electronics,2,703.67,0.0,1407.34,Mobile Payment,No
T05109,C0344,2025-09-23,Camera,Electronics,2,364.42,0.0,728.83,PayPal,No
T05110,C0610,2025-08-28,Laptop,Electronics,1,1282.82,0.05,1218.68,Mobile Payment,No
T05111,C0262,2025-01-06,Speaker,Electronics,1,50.81,0.0,50.81,Credit Card,No
T05112,C0759,2025-12-31,Phone,Electronics,1,420.55,0.0,420.55,Debit Card,No
T05113,C0727,2025-12-31,Phone,Electronics,1,745.99,0.1,671.39,Debit Card,No
T05114,C1439,2025-12-31,Phone,Electronics,1,842.72,0.0,842.72,PayPal,No
T05115,C0673,2025-04-30,Smartwatch,Electronics,2,280.5,0.15,476.85,Mobile Payment,No
T05116,C1205,2024-11-06,Monitor,Electronics,1,252.15,0.0,252.15,Credit Card,No
T05117,C1421,2025-02-12,Phone,Electronics,1,890.72,0.0,890.72,Credit Card,No
T05118,C1336,2025-12-17,Mouse,Electronics,3,50.13,0.0,150.4,PayPal,No
T05119,C0313,2025-12-01,Speaker,Electronics,3,137.88,0.0,413.63,Debit Card,No
T05120,C0761,2025-11-10,Keyboard,Electronics,1,159.11,0.05,151.16,Credit Card,No
T05121,C0530,2025-12-31,Phone,Electronics,1,293.04,0.0,293.04,Mobile Payment,No
T05122,C0620,2024-11-15,Laptop,Electronics,1,1089.26,0.15,925.87,Credit Card,No
T05123,C0552,2025-12-31,Smartwatch,Electronics,1,340.03,0.15,289.03,Debit Card,No
T05124,C1269,2024-09-02,Keyboard,Electronics,2,40.52,0.1,72.94,Debit Card,No
T05125,C0700,2025-03-09,Speaker,Electronics,2,180.62,0.0,361.24,PayPal,No
T05126,C0794,2025-12-31,Keyboard,Electronics,1,45.53,0.0,45.53,Debit Card,No
T05127,C1477,2024-09-26,Laptop,Electronics,1,1322.98,0.0,1322.98,Debit Card,No
T05128,C0093,2025-01-14,Headphones,Electronics,2,141.67,0.1,255.01,Credit Card,No
T05129,C0753,2025-01-09,Mouse,Electronics,2,34.94,0.05,66.39,Credit Card,No
T05130,C1187,2024-09-26,Headphones,Electronics,4,88.34,0.0,353.35,Credit Card,No
T05131,C0235,2025-01-11,Speaker,Electronics,2,174.32,0.0,348.65,Mobile Payment,No
T05132,C0927,2025-03-04,Headphones,Electronics,1,167.82,0.2,134.25,Credit Card,Yes
T05133,C0359,2025-03-15,Keyboard,Electronics,1,100.56,0.1,90.51,Mobile Payment,No
T05134,C1318,2025-08-07,Phone,Electronics,1,373.02,0.15,317.07,Credit Card,No
T05135,C0501,2024-11-24,Phone,Electronics,1,710.29,0.1,639.26,Mobile Payment,No
T05136,C0503,2025-06-21,Mouse,Electronics,1,25.06,0.05,23.81,PayPal,No
T05137,C0904,2025-10-05,Keyboard,Electronics,1,150.46,0.1,135.41,Debit Card,No
T05138,C0280,2025-05-17,Laptop,Electronics,1,976.92,0.05,928.07,Debit Card,No
T05139,C0435,2025-03-26,Tablet,Electronics,3,486.77,0.05,1387.31,Debit Card,No
T05140,C0644,2025-09-25,Mouse,Electronics,1,44.3,0.1,39.87,Credit Card,Yes
T05141,C0540,2025-07-16,Smartwatch,Electronics,3,254.03,0.0,762.09,Mobile Payment,No
T05142,C0796,2025-12-31,Tablet,Electronics,1,597.92,0.0,597.92,Credit Card,No
T05143,C0907,2024-12-30,Mouse,Electronics,2,74.62,0.15,126.85,Credit Card,No
T05144,C0859,2024-12-03,Tablet,Electronics,1,495.56,0.1,446.01,Debit Card,No
T05145,C0998,2025-12-31,Mouse,Electronics,1,79.38,0.15,67.47,Mobile Payment,No
T05146,C0474,2025-12-31,Mouse,Electronics,1,57.52,0.2,46.01,Debit Card,No
T05147,C0194,2025-12-31,Phone,Electronics,1,393.19,0.05,373.53,Debit Card,No
T05148,C1164,2025-12-31,Mouse,Electronics,1,84.32,0.0,84.32,Mobile Payment,No
T05149,C1298,2024-04-15,Headphones,Electronics,2,153.21,0.1,275.78,PayPal,No
T05150,C0388,2025-12-31,Phone,Electronics,1,453.98,0.0,453.98,Mobile Payment,No
T05151,C0632,2025-11-11,Monitor,Electronics,3,274.14,0.0,822.42,Credit Card,No
T05152,C0763,2025-03-13,Monitor,Electronics,3,374.97,0.0,1124.9,PayPal,No
T05153,C0808,2025-03-05,Smartwatch,Electronics,2,120.12,0.0,240.24,Mobile Payment,No
T05154,C1004,2025-05-11,Phone,Electronics,2,820.86,0.05,1559.62,Debit Card,No
T05155,C0062,2025-12-31,Smartwatch,Electronics,1,288.69,0.1,259.82,Debit Card,No
T05156,C1109,2025-12-31,Phone,Electronics,1,450.4,0.1,405.36,Debit Card,No
T05157,C0097,2025-11-30,Phone,Electronics,1,282.11,0.0,282.11,Debit Card,No
T05158,C0723,2025-04-30,Monitor,Electronics,1,173.34,0.1,156.01,Credit Card,No
T05159,C1270,2025-12-31,Monitor,Electronics,2,283.7,0.1,510.67,Debit Card,No
T05160,C0699,2025-12-31,Speaker,Electronics,2,78.35,0.0,156.7,PayPal,No
T05161,C0231,2025-12-31,Keyboard,Electronics,1,160.37,0.0,160.37,PayPal,No
T05162,C1479,2025-12-06,Tablet,Electronics,1,377.77,0.05,358.88,PayPal,No
T05163,C1358,2024-07-13,Speaker,Electronics,1,130.49,0.0,130.49,PayPal,No
T05164,C1183,2024-03-19,Tablet,Electronics,1,282.41,0.15,240.05,Credit Card,No
T05165,C0637,2025-05-11,Tablet,Electronics,1,575.36,0.0,575.36,Credit Card,No
T05166,C0280,2025-06-13,Monitor,Electronics,1,506.61,0.0,506.61,PayPal,Yes
T05167,C1420,2025-12-31,Speaker,Electronics,1,139.92,0.0,139.92,Mobile Payment,No
T05168,C0808,2025-11-24,Mouse,Electronics,2,29.4,0.05,55.85,Credit Card,No
T05169,C1300,2025-06-25,Mouse,Electronics,1,95.92,0.15,81.53,PayPal,No
T05170,C0524,2024-12-15,Mouse,Electronics,1,41.85,0.0,41.85,Debit Card,Yes
T05171,C0512,2025-12-31,Mouse,Electronics,3,80.54,0.15,205.38,Credit Card,No
T05172,C1480,2025-12-31,Smartwatch,Electronics,2,194.28,0.0,388.57,Credit Card,No
T05173,C0792,2025-04-04,Phone,Electronics,2,758.07,0.0,1516.14,PayPal,No
T05174,C0217,2024-07-23,Phone,Electronics,2,563.05,0.05,1069.79,Credit Card,No
T05175,C0329,2025-06-06,Headphones,Electronics,1,205.86,0.15,174.98,Debit Card,No
T05176,C0741,2025-12-31,Camera,Electronics,1,1020.38,0.1,918.34,Debit Card,No
T05177,C0064,2025-12-31,Mouse,Electronics,1,37.12,0.0,37.12,PayPal,No
T05178,C0717,2025-04-13,Keyboard,Electronics,2,91.71,0.0,183.42,Debit Card,No
T05179,C0646,2025-01-11,Laptop,Electronics,1,770.41,0.0,770.41,Debit Card,No
T05180,C1199,2025-09-11,Tablet,Electronics,1,604.63,0.05,574.4,Mobile Payment,No
T05181,C0541,2025-11-01,Smartwatch,Electronics,2,80.1,0.0,160.19,Credit Card,No
T05182,C1477,2025-07-07,Tablet,Electronics,1,188.57,0.1,169.72,PayPal,No
T05183,C0276,2025-12-31,Mouse,Electronics,1,57.2,0.2,45.76,Debit Card,No
T05184,C0895,2025-11-17,Phone,Electronics,1,642.03,0.1,577.83,Debit Card,No
T05185,C0144,2025-01-20,Keyboard,Electronics,1,59.6,0.0,59.6,Debit Card,No
T05186,C1125,2025-12-31,Keyboard,Electronics,1,113.44,0.15,96.42,Credit Card,No
T05187,C1491,2025-06-16,Smartwatch,Electronics,1,319.71,0.0,319.71,Credit Card,No
T05188,C1258,2024-11-12,Headphones,Electronics,3,148.96,0.0,446.89,Debit Card,No
T05189,C0840,2024-09-11,Mouse,Electronics,1,53.74,0.0,53.74,PayPal,No
T05190,C0745,2025-03-03,Monitor,Electronics,1,214.99,0.0,214.99,Mobile Payment,No
T05191,C1281,2025-10-08,Speaker,Electronics,1,83.92,0.0,83.92,Mobile Payment,No
T05192,C1413,2024-12-18,Monitor,Electronics,1,367.96,0.0,367.96,Mobile Payment,No
T05193,C1484,2025-02-15,Phone,Electronics,1,551.03,0.0,551.03,Credit Card,No
T05194,C0613,2025-03-21,Mouse,Electronics,1,59.4,0.0,59.4,Credit Card,No
T05195,C1486,2024-12-09,Keyboard,Electronics,2,103.72,0.05,197.07,Mobile Payment,No
T05196,C0241,2025-10-07,Smartwatch,Electronics,1,158.97,0.05,151.02,Mobile Payment,Yes
T05197,C0383,2025-12-31,Phone,Electronics,3,702.31,0.0,2106.93,Credit Card,No
T05198,C0143,2025-05-13,Tablet,Electronics,3,279.74,0.0,839.22,PayPal,No
T05199,C0417,2024-07-03,Speaker,Electronics,2,261.61,0.05,497.05,Debit Card,No
T05200,C1178,2024-09-06,Speaker,Electronics,2,90.54,0.0,181.09,Credit Card,No
T05201,C1300,2025-11-09,Headphones,Electronics,3,109.02,0.2,261.64,Mobile Payment,No
T05202,C1199,2024-10-01,Laptop,Electronics,2,847.52,0.1,1525.54,Mobile Payment,No
T05203,C0955,2025-12-31,Tablet,Electronics,1,470.67,0.0,470.67,Mobile Payment,No
T05204,C0778,2025-12-31,Tablet,Electronics,3,404.49,0.0,1213.47,Debit Card,No
T05205,C1085,2025-02-16,Headphones,Electronics,2,101.12,0.0,202.24,PayPal,Yes
T05206,C0606,2025-07-14,Tablet,Electronics,1,403.31,0.0,403.31,Debit Card,No
T05207,C1290,2025-07-10,Smartwatch,Electronics,1,182.16,0.1,163.94,Mobile Payment,No
T05208,C1030,2024-05-13,Laptop,Electronics,1,1298.62,0.05,1233.69,Mobile Payment,No
T05209,C1062,2025-03-11,Mouse,Electronics,1,25.56,0.1,23.01,PayPal,No
T05210,C0810,2025-05-10,Mouse,Electronics,1,82.42,0.0,82.42,Debit Card,No
T05211,C1352,2025-12-31,Mouse,Electronics,1,70.7,0.05,67.17,Mobile Payment,No
T05212,C0381,2025-05-26,Monitor,Electronics,1,306.74,0.2,245.4,Credit Card,No
T05213,C0588,2025-06-30,Keyboard,Electronics,2,167.46,0.1,301.43,Credit Card,No
T05214,C1195,2025-10-28,Smartwatch,Electronics,1,111.31,0.0,111.31,Debit Card,No
T05215,C0757,2025-11-14,Smartwatch,Electronics,2,149.98,0.0,299.97,Mobile Payment,No
T05216,C1358,2025-08-07,Laptop,Electronics,2,962.39,0.0,1924.78,Credit Card,No
T05217,C0529,2025-08-14,Laptop,Electronics,1,1153.46,0.0,1153.46,PayPal,No
T05218,C0569,2024-06-23,Camera,Electronics,1,1151.77,0.05,1094.18,Mobile Payment,No
T05219,C1358,2025-08-09,Keyboard,Electronics,2,116.98,0.0,233.97,Debit Card,No
T05220,C0718,2025-12-31,Speaker,Electronics,1,262.64,0.0,262.64,Credit Card,No
T05221,C0781,2024-07-09,Headphones,Electronics,1,201.94,0.1,181.75,PayPal,No
T05222,C0507,2025-04-28,Phone,Electronics,3,553.2,0.05,1576.62,Credit Card,No
T05223,C0426,2025-03-26,Monitor,Electronics,1,362.6,0.0,362.6,Debit Card,No
T05224,C1001,2025-08-18,Headphones,Electronics,1,77.5,0.0,77.5,PayPal,No
T05225,C0182,2024-08-04,Monitor,Electronics,1,420.71,0.0,420.71,Debit Card,No
T05226,C1342,2024-02-27,Smartwatch,Electronics,2,94.81,0.1,170.65,Debit Card,No
T05227,C1199,2025-03-27,Mouse,Electronics,1,68.92,0.0,68.92,Debit Card,No
T05228,C0291,2025-12-31,Phone,Electronics,1,830.38,0.0,830.38,Debit Card,No
T05229,C1058,2025-01-18,Mouse,Electronics,1,79.67,0.1,71.7,Credit Card,No
T05230,C0910,2024-08-27,Keyboard,Electronics,2,125.62,0.0,251.25,Debit Card,No
T05231,C0281,2024-09-12,Keyboard,Electronics,2,154.95,0.0,309.91,Debit Card,No
T05232,C0420,2024-02-07,Mouse,Electronics,4,77.03,0.0,308.14,Debit Card,No
T05233,C0635,2025-12-31,Keyboard,Electronics,2,107.1,0.0,214.2,Credit Card,No
T05234,C1064,2025-12-31,Monitor,Electronics,1,384.48,0.0,384.48,Credit Card,No
T05235,C0970,2025-12-31,Mouse,Electronics,1,24.1,0.0,24.1,Mobile Payment,No
T05236,C0808,2025-07-21,Mouse,Electronics,3,51.93,0.15,132.41,Debit Card,No
T05237,C1178,2025-06-02,Phone,Electronics,1,589.59,0.05,560.11,Mobile Payment,No
T05238,C1157,2024-12-08,Monitor,Electronics,2,361.46,0.0,722.93,Mobile Payment,No
T05239,C0934,2024-07-24,Monitor,Electronics,1,499.21,0.0,499.21,PayPal,No
T05240,C1207,2025-02-22,Laptop,Electronics,1,812.67,0.0,812.67,Debit Card,No
T05241,C0510,2025-04-18,Camera,Electronics,1,1015.41,0.05,964.64,Credit Card,No
T05242,C1344,2025-08-15,Headphones,Electronics,2,170.92,0.0,341.83,Debit Card,No
T05243,C0929,2025-04-25,Laptop,Electronics,1,1330.58,0.0,1330.58,PayPal,No
T05244,C1263,2025-12-31,Monitor,Electronics,2,318.05,0.0,636.11,Mobile Payment,No
T05245,C0828,2025-02-09,Phone,Electronics,1,364.75,0.15,310.04,PayPal,No
T05246,C0328,2025-10-05,Mouse,Electronics,3,79.48,0.0,238.45,PayPal,No
T05247,C0822,2024-06-17,Keyboard,Electronics,3,116.21,0.1,313.76,Mobile Payment,No
T05248,C0571,2025-03-10,Tablet,Electronics,1,514.87,0.0,514.87,Credit Card,Yes
T05249,C1062,2025-01-09,Speaker,Electronics,1,299.15,0.1,269.24,PayPal,No
T05250,C0733,2025-12-16,Tablet,Electronics,1,271.43,0.1,244.29,PayPal,No
T05251,C1283,2025-12-20,Keyboard,Electronics,1,88.71,0.1,79.84,Credit Card,No
T05252,C1032,2025-04-01,Smartwatch,Electronics,1,115.88,0.05,110.09,PayPal,No
T05253,C1040,2024-09-09,Monitor,Electronics,2,537.28,0.15,913.38,Credit Card,No
T05254,C0327,2025-12-31,Speaker,Electronics,1,44.42,0.15,37.75,Credit Card,No
T05255,C1477,2025-07-14,Camera,Electronics,1,421.7,0.0,421.7,Debit Card,No
T05256,C1290,2024-10-15,Speaker,Electronics,1,104.45,0.05,99.22,Debit Card,No
T05257,C1211,2025-06-13,Headphones,Electronics,3,176.55,0.05,503.17,Debit Card,No
T05258,C0505,2025-12-31,Keyboard,Electronics,1,122.41,0.0,122.41,Credit Card,No
T05259,C0810,2024-04-25,Camera,Electronics,1,649.75,0.0,649.75,Debit Card,Yes
T05260,C0211,2025-04-02,Speaker,Electronics,1,81.26,0.0,81.26,Debit Card,No
T05261,C0813,2024-06-13,Speaker,Electronics,1,123.62,0.0,123.62,Mobile Payment,No
T05262,C0225,2025-08-29,Camera,Electronics,1,969.08,0.1,872.17,PayPal,No
T05263,C0836,2024-10-31,Mouse,Electronics,1,47.47,0.1,42.72,Mobile Payment,No
T05264,C0990,2024-12-26,Laptop,Electronics,1,1023.82,0.1,921.44,PayPal,No
T05265,C0605,2025-08-26,Tablet,Electronics,1,466.05,0.15,396.15,PayPal,No
T05266,C0763,2025-05-25,Phone,Electronics,1,843.38,0.0,843.38,Mobile Payment,No
T05267,C1334,2024-12-28,Phone,Electronics,1,412.57,0.1,371.31,Credit Card,No
T05268,C0171,2025-08-29,Tablet,Electronics,1,390.56,0.05,371.03,Debit Card,Yes
T05269,C1215,2025-10-12,Laptop,Electronics,1,917.22,0.0,917.22,Mobile Payment,No
T05270,C0263,2024-11-21,Tablet,Electronics,1,399.11,0.0,399.11,Credit Card,No
T05271,C0052,2025-04-08,Speaker,Electronics,2,221.08,0.0,442.16,Credit Card,No
T05272,C0283,2025-12-31,Tablet,Electronics,2,406.57,0.0,813.14,PayPal,No
T05273,C1169,2025-03-16,Phone,Electronics,1,792.45,0.0,792.45,Mobile Payment,No
T05274,C0628,2025-12-31,Mouse,Electronics,3,62.03,0.0,186.08,Mobile Payment,No
T05275,C1329,2025-08-04,Smartwatch,Electronics,1,171.87,0.1,154.68,Mobile Payment,No
T05276,C0796,2025-06-05,Tablet,Electronics,1,547.69,0.0,547.69,Debit Card,No
T05277,C0034,2025-11-12,Tablet,Electronics,3,382.72,0.1,1033.35,PayPal,No
T05278,C1099,2025-06-30,Tablet,Electronics,1,422.31,0.1,380.08,PayPal,No
T05279,C0171,2025-12-31,Headphones,Electronics,1,218.99,0.05,208.04,Mobile Payment,No
T05280,C1211,2024-10-04,Phone,Electronics,3,761.18,0.0,2283.54,PayPal,No
T05281,C0259,2025-04-22,Mouse,Electronics,2,87.69,0.1,157.84,Mobile Payment,No
T05282,C0528,2025-12-31,Smartwatch,Electronics,2,231.93,0.05,440.66,Credit Card,No
T05283,C1165,2025-07-01,Mouse,Electronics,1,44.6,0.1,40.14,Mobile Payment,No
T05284,C1436,2025-12-31,Headphones,Electronics,3,218.34,0.0,655.02,Mobile Payment,No
T05285,C0572,2025-12-31,Tablet,Electronics,2,294.69,0.05,559.91,Credit Card,No
T05286,C1271,2025-08-19,Headphones,Electronics,2,195.84,0.0,391.67,Debit Card,No
T05287,C0291,2025-12-31,Headphones,Electronics,1,203.15,0.05,192.99,Mobile Payment,Yes
T05288,C1238,2024-02-13,Mouse,Electronics,1,84.49,0.05,80.27,Debit Card,No
T05289,C1001,2025-05-14,Speaker,Electronics,1,69.66,0.05,66.18,Credit Card,No
T05290,C0293,2025-09-26,Laptop,Electronics,1,1297.88,0.05,1232.99,Mobile Payment,No
T05291,C0466,2025-03-15,Speaker,Electronics,2,212.58,0.0,425.16,Debit Card,No
T05292,C0203,2025-08-21,Speaker,Electronics,1,217.01,0.0,217.01,Debit Card,No
T05293,C0591,2025-12-31,Phone,Electronics,2,761.25,0.1,1370.24,PayPal,No
T05294,C0307,2025-02-12,Phone,Electronics,2,568.85,0.0,1137.7,Mobile Payment,No
T05295,C0981,2024-08-27,Tablet,Electronics,2,305.56,0.2,488.9,Mobile Payment,No
T05296,C1491,2025-02-11,Keyboard,Electronics,1,114.11,0.0,114.11,PayPal,No
T05297,C0019,2025-07-18,Phone,Electronics,1,320.64,0.0,320.64,Mobile Payment,No
T05298,C0819,2025-10-31,Phone,Electronics,2,688.62,0.05,1308.38,Credit Card,No
T05299,C0868,2025-02-28,Speaker,Electronics,3,165.56,0.05,471.86,Mobile Payment,No
T05300,C1384,2024-07-12,Phone,Electronics,1,576.52,0.0,576.52,Credit Card,No
T05301,C0767,2024-08-25,Headphones,Electronics,4,65.31,0.0,261.22,Mobile Payment,No
T05302,C0823,2025-06-23,Smartwatch,Electronics,1,71.97,0.0,71.97,Credit Card,No
T05303,C0728,2025-03-23,Camera,Electronics,1,850.14,0.0,850.14,PayPal,No
T05304,C0410,2025-03-09,Headphones,Electronics,1,155.18,0.0,155.18,Mobile Payment,Yes
T05305,C0085,2025-04-03,Phone,Electronics,1,573.89,0.05,545.2,Debit Card,No
T05306,C0635,2025-08-18,Mouse,Electronics,1,80.09,0.0,80.09,Credit Card,No
T05307,C0081,2025-12-31,Smartwatch,Electronics,1,223.48,0.15,189.96,Debit Card,No
T05308,C0832,2024-07-31,Speaker,Electronics,1,260.53,0.0,260.53,Credit Card,No
T05309,C0474,2025-12-02,Phone,Electronics,1,437.28,0.1,393.55,PayPal,No
T05310,C0809,2024-10-08,Mouse,Electronics,1,35.66,0.0,35.66,PayPal,No
T05311,C0206,2024-07-27,Headphones,Electronics,3,79.62,0.1,214.97,Credit Card,No
T05312,C1409,2025-12-31,Speaker,Electronics,2,47.93,0.15,81.49,PayPal,No
T05313,C1366,2025-12-31,Headphones,Electronics,2,201.12,0.05,382.13,Credit Card,No
T05314,C0289,2025-05-14,Headphones,Electronics,1,219.85,0.1,197.86,Credit Card,No
T05315,C0525,2025-07-25,Phone,Electronics,1,780.74,0.2,624.59,Debit Card,No
T05316,C0928,2025-12-31,Tablet,Electronics,3,373.92,0.0,1121.76,Debit Card,No
T05317,C0150,2025-11-13,Headphones,Electronics,4,97.25,0.0,388.99,Credit Card,No
T05318,C0541,2025-07-11,Laptop,Electronics,3,1242.28,0.05,3540.49,PayPal,No
T05319,C0377,2025-12-31,Headphones,Electronics,2,126.89,0.0,253.78,Mobile Payment,No
T05320,C1385,2025-04-26,Headphones,Electronics,1,208.5,0.05,198.07,Debit Card,No
T05321,C1300,2025-06-25,Smartwatch,Electronics,1,141.08,0.05,134.02,PayPal,No
T05322,C0880,2024-08-10,Phone,Electronics,1,460.48,0.05,437.46,Credit Card,No
T05323,C0787,2024-12-30,Smartwatch,Electronics,3,349.66,0.0,1048.98,Debit Card,No
T05324,C1406,2024-11-26,Mouse,Electronics,1,98.14,0.0,98.14,PayPal,No
T05325,C1409,2025-12-31,Tablet,Electronics,1,596.04,0.15,506.63,PayPal,No
T05326,C1458,2025-10-13,Phone,Electronics,1,513.01,0.0,513.01,PayPal,No
T05327,C0191,2025-01-01,Camera,Electronics,1,1053.85,0.0,1053.85,PayPal,No
T05328,C0247,2024-04-15,Tablet,Electronics,2,313.19,0.1,563.75,Credit Card,No
T05329,C1030,2025-04-03,Phone,Electronics,2,415.59,0.15,706.5,Credit Card,No
T05330,C0821,2024-12-28,Headphones,Electronics,1,133.82,0.0,133.82,Mobile Payment,No
T05331,C0029,2024-07-10,Headphones,Electronics,1,193.45,0.0,193.45,Debit Card,No
T05332,C0097,2025-12-31,Tablet,Electronics,1,225.81,0.05,214.52,PayPal,No
T05333,C1358,2025-03-29,Speaker,Electronics,1,186.98,0.15,158.93,PayPal,No
T05334,C1321,2025-12-31,Camera,Electronics,2,848.76,0.2,1358.02,Credit Card,No
T05335,C0547,2025-07-04,Camera,Electronics,1,821.82,0.1,739.64,Debit Card,No
T05336,C1360,2025-06-21,Headphones,Electronics,1,71.51,0.0,71.51,Debit Card,No
T05337,C0899,2025-09-20,Speaker,Electronics,3,56.67,0.0,170.02,Mobile Payment,Yes
T05338,C1236,2024-08-19,Mouse,Electronics,1,91.07,0.0,91.07,Mobile Payment,No
T05339,C0661,2025-12-31,Camera,Electronics,1,817.06,0.05,776.21,Debit Card,No
T05340,C0173,2024-10-12,Monitor,Electronics,3,495.56,0.0,1486.67,Credit Card,Yes
T05341,C0673,2024-08-11,Phone,Electronics,2,486.88,0.0,973.77,Debit Card,No
T05342,C0710,2024-12-27,Camera,Electronics,2,338.25,0.0,676.5,Credit Card,No
T05343,C0832,2024-12-23,Monitor,Electronics,1,266.8,0.0,266.8,Debit Card,No
T05344,C0163,2025-12-31,Speaker,Electronics,2,59.08,0.0,118.15,Debit Card,No
T05345,C1486,2025-07-26,Tablet,Electronics,1,216.77,0.0,216.77,Credit Card,No
T05346,C0367,2025-10-15,Speaker,Electronics,1,95.76,0.05,90.97,Credit Card,No
T05347,C0301,2025-08-22,Phone,Electronics,4,661.83,0.05,2514.94,Credit Card,No
T05348,C0799,2025-01-15,Headphones,Electronics,1,185.38,0.05,176.11,Debit Card,No
T05349,C0811,2024-12-03,Keyboard,Electronics,3,152.31,0.2,365.54,Mobile Payment,No
T05350,C0686,2025-10-29,Mouse,Electronics,1,94.71,0.05,89.97,Credit Card,No
T05351,C1183,2024-05-28,Mouse,Electronics,1,70.79,0.0,70.79,PayPal,No
T05352,C0782,2024-10-06,Monitor,Electronics,1,158.94,0.0,158.94,PayPal,No
T05353,C0921,2025-12-31,Laptop,Electronics,3,964.18,0.1,2603.29,Debit Card,No
T05354,C1111,2025-07-18,Monitor,Electronics,1,200.16,0.0,200.16,Mobile Payment,No
T05355,C0037,2025-01-30,Headphones,Electronics,2,177.72,0.1,319.89,PayPal,No
T05356,C0864,2025-12-31,Mouse,Electronics,2,25.17,0.1,45.31,Credit Card,Yes
T05357,C1350,2024-12-01,Phone,Electronics,2,318.85,0.15,542.04,Credit Card,No
T05358,C0028,2025-07-31,Headphones,Electronics,2,35.36,0.0,70.72,Debit Card,No
T05359,C0628,2025-12-31,Speaker,Electronics,1,288.43,0.0,288.43,Mobile Payment,No
T05360,C1398,2024-12-25,Phone,Electronics,1,760.71,0.0,760.71,Credit Card,No
T05361,C0539,2025-07-09,Keyboard,Electronics,1,76.66,0.2,61.33,Debit Card,No
T05362,C0710,2025-03-22,Phone,Electronics,4,494.69,0.15,1681.93,Debit Card,No
T05363,C1475,2024-05-29,Phone,Electronics,2,288.63,0.0,577.26,Debit Card,Yes
T05364,C0302,2025-12-31,Keyboard,Electronics,2,49.48,0.0,98.95,PayPal,No
T05365,C0104,2025-06-13,Headphones,Electronics,1,89.18,0.0,89.18,PayPal,No
T05366,C1308,2025-12-31,Keyboard,Electronics,3,85.12,0.0,255.36,Credit Card,No
T05367,C1321,2025-06-23,Camera,Electronics,1,857.98,0.1,772.18,Debit Card,No
T05368,C0728,2024-08-02,Smartwatch,Electronics,1,161.6,0.0,161.6,PayPal,No
T05369,C0779,2025-12-31,Camera,Electronics,2,1159.14,0.0,2318.28,PayPal,No
T05370,C1283,2025-12-31,Keyboard,Electronics,1,78.13,0.0,78.13,Debit Card,No
T05371,C1131,2025-01-04,Monitor,Electronics,1,573.72,0.0,573.72,PayPal,No
T05372,C0402,2025-06-08,Monitor,Electronics,1,478.44,0.0,478.44,PayPal,No
T05373,C0027,2024-09-30,Mouse,Electronics,1,91.49,0.05,86.92,Mobile Payment,No
T05374,C0740,2025-06-09,Monitor,Electronics,1,466.42,0.05,443.1,Credit Card,No
T05375,C1308,2025-09-19,Phone,Electronics,1,619.58,0.0,619.58,Debit Card,No
T05376,C1367,2025-09-22,Phone,Electronics,1,580.9,0.0,580.9,PayPal,No
T05377,C1439,2025-06-02,Headphones,Electronics,2,85.35,0.0,170.71,PayPal,No
T05378,C1342,2025-04-22,Laptop,Electronics,1,908.72,0.1,817.85,Mobile Payment,No
T05379,C0880,2024-08-16,Tablet,Electronics,3,284.91,0.0,854.72,Debit Card,No
T05380,C0694,2025-01-13,Mouse,Electronics,1,47.77,0.0,47.77,Mobile Payment,No
T05381,C1190,2025-07-06,Laptop,Electronics,1,788.88,0.0,788.88,PayPal,No
T05382,C1133,2025-07-26,Keyboard,Electronics,1,85.08,0.1,76.57,Credit Card,No
T05383,C0812,2025-12-31,Smartwatch,Electronics,1,301.79,0.0,301.79,Credit Card,Yes
T05384,C0141,2025-04-24,Phone,Electronics,1,815.69,0.0,815.69,Mobile Payment,No
T05385,C1398,2025-05-25,Phone,Electronics,2,667.84,0.0,1335.68,Debit Card,No
T05386,C0706,2025-12-10,Laptop,Electronics,1,879.77,0.1,791.79,Debit Card,No
T05387,C0558,2025-06-26,Monitor,Electronics,1,258.16,0.05,245.25,PayPal,No
T05388,C0954,2025-06-07,Mouse,Electronics,1,38.62,0.0,38.62,Debit Card,No
T05389,C1026,2025-02-17,Monitor,Electronics,1,375.02,0.0,375.02,PayPal,No
T05390,C0318,2025-05-11,Headphones,Electronics,1,215.52,0.0,215.52,Debit Card,No
T05391,C1285,2025-05-02,Monitor,Electronics,1,199.13,0.15,169.26,Debit Card,No
T05392,C0446,2025-12-31,Smartwatch,Electronics,1,205.15,0.0,205.15,Debit Card,No
T05393,C0285,2025-12-31,Laptop,Electronics,2,1177.57,0.05,2237.39,Mobile Payment,No
T05394,C0631,2025-02-16,Smartwatch,Electronics,2,131.24,0.15,223.11,Mobile Payment,No
T05395,C1122,2025-08-05,Mouse,Electronics,1,97.37,0.0,97.37,PayPal,No
T05396,C1453,2024-06-19,Tablet,Electronics,1,344.04,0.0,344.04,Debit Card,No
T05397,C1241,2025-04-07,Monitor,Electronics,1,569.56,0.0,569.56,Debit Card,No
T05398,C1418,2025-01-20,Laptop,Electronics,3,1118.15,0.2,2683.56,Debit Card,No
T05399,C0217,2025-05-12,Headphones,Electronics,2,30.78,0.0,61.55,Debit Card,No
T05400,C0109,2025-06-09,Phone,Electronics,1,452.22,0.0,452.22,Mobile Payment,No
T05401,C0844,2025-07-01,Laptop,Electronics,1,715.08,0.0,715.08,Credit Card,No
T05402,C0448,2025-07-28,Headphones,Electronics,3,102.48,0.0,307.44,Mobile Payment,No
T05403,C1271,2025-04-25,Mouse,Electronics,1,94.27,0.15,80.13,Debit Card,No
T05404,C1024,2025-08-20,Speaker,Electronics,1,242.54,0.05,230.42,Mobile Payment,Yes
T05405,C1461,2025-12-31,Mouse,Electronics,2,67.71,0.0,135.42,Debit Card,No
T05406,C0385,2025-07-15,Headphones,Electronics,1,132.32,0.2,105.86,PayPal,No
T05407,C0747,2024-07-02,Speaker,Electronics,3,136.87,0.1,369.55,PayPal,No
T05408,C0764,2025-10-06,Tablet,Electronics,2,279.42,0.2,447.08,PayPal,No
T05409,C0358,2025-12-31,Phone,Electronics,1,290.64,0.1,261.58,Credit Card,No
T05410,C0894,2025-05-24,Monitor,Electronics,1,235.57,0.1,212.01,PayPal,No
T05411,C0692,2025-12-31,Monitor,Electronics,1,308.18,0.05,292.77,Mobile Payment,No
T05412,C0696,2025-11-08,Headphones,Electronics,2,128.8,0.0,257.6,Mobile Payment,No
T05413,C0557,2025-08-01,Mouse,Electronics,2,32.37,0.0,64.75,Mobile Payment,No
T05414,C0027,2024-10-20,Phone,Electronics,1,883.31,0.0,883.31,Debit Card,No
T05415,C0792,2024-05-02,Monitor,Electronics,2,184.58,0.0,369.17,Debit Card,No
T05416,C0512,2025-06-16,Monitor,Electronics,2,192.66,0.05,366.05,Mobile Payment,No
T05417,C0002,2025-08-10,Smartwatch,Electronics,1,257.95,0.2,206.36,Debit Card,No
T05418,C0475,2025-04-13,Speaker,Electronics,1,236.32,0.05,224.5,PayPal,No
T05419,C0427,2024-09-01,Mouse,Electronics,1,97.66,0.1,87.89,Debit Card,No
T05420,C0607,2025-09-16,Tablet,Electronics,1,429.31,0.0,429.31,Credit Card,No
T05421,C0203,2025-06-08,Mouse,Electronics,1,29.1,0.1,26.19,PayPal,No
T05422,C0770,2024-04-29,Tablet,Electronics,2,620.83,0.15,1055.41,Debit Card,No
T05423,C1055,2025-05-22,Speaker,Electronics,1,294.86,0.1,265.37,PayPal,No
T05424,C0955,2025-12-31,Smartwatch,Electronics,1,327.82,0.05,311.43,Debit Card,No
T05425,C1233,2024-12-10,Headphones,Electronics,1,195.61,0.15,166.27,PayPal,No
T05426,C0699,2025-12-31,Smartwatch,Electronics,1,82.5,0.2,66.0,PayPal,No
T05427,C0785,2025-06-26,Headphones,Electronics,1,192.43,0.1,173.18,PayPal,No
T05428,C1244,2025-12-31,Laptop,Electronics,2,1367.26,,2734.52,Mobile Payment,No
T05429,C0661,2025-12-31,Mouse,Electronics,1,61.95,0.1,55.75,Debit Card,No
T05430,C1067,2025-05-11,Headphones,Electronics,1,176.79,0.0,176.79,PayPal,No
T05431,C0674,2025-12-31,Speaker,Electronics,1,211.83,0.0,211.83,Credit Card,No
T05432,C0644,2025-05-22,Tablet,Electronics,1,315.39,0.0,315.39,Mobile Payment,No
T05433,C1164,2025-12-31,Camera,Electronics,1,828.77,0.0,828.77,PayPal,No
T05434,C0268,2024-10-08,Mouse,Electronics,1,90.6,0.05,86.07,Credit Card,No
T05435,C0518,2025-06-26,Camera,Electronics,1,746.75,0.05,709.41,Debit Card,No
T05436,C0336,2025-05-21,Tablet,Electronics,1,457.37,0.1,411.63,Credit Card,No
T05437,C0550,2025-12-31,Monitor,Electronics,1,389.16,0.05,369.7,Debit Card,Yes
T05438,C0343,2025-10-26,Smartwatch,Electronics,1,141.9,0.1,127.71,Debit Card,No
T05439,C0880,2024-04-17,Mouse,Electronics,1,69.71,0.05,66.23,Debit Card,No
T05440,C1224,2025-10-17,Headphones,Electronics,1,126.8,0.05,120.46,Credit Card,No
T05441,C1206,2024-11-10,Monitor,Electronics,1,254.65,0.0,254.65,PayPal,No
T05442,C0558,2024-05-22,Speaker,Electronics,2,272.8,0.2,436.48,Mobile Payment,No
T05443,C1483,2025-05-30,Mouse,Electronics,1,95.75,0.05,90.97,Credit Card,No
T05444,C0900,2024-05-24,Keyboard,Electronics,2,33.58,0.05,63.81,PayPal,No
T05445,C0619,2025-12-26,Smartwatch,Electronics,1,240.48,0.1,216.43,Credit Card,No
T05446,C1282,2025-01-08,Headphones,Electronics,1,108.86,0.0,108.86,Credit Card,No
T05447,C1121,2025-02-08,Speaker,Electronics,1,176.75,0.0,176.75,Credit Card,No
T05448,C1149,2025-09-25,Keyboard,Electronics,1,82.94,0.0,82.94,Credit Card,No
T05449,C0299,2025-03-01,Tablet,Electronics,2,402.95,0.1,725.31,Debit Card,No
T05450,C0723,2025-12-31,Phone,Electronics,1,460.23,0.1,414.21,Mobile Payment,No
T05451,C1312,2025-07-11,Headphones,Electronics,2,52.34,0.0,104.69,Mobile Payment,No
T05452,C0765,2024-12-29,Keyboard,Electronics,1,71.82,0.0,71.82,Debit Card,No
T05453,C1039,2025-11-19,Mouse,Electronics,1,71.98,0.05,68.38,Mobile Payment,No
T05454,C0892,2025-03-28,Camera,Electronics,2,345.34,0.15,587.08,Mobile Payment,No
T05455,C1291,2024-10-20,Speaker,Electronics,3,139.51,0.0,418.53,Credit Card,No
T05456,C0435,2025-05-07,Phone,Electronics,1,277.49,0.0,277.49,Credit Card,Yes
T05457,C0873,2024-06-14,Keyboard,Electronics,1,80.22,0.1,72.2,PayPal,No
T05458,C0187,2024-11-03,Mouse,Electronics,1,22.45,0.0,22.45,Credit Card,No
T05459,C1050,2025-01-16,Phone,Electronics,3,470.77,0.0,1412.3,Mobile Payment,Yes
T05460,C1123,2025-08-24,Keyboard,Electronics,1,154.9,0.1,139.41,Credit Card,No
T05461,C0067,2025-03-22,Headphones,Electronics,2,146.55,0.1,263.79,Mobile Payment,No
T05462,C1028,2025-12-12,Laptop,Electronics,1,1177.61,0.1,1059.85,PayPal,No
T05463,C0642,2025-10-20,Laptop,Electronics,1,1052.66,0.15,894.76,Debit Card,No
T05464,C0189,2025-12-31,Smartwatch,Electronics,3,327.49,0.0,982.47,Credit Card,No
T05465,C0648,2025-03-18,Keyboard,Electronics,3,108.88,0.0,326.64,Credit Card,No
T05466,C0295,2025-01-31,Mouse,Electronics,1,23.86,0.2,19.09,Mobile Payment,No
T05467,C0643,2025-04-25,Mouse,Electronics,1,94.31,0.05,89.6,Debit Card,No
T05468,C0594,2024-09-02,Phone,Electronics,1,336.49,0.05,319.67,Debit Card,No
T05469,C1130,2025-05-21,Phone,Electronics,2,899.46,0.15,1529.08,Credit Card,No
T05470,C1188,2025-04-22,Tablet,Electronics,2,384.63,0.05,730.8,Credit Card,No
T05471,C0919,2025-03-31,Headphones,Electronics,2,43.96,0.05,83.53,Debit Card,No
T05472,C0035,2024-10-11,Speaker,Electronics,1,264.67,0.0,264.67,PayPal,No
T05473,C1407,2024-12-17,Mouse,Electronics,1,22.9,0.0,22.9,Credit Card,No
T05474,C1042,2025-01-11,Tablet,Electronics,1,261.98,0.05,248.88,Credit Card,No
T05475,C0049,2025-06-27,Laptop,Electronics,1,992.14,0.1,892.93,Credit Card,No
T05476,C1258,2024-07-27,Mouse,Electronics,2,72.48,0.0,144.95,Debit Card,No
T05477,C0303,2025-12-31,Keyboard,Electronics,1,43.78,0.0,43.78,Debit Card,No
T05478,C0879,2024-12-02,Mouse,Electronics,1,67.92,0.0,67.92,Debit Card,No
T05479,C0722,2025-10-21,Tablet,Electronics,1,546.78,0.0,546.78,Credit Card,No
T05480,C0648,2025-05-17,Monitor,Electronics,1,205.57,0.1,185.02,PayPal,No
T05481,C1359,2024-05-07,Headphones,Electronics,3,153.04,0.0,459.12,Credit Card,No
T05482,C0680,2025-07-29,Smartwatch,Electronics,3,338.07,0.0,1014.22,Mobile Payment,No
T05483,C0116,2025-12-31,Laptop,Electronics,3,1377.18,0.0,4131.53,Mobile Payment,No
T05484,C1426,2025-12-31,Tablet,Electronics,1,255.98,0.05,243.18,Credit Card,No
T05485,C1393,2024-11-24,Keyboard,Electronics,1,142.75,0.2,114.2,Debit Card,No
T05486,C1040,2024-12-20,Phone,Electronics,2,800.31,0.1,1440.56,Debit Card,No
T05487,C0723,2025-12-31,Mouse,Electronics,1,90.56,0.0,90.56,Mobile Payment,No
T05488,C0149,2025-12-31,Phone,Electronics,4,460.39,0.05,1749.49,Credit Card,No
T05489,C1213,2025-09-20,Laptop,Electronics,1,889.08,0.0,889.08,PayPal,No
T05490,C0116,2025-12-31,Camera,Electronics,2,343.07,0.1,617.53,Debit Card,No
T05491,C0105,2025-07-29,Headphones,Electronics,2,105.9,0.0,211.8,PayPal,No
T05492,C0811,2025-05-15,Phone,Electronics,2,330.57,0.0,661.14,Credit Card,No
T05493,C0246,2025-09-14,Phone,Electronics,3,761.07,0.0,2283.2,PayPal,No
T05494,C0014,2024-05-26,Camera,Electronics,1,428.67,0.0,428.67,Credit Card,No
T05495,C0651,2025-03-28,Mouse,Electronics,1,84.61,0.0,84.61,Credit Card,No
T05496,C0211,2024-10-31,Speaker,Electronics,1,67.98,0.0,67.98,Credit Card,Yes
T05497,C0247,2025-05-02,Smartwatch,Electronics,2,199.38,0.0,398.76,Debit Card,No
T05498,C0120,2025-12-05,Smartwatch,Electronics,1,171.54,0.1,154.39,PayPal,No
T05499,C0308,2024-10-26,Monitor,Electronics,3,420.69,0.0,1262.08,PayPal,No
T05500,C1097,2025-09-10,Smartwatch,Electronics,1,210.44,0.0,210.44,Credit Card,Yes
T05501,C1239,2025-07-10,Headphones,Electronics,1,143.74,0.0,143.74,Debit Card,No
T05502,C0701,2025-12-31,Smartwatch,Electronics,1,60.28,0.1,54.25,Credit Card,No
T05503,C0768,2024-01-26,Smartwatch,Electronics,2,96.98,0.0,193.95,Mobile Payment,No
T05504,C0047,2025-05-24,Mouse,Electronics,1,58.96,0.0,58.96,Debit Card,No
T05505,C0106,2025-10-02,Tablet,Electronics,3,287.94,0.0,863.83,Debit Card,No
T05506,C0388,2025-12-31,Mouse,Electronics,1,21.49,0.05,20.41,Debit Card,No
T05507,C0823,2025-08-29,Monitor,Electronics,1,247.97,0.0,247.97,Debit Card,No
T05508,C1133,2025-12-31,Monitor,Electronics,1,500.94,0.2,400.75,Mobile Payment,No
T05509,C0916,2025-12-31,Speaker,Electronics,2,180.84,0.0,361.68,Credit Card,No
T05510,C0606,2024-03-10,Monitor,Electronics,2,235.53,0.0,471.07,PayPal,No
T05511,C0178,2025-12-31,Laptop,Electronics,3,711.18,0.05,2026.88,PayPal,No
T05512,C1200,2025-11-13,Keyboard,Electronics,1,80.43,0.0,80.43,Credit Card,No
T05513,C0558,2025-02-26,Mouse,Electronics,2,45.38,0.0,90.77,PayPal,No
T05514,C1127,2025-12-31,Camera,Electronics,2,961.61,0.0,1923.23,PayPal,No
T05515,C0775,2025-12-31,Mouse,Electronics,3,93.15,0.0,279.46,Debit Card,No
T05516,C1131,2025-02-23,Laptop,Electronics,1,960.41,0.0,960.41,Debit Card,No
T05517,C1378,2025-07-12,Phone,Electronics,1,697.29,0.0,697.29,PayPal,Yes
T05518,C1394,2024-05-24,Phone,Electronics,3,662.69,0.1,1789.26,Mobile Payment,No
T05519,C0809,2024-12-07,Phone,Electronics,2,524.35,0.15,891.4,Credit Card,No
T05520,C0774,2025-02-21,Smartwatch,Electronics,1,79.11,0.15,67.24,Mobile Payment,No
T05521,C0404,2025-12-31,Tablet,Electronics,2,402.53,0.05,764.8,PayPal,No
T05522,C1413,2025-12-31,Tablet,Electronics,1,346.45,0.05,329.12,Debit Card,No
T05523,C0710,2025-08-20,Smartwatch,Electronics,1,219.56,0.0,219.56,PayPal,No
T05524,C0196,2025-05-19,Headphones,Electronics,1,53.83,0.15,45.75,PayPal,Yes
T05525,C0671,2025-12-08,Laptop,Electronics,1,1206.97,0.0,1206.97,Debit Card,No
T05526,C0195,2025-07-09,Keyboard,Electronics,2,147.1,0.0,294.2,Debit Card,No
T05527,C0765,2025-09-24,Phone,Electronics,1,502.5,0.2,402.0,Mobile Payment,No
T05528,C0847,2025-09-06,Keyboard,Electronics,1,52.17,0.05,49.56,Mobile Payment,No
T05529,C0516,2025-03-19,Smartwatch,Electronics,1,240.84,0.0,240.84,Mobile Payment,No
T05530,C0110,2025-05-28,Speaker,Electronics,1,288.51,0.0,288.51,Credit Card,No
T05531,C1424,2025-03-15,Laptop,Electronics,1,1190.35,0.0,1190.35,Mobile Payment,No
T05532,C1185,2024-11-17,Tablet,Electronics,2,238.04,0.0,476.07,Mobile Payment,No
T05533,C1288,2025-01-30,Mouse,Electronics,1,48.76,0.15,41.45,Debit Card,No
T05534,C0563,2025-09-18,Tablet,Electronics,1,610.22,0.2,488.18,Mobile Payment,No
T05535,C1164,2025-09-14,Monitor,Electronics,4,435.49,0.0,1741.96,Credit Card,No
T05536,C0746,2025-03-04,Laptop,Electronics,1,803.01,0.0,803.01,Credit Card,No
T05537,C0303,2025-01-28,Mouse,Electronics,3,76.59,0.1,206.79,Debit Card,No
T05538,C0189,2025-04-15,Camera,Electronics,1,618.17,0.0,618.17,Credit Card,No
T05539,C0528,2025-12-02,Speaker,Electronics,2,167.28,0.0,334.56,PayPal,No
T05540,C0211,2024-09-15,Camera,Electronics,1,673.54,0.15,572.51,Mobile Payment,No
T05541,C1497,2025-01-03,Laptop,Electronics,1,1207.99,0.0,1207.99,Debit Card,No
T05542,C0078,2025-12-31,Mouse,Electronics,2,33.52,0.2,53.64,PayPal,No
T05543,C0688,2024-12-15,Monitor,Electronics,1,324.77,0.0,324.77,Debit Card,No
T05544,C0699,2025-08-27,Speaker,Electronics,1,233.58,0.0,233.58,Credit Card,No
T05545,C0462,2025-04-20,Speaker,Electronics,1,223.24,0.15,189.76,Mobile Payment,No
T05546,C0864,2025-12-31,Speaker,Electronics,1,92.45,0.0,92.45,Mobile Payment,No
T05547,C0233,2025-05-16,Camera,Electronics,1,615.6,0.05,584.82,Credit Card,Yes
T05548,C1203,2025-12-31,Keyboard,Electronics,1,27.23,0.0,27.23,PayPal,No
T05549,C0507,2025-03-24,Mouse,Electronics,2,60.06,0.15,102.11,Credit Card,Yes
T05550,C0895,2025-12-31,Speaker,Electronics,1,113.04,0.05,107.39,Debit Card,No
T05551,C1097,2025-02-15,Keyboard,Electronics,1,26.84,0.0,26.84,Debit Card,No
T05552,C1358,2024-06-08,Camera,Electronics,1,682.23,0.0,682.23,Credit Card,No
T05553,C1283,2025-09-27,Speaker,Electronics,1,280.99,0.0,280.99,PayPal,No
T05554,C0920,2024-02-05,Keyboard,Electronics,1,168.13,0.0,168.13,Mobile Payment,No
T05555,C0604,2025-06-11,Phone,Electronics,1,491.87,0.15,418.09,PayPal,No
T05556,C0765,2025-06-22,Phone,Electronics,3,541.97,0.1,1463.31,PayPal,No
T05557,C1178,2024-12-31,Phone,Electronics,1,407.74,0.05,387.36,Credit Card,No
T05558,C1337,2025-01-02,Monitor,Electronics,1,180.74,0.2,144.59,Credit Card,No
T05559,C0160,2024-07-25,Monitor,Electronics,2,462.27,0.05,878.31,Debit Card,No
T05560,C0596,2025-06-27,Keyboard,Electronics,1,149.01,0.0,149.01,Debit Card,No
T05561,C1192,2024-08-26,Monitor,Electronics,1,546.05,0.05,518.74,PayPal,No
T05562,C0670,2025-06-04,Speaker,Electronics,1,283.17,0.05,269.02,Debit Card,No
T05563,C0506,2025-03-05,Tablet,Electronics,3,610.5,0.0,1831.51,Credit Card,Yes
T05564,C0637,2025-01-27,Camera,Electronics,2,324.65,0.0,649.29,Credit Card,No
T05565,C0911,2025-10-27,Phone,Electronics,1,885.76,0.05,841.47,Mobile Payment,No
T05566,C1499,2025-12-09,Keyboard,Electronics,3,83.82,0.0,251.47,Credit Card,No
T05567,C0757,2025-12-31,Mouse,Electronics,3,90.32,0.05,257.41,Mobile Payment,No
T05568,C0313,2024-11-27,Smartwatch,Electronics,1,187.82,0.0,187.82,Debit Card,No
T05569,C0251,2025-04-12,Monitor,Electronics,1,339.99,0.0,339.99,PayPal,Yes
T05570,C0064,2025-12-31,Phone,Electronics,1,257.27,0.0,257.27,Credit Card,No
T05571,C0845,2025-07-01,Headphones,Electronics,1,39.96,0.1,35.97,Debit Card,Yes
T05572,C0824,2024-08-14,Tablet,Electronics,2,495.5,0.0,991.0,Mobile Payment,No
T05573,C0308,2024-04-21,Headphones,Electronics,2,208.15,0.0,416.3,Mobile Payment,No
T05574,C1059,2025-07-18,Monitor,Electronics,1,250.98,0.0,250.98,PayPal,No
T05575,C1135,2025-03-07,Keyboard,Electronics,1,39.56,0.2,31.65,PayPal,No
T05576,C0391,2025-12-31,Camera,Electronics,2,492.47,0.0,984.94,Mobile Payment,No
T05577,C0526,2025-10-16,Speaker,Electronics,1,95.2,0.0,95.2,Credit Card,No
T05578,C1486,2024-12-04,Monitor,Electronics,1,281.91,0.0,281.91,PayPal,No
T05579,C0577,2024-11-08,Phone,Electronics,1,311.58,0.0,311.58,Debit Card,No
T05580,C1164,2025-12-07,Smartwatch,Electronics,2,128.3,0.05,243.78,Credit Card,Yes
T05581,C0701,2025-06-29,Monitor,Electronics,1,564.57,0.0,564.57,Credit Card,No
T05582,C1216,2025-04-16,Keyboard,Electronics,1,162.98,0.1,146.69,Credit Card,No
T05583,C1179,2025-04-05,Keyboard,Electronics,1,74.03,0.05,70.33,PayPal,Yes
T05584,C1016,2024-09-26,Mouse,Electronics,3,99.74,0.0,299.21,Debit Card,No
T05585,C1302,2025-03-28,Camera,Electronics,1,568.52,0.0,568.52,Credit Card,No
T05586,C1417,2025-12-31,Speaker,Electronics,1,227.68,0.0,227.68,Debit Card,No
T05587,C0880,2024-12-17,Speaker,Electronics,1,207.44,0.0,207.44,Debit Card,No
T05588,C0353,2024-07-06,Smartwatch,Electronics,1,78.72,0.0,78.72,Credit Card,No
T05589,C0617,2025-12-31,Camera,Electronics,2,608.07,0.1,1094.52,Mobile Payment,No
T05590,C1158,2025-12-31,Laptop,Electronics,1,1366.05,0.0,1366.05,Credit Card,No
T05591,C0992,2025-02-18,Camera,Electronics,1,345.78,0.0,345.78,Debit Card,No
T05592,C0272,2025-03-12,Laptop,Electronics,1,822.42,0.0,822.42,PayPal,No
T05593,C0080,2025-05-01,Mouse,Electronics,1,97.53,0.0,97.53,Debit Card,No
T05594,C1038,2025-04-30,Phone,Electronics,1,275.87,0.15,234.49,Credit Card,No
T05595,C0377,2025-10-21,Headphones,Electronics,2,114.86,0.1,206.74,Debit Card,No
T05596,C0764,2024-10-13,Phone,Electronics,2,846.93,0.05,1609.16,Debit Card,No
T05597,C1145,2025-03-21,Headphones,Electronics,1,209.3,0.0,209.3,Debit Card,No
T05598,C0849,2025-07-08,Headphones,Electronics,1,216.07,0.0,216.07,Credit Card,No
T05599,C0132,2025-10-29,Laptop,Electronics,2,1036.92,0.05,1970.16,Credit Card,Yes
T05600,C0283,2025-12-31,Camera,Electronics,2,377.83,0.1,680.1,Credit Card,No
T05601,C0328,2025-07-30,Camera,Electronics,2,995.43,0.0,1990.87,PayPal,No
T05602,C0388,2025-04-30,Smartwatch,Electronics,1,265.61,0.0,265.61,PayPal,No
T05603,C0857,2025-12-31,Camera,Electronics,1,821.65,0.0,821.65,Mobile Payment,No
T05604,C0765,2024-10-22,Smartwatch,Electronics,3,317.59,0.1,857.49,Credit Card,No
T05605,C0306,2025-07-15,Speaker,Electronics,1,277.01,0.0,277.01,Debit Card,No
T05606,C0105,2025-04-19,Keyboard,Electronics,1,130.9,0.05,124.36,PayPal,No
T05607,C0264,2025-01-19,Keyboard,Electronics,1,42.38,0.0,42.38,Mobile Payment,No
T05608,C1478,2025-06-20,Camera,Electronics,1,385.97,0.1,347.38,Debit Card,No
T05609,C0724,2025-09-01,Headphones,Electronics,3,107.64,0.05,306.77,Debit Card,Yes
T05610,C1318,2025-01-19,Laptop,Electronics,3,904.89,0.05,2578.94,Debit Card,No
T05611,C1294,2025-02-04,Mouse,Electronics,2,26.3,0.05,49.98,Debit Card,Yes
T05612,C0774,2025-01-01,Tablet,Electronics,1,467.26,0.0,467.26,Credit Card,No
T05613,C1078,2025-06-27,Monitor,Electronics,3,457.59,0.05,1304.13,Debit Card,Yes
T05614,C0293,2025-12-31,Tablet,Electronics,3,508.05,0.0,1524.14,PayPal,No
T05615,C1046,2025-12-31,Smartwatch,Electronics,2,110.83,0.0,221.66,Credit Card,Yes
T05616,C0420,2024-11-02,Speaker,Electronics,3,119.52,0.0,358.56,Mobile Payment,No
T05617,C1277,2025-12-31,Laptop,Electronics,1,839.34,0.05,797.37,PayPal,No
T05618,C0133,2024-10-28,Tablet,Electronics,1,462.63,0.1,416.36,Debit Card,No
T05619,C1185,2025-08-22,Phone,Electronics,1,618.6,0.0,618.6,PayPal,No
T05620,C0154,2024-05-21,Mouse,Electronics,2,57.78,0.0,115.56,Debit Card,No
T05621,C1344,2024-06-17,Headphones,Electronics,1,86.25,0.1,77.63,Credit Card,Yes
T05622,C0468,2024-12-16,Monitor,Electronics,1,256.67,0.05,243.84,Mobile Payment,No
T05623,C0998,2025-02-22,Phone,Electronics,1,828.77,0.15,704.45,Mobile Payment,No
T05624,C0752,2025-04-08,Headphones,Electronics,1,39.28,0.0,39.28,PayPal,No
T05625,C0562,2024-11-07,Tablet,Electronics,2,488.51,0.0,977.01,Credit Card,No
T05626,C0984,2024-08-27,Keyboard,Electronics,1,28.03,0.15,23.83,Debit Card,No
T05627,C1427,2025-12-31,Phone,Electronics,1,375.99,0.05,357.2,Debit Card,No
T05628,C0062,2025-12-31,Keyboard,Electronics,2,69.87,0.0,139.74,Credit Card,No
T05629,C1388,2024-05-16,Headphones,Electronics,3,198.43,0.0,595.3,PayPal,No
T05630,C0921,2025-04-23,Headphones,Electronics,1,56.17,0.15,47.74,Credit Card,No
T05631,C1239,2025-03-02,Tablet,Electronics,1,620.77,0.1,558.69,Credit Card,No
T05632,C0592,2025-07-16,Mouse,Electronics,2,84.31,0.0,168.63,Credit Card,No
T05633,C0728,2024-08-30,Keyboard,Electronics,3,130.25,0.0,390.76,PayPal,No
T05634,C1321,2025-12-31,Camera,Electronics,1,670.57,0.0,670.57,Mobile Payment,No
T05635,C0642,2025-06-30,Tablet,Electronics,1,605.47,0.0,605.47,Debit Card,No
T05636,C0809,2025-02-22,Laptop,Electronics,1,1069.57,0.0,1069.57,Mobile Payment,No
T05637,C0030,2025-09-29,Phone,Electronics,1,491.28,0.1,442.16,Mobile Payment,No
T05638,C0245,2025-12-31,Headphones,Electronics,2,141.27,0.0,282.54,Mobile Payment,No
T05639,C0976,2025-11-08,Phone,Electronics,1,400.97,0.0,400.97,Credit Card,No
T05640,C1099,2025-07-24,Phone,Electronics,1,427.37,0.0,427.37,Debit Card,Yes
T05641,C0883,2025-10-24,Headphones,Electronics,1,204.67,0.05,194.44,PayPal,No
T05642,C0220,2024-08-28,Mouse,Electronics,1,82.48,0.0,82.48,Debit Card,No
T05643,C0696,2025-11-24,Smartwatch,Electronics,1,208.92,0.05,198.47,PayPal,No
T05644,C0542,2025-01-29,Headphones,Electronics,1,109.15,0.1,98.23,Debit Card,No
T05645,C0761,2025-02-10,Monitor,Electronics,1,513.41,0.1,462.07,Debit Card,No
T05646,C1323,2025-05-29,Smartwatch,Electronics,1,225.48,0.05,214.21,PayPal,No
T05647,C1192,2024-11-08,Headphones,Electronics,3,108.86,0.0,326.57,Credit Card,No
T05648,C0133,2025-02-19,Smartwatch,Electronics,1,209.48,0.1,188.53,PayPal,No
T05649,C1359,2025-04-19,Speaker,Electronics,1,100.5,0.05,95.48,PayPal,No
T05650,C0728,2025-05-15,Camera,Electronics,1,481.77,0.0,481.77,Debit Card,No
T05651,C1138,2024-09-06,Monitor,Electronics,1,595.09,0.0,595.09,Debit Card,No
T05652,C0216,2025-01-10,Keyboard,Electronics,1,175.29,0.0,175.29,Mobile Payment,No
T05653,C1020,2025-11-22,Mouse,Electronics,1,50.77,0.0,50.77,PayPal,No
T05654,C0352,2025-09-16,Headphones,Electronics,2,127.9,0.0,255.8,PayPal,No
T05655,C0682,2024-11-14,Smartwatch,Electronics,1,299.89,0.0,299.89,Mobile Payment,No
T05656,C0027,2024-11-11,Headphones,Electronics,3,167.91,0.0,503.73,Debit Card,No
T05657,C0236,2025-12-31,Camera,Electronics,1,389.59,0.0,389.59,Debit Card,No
T05658,C0148,2025-12-31,Tablet,Electronics,1,356.07,0.0,356.07,Credit Card,No
T05659,C0359,2024-09-17,Laptop,Electronics,1,875.11,0.1,787.6,Debit Card,No
T05660,C0154,2024-06-23,Mouse,Electronics,3,99.37,0.0,298.12,Mobile Payment,No
T05661,C1053,2025-12-24,Monitor,Electronics,1,486.92,0.15,413.88,Mobile Payment,No
T05662,C0041,2025-10-10,Laptop,Electronics,2,733.44,0.0,1466.87,Debit Card,No
T05663,C0934,2025-08-29,Monitor,Electronics,1,555.02,0.15,471.76,Credit Card,No
T05664,C0217,2025-04-28,Phone,Electronics,3,853.17,0.0,2559.52,Mobile Payment,No
T05665,C1426,2025-06-28,Keyboard,Electronics,1,76.66,0.2,61.33,Mobile Payment,No
T05666,C1409,2025-09-27,Headphones,Electronics,4,151.98,0.0,607.9,Credit Card,No
T05667,C0337,2025-03-18,Phone,Electronics,1,693.33,0.0,693.33,Mobile Payment,No
T05668,C0928,2025-08-05,Headphones,Electronics,1,168.61,0.0,168.61,Debit Card,No
T05669,C0039,2025-05-13,Tablet,Electronics,1,505.95,0.15,430.06,Credit Card,No
T05670,C1408,2024-07-25,Mouse,Electronics,1,62.58,0.0,62.58,Mobile Payment,No
T05671,C0794,2025-12-31,Tablet,Electronics,1,628.31,0.0,628.31,Credit Card,No
T05672,C0068,2025-12-31,Smartwatch,Electronics,2,208.59,0.0,417.18,Credit Card,No
T05673,C0524,2025-10-11,Laptop,Electronics,1,777.64,0.0,777.64,Mobile Payment,No
T05674,C0119,2024-07-14,Headphones,Electronics,1,45.28,0.0,45.28,Credit Card,No
T05675,C0606,2024-07-21,Keyboard,Electronics,1,27.85,0.05,26.46,Debit Card,No
T05676,C1020,2025-05-18,Laptop,Electronics,1,999.55,0.0,999.55,Mobile Payment,No
T05677,C0727,2025-06-11,Phone,Electronics,1,427.6,0.0,427.6,Mobile Payment,No
T05678,C0592,2025-01-17,Tablet,Electronics,1,600.75,0.1,540.68,Credit Card,No
T05679,C0180,2025-08-12,Laptop,Electronics,3,1307.0,0.05,3724.96,Debit Card,No
T05680,C0368,2025-03-26,Keyboard,Electronics,1,154.87,0.0,154.87,Credit Card,No
T05681,C0154,2024-07-25,Mouse,Electronics,3,88.72,0.0,266.16,Credit Card,No
T05682,C1239,2025-12-31,Phone,Electronics,1,443.44,0.15,376.93,Mobile Payment,No
T05683,C0208,2025-08-29,Keyboard,Electronics,1,91.05,0.05,86.5,Debit Card,No
T05684,C0902,2025-06-20,Speaker,Electronics,3,121.05,0.1,326.84,Credit Card,No
T05685,C0525,2025-07-29,Camera,Electronics,1,377.47,0.0,377.47,PayPal,Yes
T05686,C0338,2025-09-20,Laptop,Electronics,4,1346.83,0.05,5117.96,Credit Card,No
T05687,C0971,2025-03-19,Phone,Electronics,1,650.35,0.0,650.35,Mobile Payment,No
T05688,C0709,2025-08-17,Monitor,Electronics,1,209.65,0.05,199.17,PayPal,No
T05689,C0620,2025-06-11,Tablet,Electronics,4,276.85,0.0,1107.39,Debit Card,Yes
T05690,C0898,2025-09-25,Phone,Electronics,1,542.99,0.05,515.84,Debit Card,No
T05691,C0756,2025-06-20,Tablet,Electronics,3,204.39,0.15,521.2,Mobile Payment,No
T05692,C0466,2024-04-13,Laptop,Electronics,1,890.39,0.0,890.39,Mobile Payment,Yes
T05693,C0845,2025-12-01,Monitor,Electronics,2,466.55,0.0,933.1,Mobile Payment,No
T05694,C1019,2025-08-12,Monitor,Electronics,1,564.18,0.0,564.18,Debit Card,No
T05695,C0038,2025-09-30,Laptop,Electronics,1,1350.11,0.05,1282.61,Mobile Payment,No
T05696,C0721,2025-06-05,Monitor,Electronics,1,384.01,0.05,364.81,Debit Card,No
T05697,C0091,2024-10-03,Monitor,Electronics,1,290.47,0.0,290.47,PayPal,Yes
T05698,C0285,2025-11-11,Keyboard,Electronics,1,167.72,0.15,142.56,Debit Card,No
T05699,C0847,2025-12-25,Speaker,Electronics,1,244.53,0.2,195.62,PayPal,No
T05700,C1316,2024-11-08,Speaker,Electronics,2,192.65,0.05,366.03,Debit Card,No
T05701,C1347,2024-12-31,Monitor,Electronics,2,525.55,0.0,1051.1,Credit Card,No
T05702,C0108,2024-02-10,Camera,Electronics,1,712.95,0.15,606.01,Credit Card,No
T05703,C0647,2025-05-19,Phone,Electronics,1,322.93,0.0,322.93,Mobile Payment,No
T05704,C0884,2025-05-22,Keyboard,Electronics,2,170.43,0.0,340.85,Debit Card,No
T05705,C0228,2024-09-10,Mouse,Electronics,2,60.39,0.0,120.78,Mobile Payment,No
T05706,C1169,2024-07-27,Keyboard,Electronics,2,132.77,0.1,238.99,PayPal,No
T05707,C1140,2025-12-31,Tablet,Electronics,2,364.38,0.0,728.75,Credit Card,No
T05708,C1375,2025-08-28,Laptop,Electronics,1,795.02,0.0,795.02,Credit Card,No
T05709,C0014,2024-07-16,Headphones,Electronics,1,81.66,0.0,81.66,PayPal,No
T05710,C0327,2025-08-01,Mouse,Electronics,1,18.71,0.0,18.71,Credit Card,No
T05711,C1269,2025-12-03,Speaker,Electronics,2,62.77,0.05,119.26,Credit Card,No
T05712,C1020,2025-12-31,Tablet,Electronics,1,276.31,0.05,262.5,Credit Card,No
T05713,C1366,2025-10-03,Speaker,Electronics,1,185.86,0.1,167.28,Debit Card,No
T05714,C0090,2025-02-22,Laptop,Electronics,1,1395.02,0.0,1395.02,Credit Card,No
T05715,C0904,2024-09-07,Speaker,Electronics,1,259.37,0.0,259.37,Credit Card,No
T05716,C0862,2025-05-07,Camera,Electronics,1,377.28,0.05,358.42,PayPal,No
T05717,C0051,2025-04-21,Laptop,Electronics,1,1289.64,0.15,1096.19,Mobile Payment,No
T05718,C0776,2025-05-05,Tablet,Electronics,2,432.07,0.0,864.13,Mobile Payment,No
T05719,C0921,2024-11-30,Laptop,Electronics,2,1162.23,0.0,2324.45,Mobile Payment,No
T05720,C0291,2025-11-28,Speaker,Electronics,3,73.74,0.0,221.22,Credit Card,No
T05721,C0420,2025-01-27,Headphones,Electronics,1,105.13,0.05,99.88,Credit Card,No
T05722,C0973,2025-03-19,Mouse,Electronics,2,90.15,0.0,180.3,Credit Card,No
T05723,C0723,2025-06-04,Tablet,Electronics,2,379.92,0.05,721.85,PayPal,No
T05724,C1306,2025-12-31,Speaker,Electronics,1,73.05,0.0,73.05,Mobile Payment,No
T05725,C0524,2024-10-04,Tablet,Electronics,2,326.21,0.1,587.17,PayPal,No
T05726,C0406,2025-05-21,Tablet,Electronics,2,284.11,0.2,454.58,Debit Card,Yes
T05727,C1479,2025-11-18,Tablet,Electronics,1,502.84,0.0,502.84,Mobile Payment,No
T05728,C1383,2025-12-31,Monitor,Electronics,2,559.96,0.0,1119.92,Debit Card,No
T05729,C0041,2025-11-23,Laptop,Electronics,3,1213.44,0.1,3276.3,Credit Card,No
T05730,C1183,2025-01-15,Keyboard,Electronics,1,155.76,0.0,155.76,Debit Card,No
T05731,C0171,2025-11-18,Laptop,Electronics,4,1264.07,0.05,4803.47,Credit Card,No
T05732,C0038,2025-08-15,Keyboard,Electronics,1,27.26,0.15,23.17,Credit Card,No
T05733,C0421,2025-12-31,Monitor,Electronics,1,205.97,0.0,205.97,PayPal,No
T05734,C0412,2025-12-31,Tablet,Electronics,1,378.99,0.0,378.99,PayPal,No
T05735,C1258,2024-12-31,Tablet,Electronics,1,232.68,0.1,209.41,Credit Card,No
T05736,C1087,2025-08-16,Mouse,Electronics,1,77.47,0.0,77.47,Debit Card,No
T05737,C1475,2024-07-21,Laptop,Electronics,2,749.13,0.0,1498.26,PayPal,No
T05738,C1088,2024-04-28,Tablet,Electronics,1,375.63,0.0,375.63,Mobile Payment,No
T05739,C0645,2024-10-12,Mouse,Electronics,1,48.34,0.0,48.34,Debit Card,No
T05740,C1063,2025-12-31, phone ,Electronics,1,603.24,0.15,512.75,Credit Card,No
T05741,C1499,2025-11-04,Keyboard,Electronics,1,122.55,0.05,116.43,Credit Card,No
T05742,C1086,2025-04-26,Phone,Electronics,1,865.52,0.15,735.69,Mobile Payment,No
T05743,C1165,2025-10-05,Phone,Electronics,1,426.27,0.1,383.64,Credit Card,No
T05744,C1414,2025-02-27,Smartwatch,Electronics,1,253.14,0.0,253.14,Mobile Payment,No
T05745,C0173,2025-08-25,Tablet,Electronics,2,196.49,0.0,392.98,Debit Card,No
T05746,C1072,2025-10-21,Headphones,Electronics,1,30.19,0.0,30.19,Debit Card,No
T05747,C1298,2024-11-30,Mouse,Electronics,1,17.16,0.0,17.16,Debit Card,No
T05748,C1436,2025-12-31,Phone,Electronics,1,541.79,0.05,514.7,Credit Card,No
T05749,C0318,2025-12-28,Keyboard,Electronics,2,111.03,0.05,210.95,PayPal,No
T05750,C0765,2025-09-04,Speaker,Electronics,1,41.62,0.2,33.29,Debit Card,No
T05751,C1034,2025-04-14,Keyboard,Electronics,1,86.44,0.15,73.48,PayPal,No
T05752,C0371,2025-04-25,Laptop,Electronics,2,728.6,0.0,1457.2,Credit Card,No
T05753,C0907,2025-01-20,Keyboard,Electronics,2,126.26,0.1,227.27,Debit Card,No
T05754,C0388,2025-11-30,Phone,Electronics,1,660.3,0.1,594.27,Credit Card,No
T05755,C0509,2024-08-22,Tablet,Electronics,2,548.57,0.05,1042.28,Debit Card,No
T05756,C0689,2024-07-04,Camera,Electronics,1,791.63,0.0,791.63,Credit Card,No
T05757,C0803,2024-12-12,Laptop,Electronics,1,1136.06,0.0,1136.06,Credit Card,No
T05758,C0698,2025-12-31,Laptop,Electronics,2,895.59,0.0,1791.19,Mobile Payment,No
T05759,C0757,2025-12-31,Headphones,Electronics,2,46.24,0.0,92.47,Debit Card,Yes
T05760,C0461,2025-08-16,Speaker,Electronics,2,231.7,0.0,463.4,Mobile Payment,No
T05761,C0245,2025-12-31,Tablet,Electronics,1,467.58,0.05,444.2,Mobile Payment,No
T05762,C0075,2024-09-18,Phone,Electronics,1,859.92,0.0,859.92,Debit Card,No
T05763,C0298,2024-08-19,Keyboard,Electronics,2,178.33,0.0,356.66,Debit Card,No
T05764,C0881,2025-06-20,Monitor,Electronics,1,531.28,0.0,531.28,PayPal,No
T05765,C1206,2025-06-17,Headphones,Electronics,3,217.27,0.0,651.8,PayPal,No
T05766,C0260,2025-08-24,Speaker,Electronics,1,208.34,0.15,177.09,Debit Card,Yes
T05767,C0171,2025-12-31,Tablet,Electronics,1,223.22,0.0,223.22,PayPal,No
T05768,C1149,2025-11-20,Tablet,Electronics,1,222.22,0.0,222.22,Debit Card,No
T05769,C0471,2025-05-21,Phone,Electronics,1,774.63,0.0,774.63,Mobile Payment,No
T05770,C1432,2024-12-25,Mouse,Electronics,1,35.13,0.1,31.62,PayPal,No
T05771,C1092,2025-01-09, phone ,Electronics,1,208.66,0.05,198.23,Debit Card,No
T05772,C0500,2025-01-19,Smartwatch,Electronics,1,196.96,0.05,187.11,Debit Card,No
T05773,C0446,2025-12-06,Speaker,Electronics,1,121.81,0.05,115.72,Debit Card,No
T05774,C0794,2025-12-31,Laptop,Electronics,1,1111.7,0.0,1111.7,Credit Card,No
T05775,C0124,2025-05-09,Speaker,Electronics,1,196.04,0.0,196.04,Mobile Payment,No
T05776,C0178,2025-04-19,Tablet,Electronics,1,500.31,0.0,500.31,Debit Card,No
T05777,C0269,2025-04-11,Headphones,Electronics,2,139.52,0.05,265.1,PayPal,No
T05778,C1189,2025-05-13,Smartwatch,Electronics,1,170.47,0.0,170.47,Credit Card,Yes
T05779,C0778,2025-09-14,Mouse,Electronics,2,17.01,0.05,32.32,PayPal,No
T05780,C0018,2025-12-31,Smartwatch,Electronics,1,322.48,0.0,322.48,Debit Card,Yes
T05781,C1026,2025-06-23,Monitor,Electronics,1,297.11,0.05,282.26,Mobile Payment,No
T05782,C0652,2024-12-15,Speaker,Electronics,3,171.86,0.0,515.58,Mobile Payment,No
T05783,C0773,2024-12-15,Smartwatch,Electronics,1,221.51,0.05,210.44,PayPal,No
T05784,C0324,2025-12-31,Tablet,Electronics,1,327.98,0.0,327.98,Credit Card,No
T05785,C0833,2025-12-31,Speaker,Electronics,1,120.21,0.0,120.21,Debit Card,No
T05786,C1471,2024-11-28,Speaker,Electronics,1,107.82,0.1,97.04,Credit Card,No
T05787,C0113,2025-04-26,Headphones,Electronics,3,76.24,0.0,228.71,Debit Card,No
T05788,C0434,2025-05-03,Mouse,Electronics,2,17.58,0.1,31.65,Debit Card,No
T05789,C0365,2025-06-14,Smartwatch,Electronics,4,337.8,0.0,1351.18,Debit Card,No
T05790,C0373,2025-03-31,Smartwatch,Electronics,1,232.64,0.05,221.0,Debit Card,No
T05791,C0587,2025-09-22,Laptop,Electronics,3,775.65,0.0,2326.94,PayPal,No
T05792,C1256,2025-11-12,Keyboard,Electronics,1,116.75,0.15,99.24,Credit Card,No
T05793,C1384,2024-06-18,Speaker,Electronics,1,100.38,0.2,80.31,Credit Card,No
T05794,C0304,2024-08-11,Tablet,Electronics,1,326.02,0.15,277.12,PayPal,No
T05795,C0823,2025-02-03,Smartwatch,Electronics,1,292.34,0.0,292.34,PayPal,No
T05796,C0966,2025-03-30,Keyboard,Electronics,2,162.3,0.0,324.6,PayPal,No
T05797,C0792,2024-02-17,Phone,Electronics,1,704.89,0.0,704.89,Mobile Payment,No
T05798,C0673,2024-02-11,Laptop,Electronics,1,1352.81,0.1,1217.53,Debit Card,No
T05799,C0292,2025-11-14,Smartwatch,Electronics,4,322.46,0.0,1289.83,Credit Card,No
T05800,C0753,2025-07-28,Tablet,Electronics,2,439.05,0.05,834.19,Credit Card,No
T05801,C0623,2024-07-05,Headphones,Electronics,1,202.49,0.0,202.49,Debit Card,No
T05802,C1219,2025-12-31,Monitor,Electronics,1,395.25,0.0,395.25,Mobile Payment,No
T05803,C1168,2024-11-24,Monitor,Electronics,1,196.92,0.0,196.92,Credit Card,No
T05804,C0206,2024-12-22,Phone,Electronics,1,789.15,0.1,710.23,Credit Card,No
T05805,C0142,2025-12-31,Mouse,Electronics,1,26.15,0.1,23.54,Debit Card,No
T05806,C1378,2025-10-21,Mouse,Electronics,1,41.86,0.0,41.86,Credit Card,No
T05807,C0809,2024-09-20,Phone,Electronics,1,496.87,0.0,496.87,Debit Card,No
T05808,C1306,2025-12-31,Keyboard,Electronics,1,150.13,0.1,135.12,Credit Card,No
T05809,C0091,2024-11-11,Keyboard,Electronics,1,37.95,0.0,37.95,Credit Card,No
T05810,C0799,2025-05-09,Phone,Electronics,1,539.21,0.0,539.21,Mobile Payment,No
T05811,C0816,2024-11-20,Camera,Electronics,2,693.04,0.1,1247.48,PayPal,Yes
T05812,C1311,2025-02-02,Monitor,Electronics,2,411.97,0.1,741.55,Credit Card,Yes
T05813,C0152,2024-11-01,Phone,Electronics,1,480.01,0.0,480.01,Debit Card,No
T05814,C0359,2024-08-16,Headphones,Electronics,2,139.66,0.0,279.32,Credit Card,No
T05815,C0631,2025-07-07,Monitor,Electronics,1,593.65,0.0,593.65,PayPal,No
T05816,C1316,2025-04-25,Laptop,Electronics,4,750.08,0.0,3000.34,Mobile Payment,No
T05817,C1416,2025-06-25,Laptop,Electronics,1,1312.24,0.0,1312.24,Debit Card,Yes
T05818,C1488,2025-09-28,Laptop,Electronics,1,916.04,0.0,916.04,Debit Card,No
T05819,C1442,2024-11-30,Keyboard,Electronics,1,97.19,0.15,82.61,Debit Card,No
T05820,C0011,2025-06-12,Headphones,Electronics,1,170.81,0.05,162.27,Credit Card,No
T05821,C0075,2025-03-31,Camera,Electronics,1,1119.03,0.1,1007.13,Debit Card,No
T05822,C0228,2024-04-12,Keyboard,Electronics,2,26.41,0.0,52.81,Debit Card,No
T05823,C0531,2025-05-07,Smartwatch,Electronics,1,252.04,0.2,201.63,Credit Card,No
T05824,C1272,2024-08-02,Mouse,Electronics,3,20.91,0.1,56.46,Debit Card,No
T05825,C1364,2025-09-23,Monitor,Electronics,1,386.56,0.0,386.56,Debit Card,No
T05826,C0285,2025-08-30,Mouse,Electronics,1,78.73,0.0,78.73,Credit Card,No
T05827,C0940,2025-06-11,Keyboard,Electronics,2,51.28,0.0,102.56,PayPal,No
T05828,C1387,2025-07-26,Headphones,Electronics,1,175.12,0.0,175.12,Credit Card,No
T05829,C0717,2025-12-11,Headphones,Electronics,1,88.81,0.0,88.81,Debit Card,Yes
T05830,C0160,2025-01-28,Camera,Electronics,1,849.5,0.0,849.5,Debit Card,Yes
T05831,C0710,2025-05-02,Keyboard,Electronics,2,127.0,0.0,253.99,Mobile Payment,No
T05832,C0581,2025-06-24,Headphones,Electronics,1,153.31,0.1,137.98,Debit Card,No
T05833,C0876,2025-02-23,Phone,Electronics,4,262.05,0.0,1048.22,Credit Card,No
T05834,C0683,2024-12-29,Monitor,Electronics,2,218.52,0.0,437.05,Credit Card,No
T05835,C0027,2025-02-21,Tablet,Electronics,2,582.42,0.0,1164.83,Credit Card,Yes
T05836,C1490,2024-12-29,Speaker,Electronics,4,284.36,0.05,1080.56,PayPal,No
T05837,C0823,2024-12-03,Monitor,Electronics,1,403.65,0.0,403.65,Mobile Payment,Yes
T05838,C0730,2025-12-31,Laptop,Electronics,2,1117.88,0.05,2123.97,PayPal,No
T05839,C1437,2025-07-03,Phone,Electronics,1,740.77,0.1,666.69,Mobile Payment,No
T05840,C0241,2025-10-22,Tablet,Electronics,1,370.87,0.0,370.87,Debit Card,No
T05841,C0288,2025-04-27,Phone,Electronics,3,463.21,0.0,1389.63,Debit Card,No
T05842,C1239,2025-12-31,Camera,Electronics,2,991.38,0.0,1982.76,Mobile Payment,No
T05843,C0393,2025-08-02,Camera,Electronics,1,325.46,0.1,292.91,Credit Card,No
T05844,C1225,2025-12-03,Speaker,Electronics,1,270.19,0.05,256.68,Credit Card,No
T05845,C0416,2024-09-14,Mouse,Electronics,2,52.48,0.15,89.21,Mobile Payment,No
T05846,C0047,2025-08-23,Mouse,Electronics,1,57.86,0.0,57.86,Debit Card,No
T05847,C0783,2025-05-01,Speaker,Electronics,3,204.91,0.2,491.79,PayPal,No
T05848,C0299,2025-05-30,Speaker,Electronics,2,111.34,0.05,211.55,PayPal,No
T05849,C1157,2025-03-06,Camera,Electronics,1,837.65,0.0,837.65,PayPal,No
T05850,C0974,2024-08-06,Camera,Electronics,2,923.74,0.0,1847.47,PayPal,No
T05851,C1396,2025-12-31,Mouse,Electronics,2,25.02,0.05,47.55,PayPal,No
T05852,C1202,2025-02-28,Laptop,Electronics,1,1064.33,0.0,1064.33,Credit Card,No
T05853,C0276,2025-12-31,Headphones,Electronics,1,92.59,0.1,83.33,Credit Card,No
T05854,C1226,2025-06-03,Mouse,Electronics,2,62.38,0.15,106.04,Debit Card,No
T05855,C0976,2025-03-21,Keyboard,Electronics,1,28.3,0.0,28.3,PayPal,No
T05856,C1018,2025-07-23,Smartwatch,Electronics,1,275.38,0.15,234.07,Debit Card,No
T05857,C1278,2025-12-31,Smartwatch,Electronics,1,108.84,0.0,108.84,Mobile Payment,Yes
T05858,C0869,2025-01-12,Keyboard,Electronics,1,131.85,0.0,131.85,Credit Card,No
T05859,C0722,2025-09-10,Laptop,Electronics,1,1238.17,0.1,1114.35,Mobile Payment,No
T05860,C0966,2025-06-08,Headphones,Electronics,1,173.0,0.05,164.35,PayPal,No
T05861,C0459,2024-10-18,Phone,Electronics,1,781.38,0.0,781.38,Credit Card,No
T05862,C0279,2025-07-01,Headphones,Electronics,1,88.47,0.1,79.62,Credit Card,No
T05863,C0931,2024-05-18,Keyboard,Electronics,1,174.9,0.0,174.9,Mobile Payment,No
T05864,C0349,2025-11-02,Laptop,Electronics,3,716.67,0.05,2042.52,Credit Card,No
T05865,C0126,2025-09-23,Laptop,Electronics,3,1036.84,0.1,2799.47,Credit Card,No
T05866,C0001,2024-06-24,Headphones,Electronics,1,81.35,0.0,81.35,Mobile Payment,No
T05867,C0920,2024-12-01,Smartwatch,Electronics,1,274.57,0.2,219.65,Debit Card,No
T05868,C0555,2025-12-31,Laptop,Electronics,1,1263.66,0.05,1200.47,Debit Card,No
T05869,C1152,2025-03-15,Camera,Electronics,1,1040.15,0.0,1040.15,Credit Card,No
T05870,C0580,2025-08-11,Headphones,Electronics,1,86.41,0.2,69.13,Debit Card,No
T05871,C0747,2025-01-23,Phone,Electronics,2,428.19,0.1,770.74,PayPal,No
T05872,C0632,2025-06-16,Keyboard,Electronics,1,129.93,0.05,123.43,Debit Card,Yes
T05873,C0992,2025-12-31,Speaker,Electronics,1,281.33,0.0,281.33,Mobile Payment,No
T05874,C0543,2024-05-24,Keyboard,Electronics,2,64.4,0.0,128.8,PayPal,No
T05875,C1450,2025-07-04,Mouse,Electronics,1,92.4,0.15,78.54,Debit Card,No
T05876,C1413,2025-09-17,Smartwatch,Electronics,1,231.52,0.0,231.52,PayPal,No
T05877,C1294,2025-12-31,Smartwatch,Electronics,2,274.0,0.0,548.0,Debit Card,No
T05878,C1393,2024-02-03,Laptop,Electronics,1,1007.92,0.0,1007.92,Debit Card,Yes
T05879,C0698,2025-12-31,Mouse,Electronics,1,83.58,0.0,83.58,PayPal,No
T05880,C0810,2024-04-23,Speaker,Electronics,1,292.33,0.0,292.33,PayPal,No
T05881,C1136,2024-11-05,Mouse,Electronics,1,29.5,0.1,26.55,Credit Card,No
T05882,C1061,2025-10-17,Camera,Electronics,1,647.0,0.0,647.0,Mobile Payment,No
T05883,C1360,2024-10-26,Monitor,Electronics,3,538.11,0.0,1614.32,PayPal,No
T05884,C1098,2025-12-17,Tablet,Electronics,1,263.04,0.0,263.04,Debit Card,No
T05885,C1497,2025-04-14,Mouse,Electronics,1,50.1,0.2,40.08,Credit Card,No
T05886,C0531,2024-10-01,Monitor,Electronics,1,224.75,0.05,213.51,PayPal,No
T05887,C1278,2025-12-31,Camera,Electronics,1,883.53,0.05,839.35,PayPal,No
T05888,C1062,2025-03-15,Speaker,Electronics,3,101.96,0.0,305.89,Mobile Payment,Yes
T05889,C1051,2025-12-31,Smartwatch,Electronics,1,170.43,0.0,170.43,Credit Card,Yes
T05890,C0499,2025-05-08,Speaker,Electronics,1,167.69,0.0,167.69,Debit Card,No
T05891,C1205,2024-07-26,Headphones,Electronics,2,86.45,0.0,172.91,Mobile Payment,No
T05892,C1372,2025-07-20,Camera,Electronics,1,911.91,0.0,911.91,Mobile Payment,No
T05893,C0328,2025-10-23,Tablet,Electronics,2,232.29,0.0,464.57,Debit Card,No
T05894,C0949,2025-09-18,Phone,Electronics,1,821.87,0.05,780.78,Debit Card,No
T05895,C0606,2025-01-31,Keyboard,Electronics,1,99.61,0.0,99.61,Mobile Payment,No
T05896,C1484,2025-10-01,Monitor,Electronics,1,407.77,0.05,387.38,Credit Card,No
T05897,C0738,2024-08-25,Speaker,Electronics,1,201.75,0.05,191.67,Mobile Payment,No
T05898,C0341,2025-03-06,Monitor,Electronics,1,176.86,0.0,176.86,Mobile Payment,No
T05899,C0588,2024-11-13,Speaker,Electronics,2,236.82,0.0,473.64,Mobile Payment,No
T05900,C0997,2025-12-31,Laptop,Electronics,2,1362.16,0.0,2724.32,Mobile Payment,No
T05901,C0116,2025-12-31,Camera,Electronics,1,767.92,0.15,652.73,Debit Card,No
T05902,C0912,2024-07-13,Smartwatch,Electronics,2,173.35,0.2,277.36,Credit Card,No
T05903,C1407,2024-10-05,Mouse,Electronics,1,81.71,0.1,73.54,Debit Card,No
T05904,C1297,2025-09-13,Headphones,Electronics,4,166.87,0.0,667.47,Debit Card,No
T05905,C0105,2025-08-05,Smartwatch,Electronics,3,248.78,0.05,709.03,Debit Card,No
T05906,C1489,2024-07-12,Monitor,Electronics,1,584.41,0.0,584.41,PayPal,No
T05907,C1063,2025-09-20,Mouse,Electronics,2,64.45,0.05,122.46,Mobile Payment,No
T05908,C0250,2024-12-17,Keyboard,Electronics,3,63.5,0.0,190.49,Credit Card,No
T05909,C0021,2025-06-30,Phone,Electronics,1,266.1,0.0,266.1,Debit Card,No
T05910,C0264,2025-07-24,Laptop,Electronics,1,1017.42,0.05,966.55,Debit Card,No
T05911,C1287,2024-06-11,Headphones,Electronics,1,153.94,0.1,138.55,PayPal,No
T05912,C0033,2025-09-26,Speaker,Electronics,1,84.76,0.0,84.76,Debit Card,No
T05913,C0348,2024-10-24,Monitor,Electronics,3,161.59,0.0,484.78,Credit Card,No
T05914,C1157,2025-09-07,Smartwatch,Electronics,3,323.64,0.0,970.91,Debit Card,Yes
T05915,C0889,2024-10-02,Keyboard,Electronics,3,71.8,0.0,215.41,Debit Card,No
T05916,C1202,2025-08-01,Speaker,Electronics,1,161.17,0.0,161.17,Mobile Payment,No
T05917,C1144,2025-03-04,Headphones,Electronics,1,47.3,0.0,47.3,Debit Card,No
T05918,C0080,2024-10-18,Laptop,Electronics,1,967.13,0.0,967.13,Debit Card,No
T05919,C1364,2024-08-29,Smartwatch,Electronics,3,182.89,0.05,521.25,PayPal,No
T05920,C0340,2024-07-13,Mouse,Electronics,2,91.73,0.0,183.47,Debit Card,No
T05921,C0836,2024-07-09,Monitor,Electronics,4,539.46,0.1,1942.04,PayPal,No
T05922,C0982,2024-10-16,Tablet,Electronics,3,268.83,0.1,725.84,Mobile Payment,No
T05923,C0259,2025-08-18,Phone,Electronics,1,611.44,0.2,489.15,Mobile Payment,No
T05924,C1467,2025-12-31,Monitor,Electronics,1,479.06,0.0,479.06,Debit Card,No
T05925,C0753,2025-05-14,Mouse,Electronics,1,39.81,0.0,39.81,Mobile Payment,No
T05926,C0091,2024-03-16,Keyboard,Electronics,2,86.14,0.05,163.66,Mobile Payment,No
T05927,C1414,2025-04-06,Headphones,Electronics,3,217.13,0.05,618.81,PayPal,No
T05928,C0889,2024-09-17,Keyboard,Electronics,1,142.76,0.2,114.21,Credit Card,No
T05929,C1064,2025-07-29,Phone,Electronics,3,534.17,0.05,1522.38,PayPal,No
T05930,C0797,2024-06-09,Mouse,Electronics,1,60.4,0.0,60.4,Debit Card,No
T05931,C1280,2025-07-04,Mouse,Electronics,1,68.19,0.0,68.19,Mobile Payment,Yes
T05932,C0047,2025-04-18,Laptop,Electronics,2,1049.19,0.1,1888.54,Debit Card,No
T05933,C0410,2024-05-30,Tablet,Electronics,1,373.46,0.0,373.46,Mobile Payment,No
T05934,C0726,2024-03-06,Phone,Electronics,1,483.58,0.05,459.4,PayPal,No
T05935,C0117,2024-06-11,Speaker,Electronics,2,83.94,0.0,167.87,PayPal,No
T05936,C1076,2025-11-11,Keyboard,Electronics,2,175.91,0.05,334.23,Mobile Payment,No
T05937,C0608,2024-06-20,Monitor,Electronics,1,191.14,0.1,172.02,Mobile Payment,No
T05938,C0420,2024-04-07,Monitor,Electronics,1,420.46,0.2,336.37,Debit Card,Yes
T05939,C0005,2024-04-21,Speaker,Electronics,1,289.5,0.15,246.07,Credit Card,No
T05940,C1105,2025-05-29,Mouse,Electronics,1,46.87,0.05,44.53,PayPal,No
T05941,C1279,2025-12-31,Phone,Electronics,1,414.07,0.0,414.07,Credit Card,No
T05942,C0612,2024-05-18,Headphones,Electronics,1,211.55,0.0,211.55,Debit Card,No
T05943,C0853,2025-08-10,Smartwatch,Electronics,1,292.5,0.05,277.88,Debit Card,No
T05944,C0341,2024-08-24,Headphones,Electronics,1,154.45,0.1,139.01,Debit Card,No
T05945,C0943,2024-09-22,Tablet,Electronics,2,467.63,0.0,935.27,Credit Card,No
T05946,C0020,2025-12-31,Speaker,Electronics,2,133.63,0.0,267.27,PayPal,No
T05947,C0754,2025-08-30,Speaker,Electronics,1,206.74,0.15,175.73,PayPal,No
T05948,C0981,2025-08-17,Speaker,Electronics,1,228.51,0.05,217.08,Mobile Payment,Yes
T05949,C1388,2024-06-03,Phone,Electronics,1,270.63,0.05,257.09,Debit Card,No
T05950,C0588,2024-09-22,Tablet,Electronics,1,235.31,0.0,235.31,Debit Card,No
T05951,C1169,2025-02-08,Headphones,Electronics,3,89.87,0.15,229.17,Credit Card,No
T05952,C0904,2025-03-14,Camera,Electronics,1,590.82,0.0,590.82,PayPal,No
T05953,C1399,2025-02-02,Mouse,Electronics,1,91.54,0.0,91.54,Credit Card,No
T05954,C0616,2025-12-31,Camera,Electronics,1,916.05,0.0,916.05,Mobile Payment,Yes
T05955,C0490,2025-02-11,Speaker,Electronics,1,137.11,0.05,130.26,Mobile Payment,No
T05956,C1356,2024-02-17,Smartwatch,Electronics,1,294.67,0.0,294.67,PayPal,Yes
T05957,C0078,2025-12-31,Tablet,Electronics,2,331.9,0.1,597.42,Debit Card,No
T05958,C0210,2025-03-14,Tablet,Electronics,1,645.66,0.1,581.09,Debit Card,No
T05959,C0131,2025-12-31,Headphones,Electronics,1,178.51,0.0,178.51,Credit Card,No
T05960,C1292,2025-11-26,Tablet,Electronics,2,559.94,0.05,1063.89,Credit Card,No
T05961,C0018,2025-06-28,Tablet,Electronics,1,302.66,0.2,242.13,Debit Card,No
T05962,C1312,2025-07-31,Smartwatch,Electronics,1,102.06,0.05,96.96,Debit Card,No
T05963,C0699,2025-09-21,Laptop,Electronics,1,972.68,0.05,924.04,Debit Card,No
T05964,C0005,2024-04-02,Mouse,Electronics,2,43.41,0.1,78.14,Mobile Payment,No
T05965,C0623,2024-05-30,Smartwatch,Electronics,1,283.25,0.1,254.93,Debit Card,No
T05966,C0285,2025-10-02,Laptop,Electronics,1,822.0,0.0,822.0,Mobile Payment,No
T05967,C0947,2025-05-14,Laptop,Electronics,1,1069.23,0.0,1069.23,Credit Card,No
T05968,C1033,2025-08-08,Tablet,Electronics,1,475.25,0.1,427.73,Credit Card,No
T05969,C0752,2024-05-25,Phone,Electronics,1,500.36,0.05,475.34,Debit Card,Yes
T05970,C0059,2025-07-08,Keyboard,Electronics,2,56.09,0.05,106.58,Mobile Payment,No
T05971,C1001,2025-11-17,Mouse,Electronics,2,91.13,0.1,164.04,Credit Card,No
T05972,C1291,2024-05-17,Mouse,Electronics,1,26.8,0.1,24.12,Debit Card,No
T05973,C1106,2025-07-17,Headphones,Electronics,1,87.72,0.1,78.95,Credit Card,No
T05974,C1272,2024-08-08,Monitor,Electronics,1,490.46,0.0,490.46,PayPal,No
T05975,C0303,2025-12-31,Mouse,Electronics,2,66.45,0.1,119.61,Debit Card,No
T05976,C1358,2025-03-30,Phone,Electronics,2,724.92,0.0,1449.84,Debit Card,No
T05977,C0494,2025-08-02,Phone,Electronics,1,775.7,0.0,775.7,Mobile Payment,No
T05978,C0022,2025-02-17,Camera,Electronics,2,1105.85,0.0,2211.71,Credit Card,No
T05979,C1292,2025-12-31,Headphones,Electronics,1,87.87,0.15,74.69,Mobile Payment,No
T05980,C1421,2025-07-26,Smartwatch,Electronics,3,197.55,0.15,503.75,Debit Card,No
T05981,C0999,2025-12-31,Tablet,Electronics,1,503.51,0.2,402.8,Debit Card,Yes
T05982,C0345,2025-06-28,Laptop,Electronics,1,1256.32,0.0,1256.32,Credit Card,No
T05983,C0380,2025-10-24,Monitor,Electronics,1,410.02,0.05,389.52,Debit Card,No
T05984,C0722,2025-06-25,Camera,Electronics,1,762.37,0.0,762.37,Mobile Payment,No
T05985,C1368,2025-06-16,Smartwatch,Electronics,2,260.61,0.1,469.1,Debit Card,No
T05986,C0232,2024-05-28,Tablet,Electronics,1,359.55,0.0,359.55,Debit Card,No
T05987,C1269,2024-10-25,Speaker,Electronics,1,272.36,0.2,217.89,Credit Card,No
T05988,C0449,2025-10-09,Monitor,Electronics,2,245.5,0.0,491.0,Debit Card,No
T05989,C1239,2025-11-05,Laptop,Electronics,1,1318.8,0.1,1186.92,Credit Card,No
T05990,C1393,2025-03-28,Laptop,Electronics,2,1150.53,0.0,2301.06,Credit Card,No
T05991,C0661,2025-12-31,Monitor,Electronics,4,420.3,0.0,1681.19,Debit Card,No
T05992,C0560,2025-12-31,Keyboard,Electronics,1,97.84,0.0,97.84,Credit Card,No
T05993,C1230,2025-06-25,Laptop,Electronics,2,808.32,0.05,1535.81,Debit Card,Yes
T05994,C0804,2025-12-31,Speaker,Electronics,1,264.88,0.0,264.88,Debit Card,No
T05995,C1040,2025-06-14,Mouse,Electronics,3,19.47,0.0,58.4,Credit Card,No
T05996,C0943,2025-01-31,Smartwatch,Electronics,1,138.29,0.0,138.29,Mobile Payment,No
T05997,C0237,2024-12-19,Keyboard,Electronics,4,42.0,0.0,168.02,Mobile Payment,No
T05998,C1292,2025-10-15,Mouse,Electronics,1,24.08,0.05,22.88,Credit Card,No
T05999,C0298,2025-10-21,Headphones,Electronics,2,104.18,0.05,197.94,Credit Card,No
T06000,C1408,2025-04-18,Mouse,Electronics,1,28.64,0.2,22.91,Debit Card,No
T06001,C0376,2024-10-17,Speaker,Electronics,1,191.16,0.0,191.16,PayPal,No
T06002,C1125,2025-05-20,Mouse,Electronics,2,68.31,0.0,136.62,PayPal,No
T06003,C0435,2024-09-03,Headphones,Electronics,2,197.6,0.0,395.2,PayPal,No
T06004,C0488,2025-02-25,Tablet,Electronics,3,320.84,0.0,962.53,PayPal,No
T06005,C0478,2025-12-31,Speaker,Electronics,1,120.39,0.0,120.39,Debit Card,No
T06006,C1148,2025-05-28,Phone,Electronics,3,410.14,0.0,1230.42,PayPal,No
T06007,C0843,2025-10-08,Smartwatch,Electronics,2,286.72,0.1,516.1,Mobile Payment,No
T06008,C1347,2025-06-16,Monitor,Electronics,1,342.63,0.0,342.63,PayPal,No
T06009,C0474,2025-12-31,Headphones,Electronics,1,134.96,0.0,134.96,Credit Card,No
T06010,C1053,2024-11-18,Mouse,Electronics,2,46.84,0.05,89.0,Debit Card,No
T06011,C1152,2025-12-31,Phone,Electronics,2,351.93,0.0,703.86,PayPal,Yes
T06012,C0236,2025-12-31,Monitor,Electronics,2,196.14,0.05,372.66,Mobile Payment,No
T06013,C0622,2024-09-06,Laptop,Electronics,2,1307.79,0.0,2615.58,PayPal,No
T06014,C0742,2024-12-31,Mouse,Electronics,3,37.57,0.0,112.7,Mobile Payment,No
T06015,C0543,2024-10-17,Laptop,Electronics,2,1359.13,0.05,2582.35,Mobile Payment,No
T06016,C0494,2025-01-05,Phone,Electronics,3,865.74,0.1,2337.5,Debit Card,No
T06017,C1042,2025-04-30,Camera,Electronics,2,731.03,0.1,1315.85,Debit Card,No
T06018,C0326,2024-10-16,Headphones,Electronics,2,212.13,0.0,424.26,Debit Card,No
T06019,C1086,2024-10-24,Phone,Electronics,1,268.52,0.15,228.24,PayPal,No
T06020,C1412,2024-12-25,Keyboard,Electronics,2,39.21,0.15,66.65,PayPal,No
T06021,C0856,2025-12-31,Monitor,Electronics,1,259.49,0.0,259.49,Credit Card,No
T06022,C0926,2025-08-04,Headphones,Electronics,1,69.75,0.0,69.75,PayPal,No
T06023,C0106,2025-12-31,Speaker,Electronics,1,105.69,0.15,89.83,Mobile Payment,No
T06024,C1315,2024-11-23,Mouse,Electronics,2,53.45,0.1,96.2,Credit Card,No
T06025,C0437,2025-05-22,Phone,Electronics,1,290.9,0.0,290.9,Credit Card,Yes
T06026,C0929,2025-12-31,Keyboard,Electronics,1,111.09,0.0,111.09,PayPal,No
T06027,C1471,2024-11-08,Phone,Electronics,1,451.15,0.0,451.15,Credit Card,No
T06028,C0902,2025-12-31,Tablet,Electronics,2,213.63,0.1,384.53,Mobile Payment,No
T06029,C1112,2025-07-22,Speaker,Electronics,1,235.83,0.0,235.83,PayPal,No
T06030,C0696,2025-12-31,Monitor,Electronics,1,444.04,0.05,421.84,Credit Card,No
T06031,C0093,2024-11-13,Camera,Electronics,1,1014.09,0.1,912.68,PayPal,No
T06032,C1222,2024-07-05,Phone,Electronics,1,860.5,0.0,860.5,Debit Card,No
T06033,C0049,2025-07-18,Phone,Electronics,1,630.75,0.0,630.75,Debit Card,No
T06034,C1066,2025-03-18,Headphones,Electronics,1,179.48,0.1,161.53,Debit Card,Yes
T06035,C0036,2025-12-31,Headphones,Electronics,1,67.84,0.0,67.84,Debit Card,No
T06036,C1312,2025-12-31,Mouse,Electronics,1,49.88,0.1,44.89,Debit Card,No
T06037,C0244,2025-08-28,Keyboard,Electronics,1,107.16,0.0,107.16,Credit Card,No
T06038,C0779,2025-12-31,Keyboard,Electronics,2,108.89,0.1,196.0,Mobile Payment,No
T06039,C0904,2025-02-15,Keyboard,Electronics,1,136.34,0.0,136.34,PayPal,Yes
T06040,C0710,2025-04-11,Mouse,Electronics,2,82.65,0.0,165.31,PayPal,No
T06041,C0522,2025-11-18,Camera,Electronics,4,900.17,0.15,3060.57,PayPal,No
T06042,C0723,2025-12-31,Headphones,Electronics,2,38.98,0.1,70.16,Debit Card,No
T06043,C0481,2025-12-14,Smartwatch,Electronics,2,161.85,0.0,323.71,PayPal,No
T06044,C0682,2024-09-19,Monitor,Electronics,1,407.6,0.15,346.46,Credit Card,No
T06045,C0550,2025-11-23,Mouse,Electronics,1,58.17,0.0,58.17,Credit Card,No
T06046,C0859,2024-11-27,Camera,Electronics,1,340.32,0.0,340.32,Credit Card,No
T06047,C0354,2025-11-01,Laptop,Electronics,2,1386.45,0.1,2495.6,Mobile Payment,No
T06048,C1483,2025-11-13,Keyboard,Electronics,2,173.2,0.0,346.39,Mobile Payment,No
T06049,C0764,2024-12-30,Speaker,Electronics,1,241.18,0.05,229.12,Debit Card,No
T06050,C0295,2024-09-06,Monitor,Electronics,1,174.91,0.05,166.16,Debit Card,No
T06051,C0735,2025-01-29,Camera,Electronics,2,687.19,0.0,1374.37,Mobile Payment,No
T06052,C1316,2025-08-29,Phone,Electronics,1,516.35,0.2,413.08,PayPal,No
T06053,C0033,2025-02-02,Keyboard,Electronics,2,111.49,0.0,222.99,PayPal,No
T06054,C1033,2025-11-10,Camera,Electronics,2,350.34,0.05,665.64,Debit Card,No
T06055,C0828,2025-08-05,Headphones,Electronics,1,110.49,0.0,110.49,Debit Card,No
T06056,C0260,2025-12-31,Monitor,Electronics,1,491.03,0.1,441.92,Credit Card,No
T06057,C1256,2025-02-12,Phone,Electronics,1,898.71,0.0,898.71,Credit Card,No
T06058,C0568,2025-02-20,Laptop,Electronics,1,1116.81,0.0,1116.81,Mobile Payment,No
T06059,C0452,2025-06-27,Monitor,Electronics,2,573.28,0.0,1146.55,Mobile Payment,No
T06060,C1271,2025-12-31,Camera,Electronics,1,1198.68,0.0,1198.68,Credit Card,No
T06061,C0970,2025-07-24,Speaker,Electronics,1,153.04,0.0,153.04,Credit Card,No
T06062,C1369,2024-11-05,Mouse,Electronics,1,71.84,0.0,71.84,Debit Card,No
T06063,C0954,2025-04-27,Smartwatch,Electronics,1,121.83,0.05,115.74,Mobile Payment,No
T06064,C1135,2025-01-11,Mouse,Electronics,2,55.43,0.0,110.86,Debit Card,No
T06065,C1284,2025-12-31,Mouse,Electronics,2,21.66,0.05,41.16,Mobile Payment,No
T06066,C0085,2025-06-16,Smartwatch,Electronics,1,68.45,0.0,68.45,Mobile Payment,No
T06067,C1192,2025-01-16,Monitor,Electronics,2,551.81,0.0,1103.63,Mobile Payment,No
T06068,C0928,2025-05-02,Monitor,Electronics,1,536.28,0.05,509.47,Debit Card,No
T06069,C0106,2025-05-20,Phone,Electronics,4,452.84,0.2,1449.09,Mobile Payment,No
T06070,C0772,2025-02-13,Camera,Electronics,2,711.26,0.15,1209.14,PayPal,No
T06071,C0131,2025-12-31,Laptop,Electronics,3,1045.53,0.2,2509.27,Mobile Payment,No
T06072,C1127,2025-12-31,Tablet,Electronics,2,424.73,0.0,849.46,PayPal,No
T06073,C0828,2025-01-02,Monitor,Electronics,2,210.56,0.0,421.11,Debit Card,No
T06074,C1435,2025-02-06,Speaker,Electronics,1,241.52,0.15,205.29,Mobile Payment,No
T06075,C0280,2025-04-02,Smartwatch,Electronics,1,160.87,0.0,160.87,Mobile Payment,No
T06076,C0919,2025-08-27,Headphones,Electronics,2,36.02,0.0,72.04,PayPal,No
T06077,C0320,2025-03-26,Mouse,Electronics,1,72.51,0.05,68.88,Debit Card,Yes
T06078,C0928,2025-12-31,Speaker,Electronics,1,255.77,0.2,204.61,Credit Card,No
T06079,C1111,2025-12-31,Keyboard,Electronics,3,167.31,0.0,501.93,Mobile Payment,No
T06080,C1110,2025-07-10,Monitor,Electronics,1,453.48,0.1,408.13,Debit Card,No
T06081,C1250,2024-12-30,Keyboard,Electronics,1,54.65,0.05,51.92,Debit Card,No
T06082,C1300,2025-12-31,Tablet,Electronics,1,457.2,0.05,434.34,Credit Card,Yes
T06083,C0120,2025-10-14,Speaker,Electronics,1,277.06,0.1,249.35,Debit Card,No
T06084,C0525,2025-06-26,Smartwatch,Electronics,1,161.66,0.0,161.66,Mobile Payment,No
T06085,C1043,2025-12-31,Mouse,Electronics,1,96.03,0.0,96.03,Debit Card,No
T06086,C0763,2025-12-31,Keyboard,Electronics,1,40.14,0.05,38.13,Mobile Payment,No
T06087,C0291,2025-12-31,Speaker,Electronics,2,229.29,0.0,458.59,Debit Card,No
T06088,C0835,2025-12-31,Tablet,Electronics,2,236.36,0.05,449.08,Mobile Payment,No
T06089,C0633,2025-11-20,Tablet,Electronics,4,555.47,0.1,1999.7,PayPal,No
T06090,C0604,2025-12-18,Tablet,Electronics,1,225.9,0.0,225.9,Debit Card,No
T06091,C1242,2025-12-26,Mouse,Electronics,1,42.69,0.0,42.69,Mobile Payment,No
T06092,C0633,2025-10-30,Smartwatch,Electronics,2,285.29,0.15,484.99,PayPal,No
T06093,C0038,2025-02-23,Keyboard,Electronics,1,96.33,0.1,86.7,PayPal,No
T06094,C0091,2024-06-07,Mouse,Electronics,2,90.03,0.05,171.05,Debit Card,No
T06095,C1303,2025-12-31,Headphones,Electronics,4,106.33,0.0,425.32,Credit Card,No
T06096,C1444,2024-11-18,Laptop,Electronics,3,1396.47,0.0,4189.41,Mobile Payment,No
T06097,C1046,2025-09-26,Tablet,Electronics,3,188.78,0.0,566.33,Debit Card,No
T06098,C0558,2025-04-29,Keyboard,Electronics,1,132.89,0.05,126.25,Mobile Payment,No
T06099,C1416,2025-10-19,Smartwatch,Electronics,1,325.61,0.0,325.61,Mobile Payment,No
T06100,C1009,2024-11-07,Smartwatch,Electronics,1,215.44,0.1,193.89,Credit Card,No
T06101,C1292,2025-12-31,Phone,Electronics,2,892.53,0.1,1606.56,Credit Card,No
T06102,C1169,2024-12-10,Laptop,Electronics,1,1195.62,0.0,1195.62,PayPal,No
T06103,C0587,2025-08-25,Camera,Electronics,2,686.57,0.2,1098.52,Credit Card,No
T06104,C0738,2025-01-11,Laptop,Electronics,1,1060.76,0.0,1060.76,Debit Card,No
T06105,C0285,2025-12-31,Headphones,Electronics,2,196.72,0.0,393.44,Debit Card,No
T06106,C0449,2025-12-31,Phone,Electronics,1,872.43,0.1,785.19,Credit Card,No
T06107,C1196,2025-08-25,Keyboard,Electronics,1,111.16,0.1,100.05,PayPal,No
T06108,C1366,2025-12-31,Headphones,Electronics,4,88.36,0.0,353.43,Debit Card,No
T06109,C1112,2025-10-21,Phone,Electronics,1,405.56,0.05,385.28,Debit Card,No
T06110,C0720,2024-08-12,Keyboard,Electronics,1,98.94,0.0,98.94,Credit Card,No
T06111,C0138,2025-04-18,Headphones,Electronics,3,86.3,0.0,258.91,Mobile Payment,No
T06112,C0089,2025-12-31,Phone,Electronics,1,523.54,0.15,445.01,Credit Card,No
T06113,C0577,2025-04-16,Mouse,Electronics,1,85.93,0.0,85.93,Credit Card,No
T06114,C0717,2025-10-03,Camera,Electronics,2,724.79,0.15,1232.14,Mobile Payment,No
T06115,C0921,2025-11-16,Tablet,Electronics,2,481.21,0.05,914.3,Credit Card,No
T06116,C0012,2024-04-16,Phone,Electronics,1,308.57,0.15,262.28,Credit Card,No
T06117,C1485,2025-12-26,Laptop,Electronics,2,1233.49,0.0,2466.98,Mobile Payment,No
T06118,C0558,2025-03-27,Monitor,Electronics,1,367.31,0.0,367.31,PayPal,No
T06119,C1294,2025-05-10,Camera,Electronics,1,624.85,0.0,624.85,PayPal,No
T06120,C0809,2025-02-19,Tablet,Electronics,1,467.17,0.15,397.09,Debit Card,No
T06121,C0200,2024-09-14,Monitor,Electronics,1,195.89,0.0,195.89,Credit Card,No
T06122,C1222,2025-03-28,Phone,Electronics,1,519.1,0.05,493.14,Debit Card,No
T06123,C1086,2024-09-29,Headphones,Electronics,4,184.08,0.1,662.71,PayPal,Yes
T06124,C0800,2025-10-02,Laptop,Electronics,1,883.44,0.0,883.44,Debit Card,No
T06125,C0780,2024-05-01,Speaker,Electronics,3,277.66,0.0,832.99,PayPal,No
T06126,C0141,2025-12-20,Mouse,Electronics,1,66.31,0.0,66.31,Credit Card,Yes
T06127,C1001,2024-12-31,Headphones,Electronics,1,132.75,0.05,126.11,PayPal,No
T06128,C1383,2025-12-31,Camera,Electronics,1,659.61,0.05,626.63,PayPal,No
T06129,C0149,2025-10-08, phone ,Electronics,2,732.3,0.0,1464.6,Mobile Payment,No
T06130,C0398,2025-12-31,Laptop,Electronics,2,1095.13,0.0,2190.25,Mobile Payment,No
T06131,C1375,2025-06-01,Speaker,Electronics,2,247.1,0.0,494.2,PayPal,No
T06132,C0435,2024-01-29,Tablet,Electronics,2,335.89,0.0,671.78,PayPal,No
T06133,C0997,2025-10-20,Speaker,Electronics,1,222.52,0.0,222.52,Credit Card,No
T06134,C0809,2025-05-24,Mouse,Electronics,1,95.19,0.0,95.19,Mobile Payment,No
T06135,C0903,2025-09-30,Speaker,Electronics,1,112.78,0.1,101.5,PayPal,No
T06136,C0643,2025-02-16,Smartwatch,Electronics,1,344.49,0.1,310.04,Debit Card,No
T06137,C0461,2025-01-14,Phone,Electronics,3,516.84,0.05,1473.0,Mobile Payment,No
T06138,C0076,2025-01-07,Camera,Electronics,1,334.68,0.1,301.21,PayPal,Yes
T06139,C1140,2025-12-31,Phone,Electronics,1,482.51,0.0,482.51,Debit Card,No
T06140,C1144,2024-07-03,Mouse,Electronics,1,27.72,0.0,27.72,Debit Card,No
T06141,C1020,2025-11-18,Monitor,Electronics,1,286.93,0.05,272.58,Mobile Payment,No
T06142,C0980,2025-01-18,Mouse,Electronics,2,23.16,0.15,39.37,Mobile Payment,No
T06143,C0366,2025-12-31,Smartwatch,Electronics,3,111.68,0.0,335.04,Debit Card,No
T06144,C0034,2025-06-25,Smartwatch,Electronics,1,96.74,0.2,77.39,PayPal,No
T06145,C1239,2025-10-31,Camera,Electronics,4,339.13,0.1,1220.86,Credit Card,No
T06146,C0756,2025-06-08,Camera,Electronics,1,566.57,0.05,538.24,Mobile Payment,No
T06147,C0474,2025-12-31,Headphones,Electronics,1,208.78,0.05,198.34,PayPal,No
T06148,C0156,2024-11-12,Camera,Electronics,4,1154.45,0.0,4617.82,Mobile Payment,No
T06149,C0098,2025-04-21,Mouse,Electronics,1,86.96,0.15,73.92,Debit Card,No
T06150,C0531,2024-04-03,Camera,Electronics,1,310.93,0.2,248.74,Debit Card,No
T06151,C1234,2025-12-31,Speaker,Electronics,1,47.31,0.15,40.22,Mobile Payment,No
T06152,C1388,2025-03-17,Phone,Electronics,1,256.73,0.0,256.73,Credit Card,No
T06153,C1368,2025-06-05,Headphones,Electronics,1,99.66,0.1,89.7,Debit Card,No
T06154,C1392,2025-05-16,Smartwatch,Electronics,2,344.27,0.05,654.12,Mobile Payment,No
T06155,C1378,2025-08-07,Phone,Electronics,2,832.94,0.1,1499.3,Debit Card,No
T06156,C0800,2025-05-13,Keyboard,Electronics,2,63.83,0.0,127.67,Debit Card,No
T06157,C0329,2025-06-07,Camera,Electronics,1,669.18,0.15,568.8,Debit Card,No
T06158,C1224,2025-09-28,Laptop,Electronics,1,1277.1,0.0,1277.1,PayPal,No
T06159,C0323,2025-02-04,Speaker,Electronics,1,237.23,0.1,213.51,Credit Card,No
T06160,C0407,2025-03-02,Speaker,Electronics,3,74.48,0.0,223.44,Mobile Payment,No
T06161,C0348,2025-10-07,Tablet,Electronics,2,230.66,0.05,438.24,Debit Card,No
T06162,C0780,2025-03-19,Smartwatch,Electronics,1,217.68,0.0,217.68,PayPal,No
T06163,C0493,2025-06-02,Phone,Electronics,2,316.37,0.05,601.11,PayPal,No
T06164,C0239,2024-10-13,Smartwatch,Electronics,1,299.26,0.05,284.29,PayPal,No
T06165,C0702,2024-12-21,Monitor,Electronics,1,264.0,0.05,250.8,Debit Card,No
T06166,C1329,2024-12-08,Camera,Electronics,1,469.5,0.0,469.5,Credit Card,Yes
T06167,C0864,2025-12-31,Phone,Electronics,3,370.69,0.1,1000.85,PayPal,No
T06168,C1340,2025-09-08,Mouse,Electronics,1,18.84,0.15,16.02,Mobile Payment,No
T06169,C0298,2025-06-08,Smartwatch,Electronics,4,246.13,0.15,836.85,Debit Card,No
T06170,C0256,2025-12-31,Phone,Electronics,1,356.92,0.0,356.92,Mobile Payment,No
T06171,C0873,2024-08-15,Smartwatch,Electronics,1,127.67,0.1,114.9,Debit Card,No
T06172,C0717,2025-03-25,Speaker,Electronics,1,235.34,0.0,235.34,Credit Card,No
T06173,C1006,2025-02-10,Keyboard,Electronics,1,33.91,0.1,30.52,Credit Card,No
T06174,C1217,2025-12-31,Smartwatch,Electronics,1,118.8,0.0,118.8,Mobile Payment,No
T06175,C1151,2025-09-29,Keyboard,Electronics,1,48.15,0.0,48.15,PayPal,No
T06176,C1422,2025-12-21,Keyboard,Electronics,1,25.75,0.0,25.75,Debit Card,No
T06177,C0615,2024-05-08,Laptop,Electronics,1,1077.54,0.0,1077.54,Mobile Payment,No
T06178,C0311,2025-07-15,Monitor,Electronics,1,235.52,0.05,223.74,PayPal,No
T06179,C0832,2025-05-24,Keyboard,Electronics,1,123.1,0.05,116.95,Mobile Payment,No
T06180,C0172,2025-05-31,Mouse,Electronics,2,57.65,0.0,115.3,Mobile Payment,No
T06181,C0445,2024-11-14,Phone,Electronics,3,684.12,0.05,1949.74,PayPal,No
T06182,C0313,2025-01-06,Tablet,Electronics,2,641.34,0.2,1026.14,Mobile Payment,No
T06183,C0614,2025-10-25,Smartwatch,Electronics,1,123.76,0.0,123.76,Debit Card,No
T06184,C0172,2024-12-15,Phone,Electronics,3,682.82,0.0,2048.46,Mobile Payment,No
T06185,C0046,2024-07-30,Headphones,Electronics,2,188.39,0.0,376.77,Mobile Payment,No
T06186,C1001,2025-06-16,Tablet,Electronics,1,629.97,0.0,629.97,Credit Card,No
T06187,C0922,2025-04-22,Keyboard,Electronics,1,121.46,0.0,121.46,Mobile Payment,No
T06188,C1084,2025-12-31,Speaker,Electronics,3,74.02,0.0,222.05,Debit Card,No
T06189,C1006,2025-09-18,Camera,Electronics,1,348.46,0.0,348.46,Debit Card,No
T06190,C0173,2025-03-22,Tablet,Electronics,1,310.9,0.0,310.9,PayPal,No
T06191,C0448,2025-05-19,Headphones,Electronics,1,206.35,0.0,206.35,Credit Card,No
T06192,C0199,2025-02-26,Speaker,Electronics,1,179.6,0.0,179.6,Credit Card,No
T06193,C1292,2025-12-31,Camera,Electronics,1,821.37,0.0,821.37,Debit Card,No
T06194,C1147,2024-07-29,Phone,Electronics,2,646.89,0.0,1293.78,PayPal,No
T06195,C0304,2025-04-10,Smartwatch,Electronics,1,156.34,0.0,156.34,Mobile Payment,No
T06196,C0524,2025-08-22,Tablet,Electronics,1,265.35,0.05,252.08,Debit Card,No
T06197,C1454,2025-03-25,Keyboard,Electronics,1,172.91,0.05,164.26,Mobile Payment,No
T06198,C0901,2024-11-19,Laptop,Electronics,2,1228.77,0.0,2457.54,Credit Card,No
T06199,C1229,2025-05-11,Speaker,Electronics,4,172.87,0.0,691.49,Mobile Payment,No
T06200,C0401,2025-01-18,Smartwatch,Electronics,1,169.24,0.0,169.24,PayPal,No
T06201,C0315,2024-09-25,Tablet,Electronics,2,406.9,0.1,732.43,Debit Card,No
T06202,C1203,2025-03-09,Mouse,Electronics,1,17.86,0.0,17.86,Mobile Payment,No
T06203,C1042,2024-11-19,Tablet,Electronics,2,296.32,0.0,592.64,Credit Card,No
T06204,C1035,2025-02-21,Phone,Electronics,1,412.96,0.05,392.31,PayPal,No
T06205,C0835,2025-01-23,Headphones,Electronics,3,114.62,0.0,343.85,Credit Card,No
T06206,C0851,2025-04-21,Keyboard,Electronics,2,61.62,0.0,123.24,Mobile Payment,No
T06207,C1127,2025-10-06,Phone,Electronics,2,370.55,0.1,666.98,Credit Card,No
T06208,C0412,2025-06-29,Monitor,Electronics,1,494.49,0.1,445.04,Credit Card,No
T06209,C0536,2025-12-31,Monitor,Electronics,2,552.08,0.05,1048.95,Debit Card,No
T06210,C1326,2025-11-08,Keyboard,Electronics,1,35.41,0.05,33.64,Credit Card,No
T06211,C0476,2025-01-21,Tablet,Electronics,1,278.54,0.0,278.54,PayPal,No
T06212,C0828,2025-06-03,Laptop,Electronics,2,1241.58,0.0,2483.16,Debit Card,No
T06213,C1071,2024-11-17,Tablet,Electronics,3,563.44,0.0,1690.33,Credit Card,No
T06214,C1499,2024-11-15,Headphones,Electronics,1,125.03,0.05,118.78,Mobile Payment,No
T06215,C0675,2024-11-16,Mouse,Electronics,1,74.07,0.05,70.36,Debit Card,No
T06216,C0662,2025-03-20,Speaker,Electronics,2,60.18,0.0,120.35,Debit Card,No
T06217,C1291,2024-07-01,Phone,Electronics,2,802.19,0.0,1604.39,PayPal,No
T06218,C1236,2024-12-10,Mouse,Electronics,1,85.78,0.0,85.78,Debit Card,No
T06219,C1122,2025-10-07,Phone,Electronics,3,700.71,0.0,2102.13,Credit Card,No
T06220,C0717,2025-08-05,Phone,Electronics,3,845.61,0.1,2283.15,PayPal,No
T06221,C0498,2025-12-31,Monitor,Electronics,1,171.44,0.15,145.72,Credit Card,No
T06222,C0920,2025-01-11,Mouse,Electronics,1,34.63,0.15,29.44,PayPal,No
T06223,C1335,2025-01-19,Camera,Electronics,3,626.29,0.1,1690.99,Mobile Payment,No
T06224,C1348,2024-09-08,Mouse,Electronics,1,28.48,0.1,25.63,Credit Card,No
T06225,C0171,2025-08-10,Laptop,Electronics,2,1270.38,0.0,2540.76,Mobile Payment,No
T06226,C0663,2024-08-03,Mouse,Electronics,1,79.36,0.1,71.43,Credit Card,No
T06227,C0719,2024-03-28,Smartwatch,Electronics,4,284.24,0.0,1136.97,Credit Card,No
T06228,C1469,2025-10-27,Monitor,Electronics,3,281.08,0.0,843.25,PayPal,No
T06229,C1031,2024-12-19,Speaker,Electronics,2,238.3,0.0,476.6,Credit Card,No
T06230,C0633,2025-12-31,Laptop,Electronics,1,786.14,0.05,746.83,Credit Card,Yes
T06231,C0038,2025-05-25,Smartwatch,Electronics,2,90.97,0.0,181.94,Debit Card,No
T06232,C0857,2024-12-14,Headphones,Electronics,1,140.97,0.05,133.92,Credit Card,No
T06233,C0151,2024-05-17,Mouse,Electronics,1,19.14,0.05,18.18,Debit Card,No
T06234,C1279,2025-04-08,Mouse,Electronics,2,94.79,0.0,189.57,PayPal,No
T06235,C1152,2025-04-14,Tablet,Electronics,1,334.56,0.05,317.83,Credit Card,No
T06236,C0714,2025-05-18,Speaker,Electronics,1,164.03,0.0,164.03,Mobile Payment,No
T06237,C0664,2025-01-07,Phone,Electronics,1,778.6,0.0,778.6,Credit Card,No
T06238,C1368,2025-11-09,Phone,Electronics,2,510.03,0.0,1020.07,Credit Card,No
T06239,C0443,2025-01-26,Camera,Electronics,1,687.58,0.0,687.58,Mobile Payment,No
T06240,C0373,2025-03-09,Phone,Electronics,2,476.16,0.0,952.33,PayPal,No
T06241,C1417,2025-12-31,Headphones,Electronics,1,96.83,0.1,87.14,Debit Card,No
T06242,C1241,2025-07-30,Mouse,Electronics,1,54.78,0.15,46.56,Debit Card,No
T06243,C1260,2025-12-31,Smartwatch,Electronics,1,334.32,0.0,334.32,PayPal,Yes
T06244,C0297,2025-01-08,Speaker,Electronics,1,283.36,0.1,255.03,PayPal,No
T06245,C0220,2025-08-16,Smartwatch,Electronics,2,218.1,0.0,436.19,Debit Card,Yes
T06246,C0038,2025-01-19,Camera,Electronics,1,710.36,0.0,710.36,Mobile Payment,No
T06247,C0352,2025-12-31,Speaker,Electronics,1,250.12,0.05,237.62,Mobile Payment,No
T06248,C1188,2025-07-07,Keyboard,Electronics,3,130.54,0.0,391.63,Mobile Payment,No
T06249,C0359,2024-09-20,Headphones,Electronics,1,197.5,0.0,197.5,Mobile Payment,No
T06250,C1120,2024-12-15,Smartwatch,Electronics,1,271.88,0.0,271.88,Credit Card,No
T06251,C0380,2025-12-22,Phone,Electronics,2,869.02,0.0,1738.05,Debit Card,No
T06252,C0612,2024-09-19,Laptop,Electronics,1,1320.37,0.0,1320.37,Credit Card,No
T06253,C1477,2025-02-03,Smartwatch,Electronics,1,308.02,0.05,292.62,Credit Card,No
T06254,C0368,2025-02-18,Speaker,Electronics,1,141.8,0.15,120.53,Mobile Payment,No
T06255,C0583,2025-02-22,Headphones,Electronics,2,103.38,0.05,196.42,Mobile Payment,No
T06256,C0462,2025-03-30,Phone,Electronics,1,731.78,0.05,695.19,Mobile Payment,No
T06257,C0171,2025-10-06,Monitor,Electronics,2,187.69,0.0,375.37,PayPal,No
T06258,C0756,2025-12-31,Headphones,Electronics,1,91.22,0.0,91.22,Debit Card,No
T06259,C0587,2025-10-19,Headphones,Electronics,2,207.12,0.0,414.25,PayPal,No
T06260,C1059,2025-11-08,Keyboard,Electronics,1,94.77,0.15,80.55,Mobile Payment,No
T06261,C1256,2025-03-08,Phone,Electronics,1,425.43,0.0,425.43,Credit Card,No
T06262,C0823,2025-02-20,Headphones,Electronics,2,120.53,0.0,241.05,Debit Card,No
T06263,C0046,2025-07-01,Camera,Electronics,2,559.73,0.05,1063.49,Debit Card,No
T06264,C0937,2025-07-14,Mouse,Electronics,3,80.3,0.15,204.77,Mobile Payment,No
T06265,C0085,2025-01-31,Laptop,Electronics,1,1295.42,0.0,1295.42,Credit Card,No
T06266,C0931,2024-05-04,Monitor,Electronics,1,502.2,0.0,502.2,PayPal,No
T06267,C1041,2025-07-21,Phone,Electronics,1,346.88,0.0,346.88,Mobile Payment,Yes
T06268,C0300,2025-01-01,Speaker,Electronics,3,127.37,0.15,324.81,PayPal,No
T06269,C1258,2025-02-20,Tablet,Electronics,1,280.57,0.05,266.54,Credit Card,No
T06270,C1383,2025-12-31,Speaker,Electronics,3,51.13,0.0,153.38,PayPal,No
T06271,C1248,2025-03-15,Camera,Electronics,2,965.26,0.05,1833.99,Credit Card,No
T06272,C0471,2024-11-07,Keyboard,Electronics,3,91.4,0.05,260.48,PayPal,No
T06273,C0889,2024-11-16,Headphones,Electronics,1,82.56,0.1,74.3,PayPal,No
T06274,C1385,2024-11-02,Camera,Electronics,1,576.77,0.15,490.26,Mobile Payment,No
T06275,C0491,2024-09-04,Phone,Electronics,1,337.76,0.0,337.76,Credit Card,No
T06276,C1259,2025-04-10,Phone,Electronics,1,787.39,0.15,669.29,Credit Card,No
T06277,C0016,2025-07-26,Phone,Electronics,3,343.55,0.2,824.52,PayPal,No
T06278,C0005,2024-06-07,Keyboard,Electronics,1,77.44,0.0,77.44,Debit Card,Yes
T06279,C1161,2025-08-27,Tablet,Electronics,1,183.47,0.0,183.47,PayPal,No
T06280,C1165,2025-10-04,Speaker,Electronics,1,153.47,0.0,153.47,Mobile Payment,No
T06281,C1211,2024-06-27,Phone,Electronics,1,480.62,0.0,480.62,Debit Card,No
T06282,C1405,2025-11-09,Smartwatch,Electronics,2,268.54,0.1,483.37,Credit Card,No
T06283,C0178,2025-06-18,Phone,Electronics,1,714.95,0.05,679.21,Debit Card,No
T06284,C0346,2025-12-31,Headphones,Electronics,1,37.34,0.1,33.61,Debit Card,No
T06285,C1375,2025-10-04,Tablet,Electronics,1,234.46,0.2,187.56,Mobile Payment,No
T06286,C0271,2025-07-13,Speaker,Electronics,1,275.2,0.15,233.92,Debit Card,No
T06287,C1035,2024-09-29,Laptop,Electronics,4,1254.26,0.0,5017.04,Mobile Payment,No
T06288,C0805,2025-10-19,Mouse,Electronics,1,48.11,0.0,48.11,Mobile Payment,Yes
T06289,C0132,2025-04-27,Tablet,Electronics,1,258.2,0.1,232.38,Mobile Payment,No
T06290,C0436,2024-11-22,Smartwatch,Electronics,2,135.63,0.0,271.25,Debit Card,No
T06291,C0787,2025-10-03,Tablet,Electronics,1,489.27,0.05,464.81,Mobile Payment,No
T06292,C1300,2025-03-11,Phone,Electronics,1,864.57,0.15,734.88,Mobile Payment,No
T06293,C1082,2025-12-31,Mouse,Electronics,2,67.34,0.0,134.68,PayPal,No
T06294,C0943,2025-02-17,Tablet,Electronics,1,192.43,0.05,182.81,Mobile Payment,No
T06295,C0761,2025-12-31,Monitor,Electronics,1,442.82,0.1,398.54,Credit Card,Yes
T06296,C0461,2025-04-01,Phone,Electronics,1,864.09,0.0,864.09,PayPal,No
T06297,C0180,2025-12-03,Mouse,Electronics,1,45.48,0.0,45.48,Credit Card,No
T06298,C0635,2025-12-31,Headphones,Electronics,2,207.38,0.0,414.75,Debit Card,Yes
T06299,C0040,2025-12-31,Phone,Electronics,1,685.9,0.0,685.9,PayPal,No
T06300,C0318,2025-01-31,Mouse,Electronics,1,31.14,0.0,31.14,Credit Card,No
T06301,C0671,2025-10-21,Phone,Electronics,2,344.45,0.05,654.45,Credit Card,No
T06302,C0645,2024-11-27,Keyboard,Electronics,1,52.33,0.0,52.33,Credit Card,No
T06303,C0070,2025-04-22,Keyboard,Electronics,2,133.38,0.0,266.76,Debit Card,No
T06304,C0893,2025-12-31, phone ,Electronics,1,193.28,0.0,193.28,Credit Card,No
T06305,C0831,2024-12-28,Phone,Electronics,1,546.1,0.0,546.1,Mobile Payment,No
T06306,C0123,2025-07-16,Mouse,Electronics,3,37.39,0.0,112.16,PayPal,No
T06307,C1423,2025-06-02,Headphones,Electronics,2,202.37,0.1,364.27,Debit Card,No
T06308,C0154,2024-10-26,Headphones,Electronics,1,70.61,0.15,60.02,Credit Card,No
T06309,C1302,2025-09-29,Monitor,Electronics,2,277.62,0.0,555.25,Credit Card,No
T06310,C0001,2025-05-06,Tablet,Electronics,2,205.81,0.0,411.62,Credit Card,No
T06311,C1345,2025-12-31,Monitor,Electronics,4,273.9,0.0,1095.59,Credit Card,No
T06312,C0029,2025-01-11,Mouse,Electronics,2,93.45,0.0,186.89,PayPal,No
T06313,C1157,2025-10-05,Monitor,Electronics,2,234.42,0.0,468.84,Debit Card,No
T06314,C0554,2024-04-06,Laptop,Electronics,1,842.77,0.0,842.77,Debit Card,Yes
T06315,C1129,2025-05-04,Tablet,Electronics,1,461.99,0.0,461.99,Debit Card,No
T06316,C0623,2024-10-06,Headphones,Electronics,1,137.72,0.0,137.72,Debit Card,No
T06317,C0109,2025-05-29,Headphones,Electronics,2,63.43,0.05,120.52,Debit Card,No
T06318,C1176,2025-06-06,Phone,Electronics,1,350.27,0.15,297.73,Credit Card,No
T06319,C0109,2025-12-31,Headphones,Electronics,1,52.23,0.0,52.23,Debit Card,Yes
T06320,C1394,2024-08-05,Mouse,Electronics,3,88.19,0.15,224.89,Credit Card,No
T06321,C0080,2025-04-12,Laptop,Electronics,1,1158.1,0.05,1100.2,Mobile Payment,No
T06322,C0739,2025-05-26,Smartwatch,Electronics,1,336.5,0.05,319.67,PayPal,No
T06323,C1111,2025-03-28,Speaker,Electronics,1,83.12,0.0,83.12,Credit Card,Yes
T06324,C0606,2025-03-30,Laptop,Electronics,1,1022.42,0.0,1022.42,Debit Card,No
T06325,C0328,2025-06-25,Phone,Electronics,2,732.98,0.0,1465.96,Mobile Payment,No
T06326,C1160,2024-11-29,Keyboard,Electronics,1,58.1,0.0,58.1,Credit Card,No
T06327,C1204,2024-10-06,Phone,Electronics,1,695.04,0.0,695.04,Credit Card,No
T06328,C1395,2025-12-31,Smartwatch,Electronics,1,197.4,0.1,177.66,Debit Card,No
T06329,C0583,2025-02-08,Tablet,Electronics,3,382.49,0.0,1147.47,Debit Card,No
T06330,C0768,2024-05-01,Tablet,Electronics,1,483.15,0.0,483.15,Mobile Payment,No
T06331,C0557,2024-12-18,Laptop,Electronics,3,1027.39,0.0,3082.16,Debit Card,No
T06332,C0388,2025-12-31,Tablet,Electronics,2,565.41,0.1,1017.73,Mobile Payment,No
T06333,C1151,2025-07-31,Phone,Electronics,1,854.84,0.1,769.35,Debit Card,No
T06334,C0520,2025-12-31,Headphones,Electronics,2,141.88,0.0,283.77,Debit Card,No
T06335,C0662,2025-11-22,Phone,Electronics,2,445.39,0.0,890.77,Debit Card,No
T06336,C0626,2024-06-16,Keyboard,Electronics,2,145.47,0.2,232.75,PayPal,No
T06337,C1089,2024-12-22,Tablet,Electronics,1,260.13,0.0,260.13,PayPal,No
T06338,C1388,2024-12-28,Camera,Electronics,1,385.49,0.0,385.49,Debit Card,No
T06339,C1014,2025-04-19,Tablet,Electronics,2,423.8,0.0,847.61,Credit Card,No
T06340,C0728,2024-08-24,Phone,Electronics,2,670.38,0.05,1273.72,Credit Card,No
T06341,C1199,2025-10-01,Laptop,Electronics,1,1284.5,0.0,1284.5,Debit Card,No
T06342,C0974,2025-03-22,Mouse,Electronics,1,96.19,0.0,96.19,Mobile Payment,No
T06343,C0094,2024-08-06,Monitor,Electronics,2,543.0,0.0,1086.0,Mobile Payment,No
T06344,C0150,2025-02-24,Phone,Electronics,2,892.65,0.05,1696.04,Credit Card,No
T06345,C0055,2024-11-09,Phone,Electronics,1,559.2,0.0,559.2,Credit Card,No
T06346,C0708,2025-12-31,Speaker,Electronics,1,122.3,0.2,97.84,Credit Card,No
T06347,C1269,2025-07-03,Smartwatch,Electronics,3,193.31,0.0,579.94,Credit Card,Yes
T06348,C0482,2025-01-06,Headphones,Electronics,2,152.38,0.05,289.53,Mobile Payment,No
T06349,C0593,2025-11-30,Keyboard,Electronics,1,103.62,0.0,103.62,Mobile Payment,No
T06350,C1380,2025-08-20,Headphones,Electronics,1,150.48,0.0,150.48,Credit Card,No
T06351,C1285,2024-08-20,Laptop,Electronics,1,1320.71,0.0,1320.71,Credit Card,No
T06352,C1011,2025-02-22,Smartwatch,Electronics,2,108.09,0.0,216.17,PayPal,No
T06353,C0406,2024-08-31,Mouse,Electronics,2,25.22,0.05,47.92,Debit Card,No
T06354,C0178,2025-07-11,Headphones,Electronics,3,124.72,0.0,374.16,Credit Card,No
T06355,C0027,2025-09-10,Camera,Electronics,1,1183.59,0.0,1183.59,Debit Card,No
T06356,C0168,2025-04-05,Keyboard,Electronics,1,34.15,0.0,34.15,Credit Card,No
T06357,C0449,2025-10-29,Laptop,Electronics,2,1390.59,0.15,2364.0,Debit Card,No
T06358,C0833,2025-12-05,Tablet,Electronics,1,634.82,0.05,603.08,Credit Card,No
T06359,C0102,2024-06-19,Monitor,Electronics,2,281.67,0.1,507.01,Credit Card,Yes
T06360,C0209,2025-12-18,Phone,Electronics,2,829.15,0.05,1575.39,Debit Card,No
T06361,C0276,2025-12-31,Keyboard,Electronics,1,26.2,0.05,24.89,Debit Card,No
T06362,C0957,2025-04-11,Phone,Electronics,3,545.14,0.0,1635.42,Credit Card,No
T06363,C0931,2025-08-02,Phone,Electronics,2,511.38,0.2,818.21,PayPal,Yes
T06364,C0832,2024-12-08,Camera,Electronics,1,1112.39,0.05,1056.77,Debit Card,No
T06365,C0376,2025-03-25,Speaker,Electronics,1,162.8,0.15,138.38,PayPal,No
T06366,C0571,2025-10-09,Keyboard,Electronics,2,89.78,0.0,179.56,Credit Card,No
T06367,C0151,2025-04-04,Keyboard,Electronics,1,124.14,0.0,124.14,Mobile Payment,No
T06368,C0338,2024-09-25,Smartwatch,Electronics,1,168.98,0.0,168.98,Credit Card,No
T06369,C1368,2025-01-15,Mouse,Electronics,2,60.61,0.0,121.22,Mobile Payment,No
T06370,C1473,2025-02-28,Phone,Electronics,1,871.12,0.0,871.12,Credit Card,No
T06371,C0988,2025-01-24,Headphones,Electronics,4,68.5,0.05,260.29,Debit Card,No
T06372,C1387,2025-05-13,Keyboard,Electronics,1,96.13,0.1,86.52,Debit Card,No
T06373,C0978,2024-04-17,Headphones,Electronics,1,32.92,0.0,32.92,Debit Card,No
T06374,C0047,2025-12-31,Phone,Electronics,1,797.45,0.0,797.45,Debit Card,No
T06375,C1495,2025-01-08,Mouse,Electronics,2,22.82,0.05,43.36,Credit Card,No
T06376,C0154,2024-01-07,Phone,Electronics,1,311.6,0.0,311.6,Debit Card,No
T06377,C1036,2024-05-23,Tablet,Electronics,3,594.93,0.15,1517.08,Credit Card,No
T06378,C0382,2025-06-23,Tablet,Electronics,1,372.37,0.0,372.37,Mobile Payment,No
T06379,C0606,2024-11-13,Phone,Electronics,3,696.74,0.15,1776.69,Credit Card,No
T06380,C0986,2025-06-06,Camera,Electronics,1,1072.06,0.15,911.25,PayPal,No
T06381,C0678,2025-05-23,Keyboard,Electronics,1,83.04,0.15,70.59,Debit Card,No
T06382,C0376,2025-05-09,Camera,Electronics,2,535.39,0.0,1070.79,Credit Card,No
T06383,C0510,2025-09-01,Monitor,Electronics,1,226.28,0.0,226.28,Credit Card,No
T06384,C0524,2025-09-16,Monitor,Electronics,1,423.2,0.0,423.2,Mobile Payment,No
T06385,C1442,2024-12-30,Keyboard,Electronics,2,64.1,0.15,108.97,Mobile Payment,No
T06386,C1225,2025-09-23,Headphones,Electronics,1,150.51,0.1,135.46,Credit Card,No
T06387,C0710,2025-03-18,Monitor,Electronics,1,292.71,0.0,292.71,Credit Card,No
T06388,C0303,2025-05-24,Keyboard,Electronics,2,78.91,0.0,157.81,Credit Card,No
T06389,C1245,2025-12-31,Speaker,Electronics,3,104.77,0.0,314.31,PayPal,No
T06390,C0243,2025-12-31,Camera,Electronics,1,676.62,0.0,676.62,PayPal,No
T06391,C0317,2025-01-06,Phone,Electronics,1,355.38,0.0,355.38,Debit Card,Yes
T06392,C0561,2024-01-02,Laptop,Electronics,2,923.79,0.1,1662.83,Debit Card,No
T06393,C1343,2025-04-16,Mouse,Electronics,2,81.12,0.0,162.24,Credit Card,No
T06394,C0203,2024-10-24,Laptop,Electronics,1,850.93,0.05,808.39,Debit Card,No
T06395,C0185,2025-12-31,Laptop,Electronics,1,1362.98,0.0,1362.98,Credit Card,No
T06396,C0758,2025-01-29,Phone,Electronics,1,570.4,0.0,570.4,Credit Card,No
T06397,C0426,2024-06-20,Headphones,Electronics,1,50.31,0.05,47.8,Mobile Payment,No
T06398,C0862,2025-10-19,Headphones,Electronics,2,209.18,0.1,376.53,Debit Card,No
T06399,C0699,2025-04-24,Monitor,Electronics,1,355.51,0.0,355.51,PayPal,No
T06400,C0675,2024-09-03,Speaker,Electronics,1,184.81,0.0,184.81,Credit Card,No
T06401,C0173,2025-03-30,Headphones,Electronics,1,65.19,0.0,65.19,Mobile Payment,No
T06402,C0218,2025-11-11,Tablet,Electronics,1,336.66,0.05,319.82,Mobile Payment,No
T06403,C1261,2025-12-31,Keyboard,Electronics,4,134.06,0.0,536.26,Debit Card,Yes
T06404,C1353,2025-02-25,Phone,Electronics,1,330.58,0.0,330.58,Credit Card,No
T06405,C0349,2024-10-07,Speaker,Electronics,1,188.32,0.0,188.32,Credit Card,No
T06406,C0173,2025-10-09,Tablet,Electronics,2,505.96,0.0,1011.91,Credit Card,No
T06407,C0083,2024-09-06,Speaker,Electronics,2,40.48,0.0,80.96,Credit Card,No
T06408,C0920,2024-08-28,Headphones,Electronics,2,189.14,0.0,378.28,Mobile Payment,No
T06409,C1096,2025-12-31,Smartwatch,Electronics,1,76.34,0.0,76.34,Mobile Payment,No
T06410,C0574,2025-01-04,Mouse,Electronics,1,35.99,0.0,35.99,Debit Card,No
T06411,C1033,2024-11-09,Speaker,Electronics,2,290.52,0.0,581.04,Mobile Payment,No
T06412,C1090,2025-08-09,Keyboard,Electronics,2,37.56,0.0,75.12,PayPal,No
T06413,C1412,2025-12-31,Keyboard,Electronics,1,153.02,0.0,153.02,Debit Card,No
T06414,C0104,2025-12-31,Mouse,Electronics,1,70.42,0.1,63.38,Credit Card,No
T06415,C0292,2025-12-31,Smartwatch,Electronics,3,233.53,0.0,700.59,Credit Card,No
T06416,C0105,2025-12-24,Camera,Electronics,3,823.51,0.05,2347.02,Debit Card,No
T06417,C1320,2025-12-31,Tablet,Electronics,2,258.24,0.1,464.82,Credit Card,No
T06418,C1215,2025-07-30,Phone,Electronics,2,684.73,0.1,1232.52,Credit Card,No
T06419,C0873,2025-07-13,Laptop,Electronics,1,1366.14,0.1,1229.53,Credit Card,No
T06420,C0133,2025-12-26,Headphones,Electronics,4,44.64,0.0,178.55,Credit Card,Yes
T06421,C0420,2024-03-13,Camera,Electronics,2,599.17,0.05,1138.43,Credit Card,No
T06422,C0458,2025-10-12,Laptop,Electronics,1,1030.58,0.0,1030.58,Credit Card,No
T06423,C0847,2025-07-09,Keyboard,Electronics,1,61.01,0.1,54.9,PayPal,No
T06424,C0388,2025-05-10,Mouse,Electronics,3,77.98,0.0,233.93,Debit Card,No
T06425,C0112,2025-12-31,Camera,Electronics,3,919.76,0.1,2483.35,PayPal,No
T06426,C1122,2025-08-04,Keyboard,Electronics,1,43.26,0.0,43.26,Mobile Payment,No
T06427,C0461,2024-11-15,Phone,Electronics,1,620.15,0.0,620.15,Credit Card,No
T06428,C0700,2025-09-19,Speaker,Electronics,1,135.91,0.0,135.91,Mobile Payment,No
T06429,C0196,2025-05-31,Phone,Electronics,2,398.45,0.05,757.05,Debit Card,No
T06430,C1231,2025-12-06,Smartwatch,Electronics,1,306.01,0.15,260.1,Debit Card,No
T06431,C0857,2025-01-27,Phone,Electronics,2,285.54,0.0,571.08,PayPal,No
T06432,C1374,2025-12-13,Phone,Electronics,1,553.8,0.15,470.73,Debit Card,No
T06433,C0761,2025-05-13,Camera,Electronics,1,727.78,0.1,655.0,Credit Card,No
T06434,C1420,2025-12-14,Smartwatch,Electronics,1,225.34,0.05,214.07,PayPal,No
T06435,C1363,2025-07-18,Headphones,Electronics,2,67.54,0.0,135.09,Credit Card,No
T06436,C0874,2025-10-10,Mouse,Electronics,1,89.05,0.1,80.15,Mobile Payment,Yes
T06437,C1410,2024-11-02,Monitor,Electronics,1,584.39,0.05,555.17,Mobile Payment,No
T06438,C0497,2025-12-31,Laptop,Electronics,1,1084.27,0.0,1084.27,Credit Card,No
T06439,C0561,2024-04-30,Mouse,Electronics,2,36.77,0.15,62.51,PayPal,No
T06440,C0071,2025-08-09,Smartwatch,Electronics,2,314.28,0.05,597.13,Mobile Payment,No
T06441,C0893,2025-06-09,Camera,Electronics,1,1189.36,0.0,1189.36,Mobile Payment,No
T06442,C1110,2025-04-20,Keyboard,Electronics,1,139.99,0.0,139.99,Debit Card,No
T06443,C1185,2025-04-07,Mouse,Electronics,2,43.36,0.1,78.06,Debit Card,Yes
T06444,C0232,2025-03-09,Headphones,Electronics,1,74.84,0.0,74.84,Credit Card,No
T06445,C0694,2025-10-22,Tablet,Electronics,3,253.61,0.0,760.83,Mobile Payment,No
T06446,C0271,2024-06-30,Headphones,Electronics,1,74.64,0.0,74.64,Credit Card,No
T06447,C1008,2025-10-18,Speaker,Electronics,2,99.11,0.1,178.4,PayPal,No
T06448,C0244,2025-12-31,Phone,Electronics,1,878.82,0.15,747.0,Credit Card,No
T06449,C1375,2024-12-15,Tablet,Electronics,2,482.32,0.0,964.64,Credit Card,No
T06450,C0343,2025-11-05,Keyboard,Electronics,2,50.88,0.15,86.5,Credit Card,No
T06451,C0449,2025-12-31,Phone,Electronics,1,567.23,0.05,538.87,Credit Card,No
T06452,C1298,2024-04-15,Camera,Electronics,3,466.17,0.1,1258.67,Debit Card,No
T06453,C0710,2025-04-12,Laptop,Electronics,3,1124.21,0.1,3035.37,Mobile Payment,No
T06454,C0037,2024-11-08,Smartwatch,Electronics,3,159.01,0.0,477.02,Debit Card,No
T06455,C0759,2025-12-31,Headphones,Electronics,1,67.16,0.05,63.8,Debit Card,Yes
T06456,C0134,2024-10-14,Laptop,Electronics,1,869.95,0.15,739.46,PayPal,No
T06457,C1479,2025-05-02,Camera,Electronics,1,907.59,0.05,862.21,Debit Card,Yes
T06458,C0892,2025-04-02,Mouse,Electronics,1,49.68,0.0,49.68,Debit Card,No
T06459,C0387,2025-06-19,Laptop,Electronics,1,1059.21,0.0,1059.21,Mobile Payment,No
T06460,C0852,2025-12-31,Tablet,Electronics,1,566.03,0.0,566.03,Debit Card,No
T06461,C0119,2024-06-26,Headphones,Electronics,1,154.53,0.2,123.62,PayPal,No
T06462,C1226,2025-02-04,Tablet,Electronics,1,397.33,0.05,377.47,Mobile Payment,No
T06463,C1397,2025-02-05,Monitor,Electronics,1,579.33,0.0,579.33,Credit Card,No
T06464,C1330,2025-11-06,Monitor,Electronics,1,246.53,0.0,246.53,Debit Card,No
T06465,C0524,2025-07-31,Headphones,Electronics,2,84.91,0.1,152.84,PayPal,No
T06466,C0499,2024-08-07,Headphones,Electronics,2,203.17,0.1,365.71,Debit Card,No
T06467,C0049,2025-12-31,Monitor,Electronics,1,533.95,0.0,533.95,Mobile Payment,No
T06468,C0992,2025-12-31,Laptop,Electronics,1,791.04,0.15,672.38,Mobile Payment,No
T06469,C0809,2025-08-04,Mouse,Electronics,1,94.05,0.0,94.05,Credit Card,No
T06470,C0712,2025-09-01,Keyboard,Electronics,1,26.58,0.1,23.92,Debit Card,No
T06471,C1378,2025-05-23,Tablet,Electronics,2,566.54,0.0,1133.08,Credit Card,No
T06472,C0259,2025-12-19,Phone,Electronics,2,431.22,0.0,862.44,Debit Card,Yes
T06473,C0017,2025-01-21,Laptop,Electronics,1,832.06,0.05,790.46,Debit Card,Yes
T06474,C0113,2025-06-13,Keyboard,Electronics,2,94.55,0.0,189.1,Debit Card,No
T06475,C0335,2025-12-13,Keyboard,Electronics,2,164.05,0.0,328.1,Debit Card,No
T06476,C0047,2025-12-10,Keyboard,Electronics,1,146.81,0.0,146.81,Debit Card,No
T06477,C0765,2025-04-10,Speaker,Electronics,1,291.44,0.0,291.44,Debit Card,No
T06478,C0483,2025-12-31,Keyboard,Electronics,1,108.85,0.1,97.97,Credit Card,No
T06479,C0276,2025-09-06,Mouse,Electronics,1,58.4,0.15,49.64,Debit Card,No
T06480,C1150,2025-08-11,Phone,Electronics,1,258.47,0.0,258.47,Credit Card,No
T06481,C0308,2025-01-17,Tablet,Electronics,1,264.89,0.0,264.89,PayPal,No
T06482,C1045,2024-09-15,Tablet,Electronics,1,413.88,0.0,413.88,PayPal,No
T06483,C0531,2024-02-19,Keyboard,Electronics,1,141.65,0.1,127.48,Credit Card,No
T06484,C0774,2025-03-24,Headphones,Electronics,2,186.29,0.0,372.59,Credit Card,No
T06485,C1410,2024-09-22,Mouse,Electronics,1,39.08,0.1,35.17,Mobile Payment,No
T06486,C0053,2025-03-31,Mouse,Electronics,1,75.56,0.0,75.56,PayPal,No
T06487,C0764,2025-09-14,Laptop,Electronics,1,1279.97,0.0,1279.97,Mobile Payment,No
T06488,C1302,2025-12-18,Mouse,Electronics,1,46.86,0.0,46.86,Debit Card,No
T06489,C0892,2024-07-23,Phone,Electronics,1,702.11,0.0,702.11,Debit Card,No
T06490,C0426,2024-08-16,Monitor,Electronics,1,346.78,0.05,329.44,Debit Card,No
T06491,C0615,2025-01-02,Mouse,Electronics,1,98.78,0.0,98.78,Credit Card,No
T06492,C1033,2025-07-28,Mouse,Electronics,1,15.57,0.0,15.57,Debit Card,Yes
T06493,C1360,2025-08-02,Tablet,Electronics,2,374.74,0.0,749.48,Credit Card,No
T06494,C0061,2025-08-25,Tablet,Electronics,2,303.95,0.0,607.89,Mobile Payment,No
T06495,C0109,2025-12-31,Headphones,Electronics,2,191.45,0.1,344.61,Debit Card,No
T06496,C0499,2025-01-27,Phone,Electronics,2,436.63,0.0,873.26,Debit Card,No
T06497,C0347,2025-12-16,Speaker,Electronics,3,181.4,0.1,489.78,Credit Card,No
T06498,C0402,2025-04-28,Headphones,Electronics,1,170.65,0.0,170.65,Debit Card,No
T06499,C0330,2025-09-01,Speaker,Electronics,1,169.28,0.1,152.35,Credit Card,No
T06500,C0298,2025-05-23,Speaker,Electronics,1,146.7,0.05,139.37,Mobile Payment,No
T06501,C0201,2024-12-25,Headphones,Electronics,1,38.08,0.0,38.08,Credit Card,No
T06502,C1410,2025-01-08,Tablet,Electronics,2,190.78,0.0,381.56,Mobile Payment,No
T06503,C0221,2025-12-27,Smartwatch,Electronics,1,337.62,0.0,337.62,Debit Card,No
T06504,C0308,2024-05-08,Phone,Electronics,1,668.11,0.0,668.11,Credit Card,No
T06505,C0369,2025-12-31,Monitor,Electronics,2,521.36,0.1,938.46,Credit Card,No
T06506,C1409,2025-12-23,Phone,Electronics,2,562.28,0.15,955.88,Debit Card,No
T06507,C1154,2024-11-14,Headphones,Electronics,1,79.7,0.15,67.75,Credit Card,No
T06508,C1211,2025-09-06,Laptop,Electronics,1,906.18,0.0,906.18,Debit Card,No
T06509,C0161,2025-03-26,Tablet,Electronics,3,200.44,0.0,601.32,Credit Card,No
T06510,C1284,2025-12-31,Mouse,Electronics,1,82.23,0.1,74.0,Credit Card,Yes
T06511,C0635,2025-11-04,Speaker,Electronics,1,191.21,0.15,162.53,Debit Card,No
T06512,C0398,2025-06-28,Tablet,Electronics,2,405.98,0.0,811.95,Debit Card,No
T06513,C0873,2025-02-25,Monitor,Electronics,1,533.53,0.0,533.53,Debit Card,No
T06514,C1262,2024-07-07,Headphones,Electronics,3,114.52,0.1,309.21,Credit Card,Yes
T06515,C1198,2025-09-11,Phone,Electronics,2,866.15,0.0,1732.31,Credit Card,No
T06516,C1359,2024-12-04,Keyboard,Electronics,1,27.05,0.1,24.35,Mobile Payment,No
T06517,C1403,2024-11-15,Mouse,Electronics,1,98.69,0.0,98.69,PayPal,No
T06518,C0355,2025-03-29,Phone,Electronics,1,780.32,0.1,702.29,Mobile Payment,Yes
T06519,C0652,2025-05-08,Smartwatch,Electronics,2,162.93,0.0,325.86,Credit Card,No
T06520,C0024,2025-12-31,Mouse,Electronics,1,65.61,0.05,62.33,Credit Card,No
T06521,C1342,2025-03-10,Phone,Electronics,1,811.99,0.0,811.99,PayPal,No
T06522,C0239,2025-01-05,Mouse,Electronics,3,55.94,0.05,159.42,Debit Card,No
T06523,C1312,2025-06-14,Headphones,Electronics,2,39.7,0.05,75.43,Debit Card,No
T06524,C0503,2024-08-09,Mouse,Electronics,1,91.81,0.0,91.81,Credit Card,No
T06525,C0566,2025-05-05,Monitor,Electronics,3,382.66,0.2,918.38,Credit Card,No
T06526,C0056,2025-07-03,Laptop,Electronics,2,1081.61,0.0,2163.22,Mobile Payment,No
T06527,C0501,2025-07-13,Smartwatch,Electronics,3,63.98,0.05,182.34,Credit Card,No
T06528,C1358,2025-01-29,Keyboard,Electronics,1,40.51,0.15,34.43,Debit Card,No
T06529,C0038,2025-09-17,Mouse,Electronics,1,81.08,0.1,72.97,Debit Card,No
T06530,C0630,2025-12-01,Phone,Electronics,1,532.72,0.05,506.08,Debit Card,No
T06531,C0045,2025-12-31,Mouse,Electronics,1,99.83,0.15,84.86,PayPal,No
T06532,C0570,2024-12-29,Headphones,Electronics,2,162.18,0.0,324.36,Mobile Payment,No
T06533,C0268,2025-02-05,Smartwatch,Electronics,1,335.38,0.0,335.38,Credit Card,No
T06534,C0381,2024-06-19,Keyboard,Electronics,1,68.3,0.2,54.64,Credit Card,No
T06535,C1337,2025-04-19,Headphones,Electronics,1,63.47,0.2,50.78,Debit Card,No
T06536,C0676,2024-07-10,Phone,Electronics,1,494.78,0.05,470.04,Debit Card,No
T06537,C0421,2025-06-21,Smartwatch,Electronics,1,136.78,0.0,136.78,Credit Card,No
T06538,C0893,2025-04-19,Keyboard,Electronics,1,120.07,0.0,120.07,Debit Card,No
T06539,C0219,2024-12-20,Speaker,Electronics,1,233.55,0.15,198.52,Mobile Payment,No
T06540,C0391,2025-12-31,Headphones,Electronics,1,106.4,0.15,90.44,Debit Card,No
T06541,C0828,2025-10-02,Mouse,Electronics,3,22.64,0.0,67.91,Mobile Payment,No
T06542,C0353,2024-05-11,Keyboard,Electronics,2,29.08,0.15,49.44,Mobile Payment,No
T06543,C1033,2025-01-26,Mouse,Electronics,1,33.53,0.0,33.53,Debit Card,No
T06544,C0756,2025-09-25,Mouse,Electronics,1,77.26,0.0,77.26,PayPal,No
T06545,C1183,2024-06-11,Phone,Electronics,1,394.01,0.05,374.31,Credit Card,No
T06546,C1427,2025-05-17,Keyboard,Electronics,3,166.2,0.0,498.6,Credit Card,No
T06547,C0175,2025-10-24,Monitor,Electronics,2,443.24,0.2,709.18,Credit Card,No
T06548,C0510,2025-12-31,Headphones,Electronics,1,193.8,0.0,193.8,Credit Card,No
T06549,C0490,2024-12-30,Headphones,Electronics,3,103.3,0.0,309.91,PayPal,No
T06550,C0235,2025-08-03,Monitor,Electronics,2,592.6,0.0,1185.19,Mobile Payment,No
T06551,C1244,2025-04-25,Tablet,Electronics,1,499.36,0.1,449.43,Mobile Payment,No
T06552,C1163,2024-02-26,Tablet,Electronics,1,347.77,0.0,347.77,Debit Card,No
T06553,C0744,2024-10-14,Mouse,Electronics,2,33.07,0.05,62.83,Credit Card,No
T06554,C0811,2024-11-04,Laptop,Electronics,1,1306.57,0.0,1306.57,Credit Card,No
T06555,C0092,2024-04-01,Tablet,Electronics,1,329.51,0.0,329.51,Mobile Payment,No
T06556,C0840,2024-04-30,Mouse,Electronics,2,18.77,0.0,37.54,Mobile Payment,No
T06557,C1215,2025-05-13,Phone,Electronics,2,431.13,0.0,862.26,Debit Card,No
T06558,C0869,2025-09-11,Keyboard,Electronics,4,52.81,0.0,211.26,Credit Card,No
T06559,C0403,2025-08-17,Tablet,Electronics,1,330.27,0.0,330.27,Debit Card,No
T06560,C1015,2025-11-07,Camera,Electronics,2,851.94,0.0,1703.88,Mobile Payment,No
T06561,C0554,2024-02-21,Headphones,Electronics,3,125.08,0.0,375.25,Debit Card,No
T06562,C0824,2025-09-09,Phone,Electronics,2,712.05,0.0,1424.11,Mobile Payment,No
T06563,C0752,2024-06-17,Keyboard,Electronics,2,76.74,0.0,153.49,Credit Card,No
T06564,C0588,2025-01-16,Phone,Electronics,1,327.88,0.15,278.69,Mobile Payment,No
T06565,C1103,2024-06-15,Smartwatch,Electronics,2,106.48,0.05,202.31,PayPal,No
T06566,C1349,2025-10-05,Mouse,Electronics,1,82.77,0.0,82.77,Debit Card,No
T06567,C0009,2025-06-27,Smartwatch,Electronics,1,88.42,0.0,88.42,Debit Card,No
T06568,C1410,2024-08-29,Headphones,Electronics,3,181.64,0.1,490.44,Credit Card,No
T06569,C0774,2024-04-08,Camera,Electronics,4,491.37,0.1,1768.92,PayPal,No
T06570,C1066,2024-06-27,Monitor,Electronics,1,455.28,0.05,432.52,Debit Card,No
T06571,C1303,2025-08-11,Phone,Electronics,2,655.01,0.1,1179.02,Debit Card,Yes
T06572,C0723,2025-12-31,Phone,Electronics,1,313.87,0.05,298.18,Debit Card,No
T06573,C1281,2025-12-31,Mouse,Electronics,1,71.6,0.0,71.6,Credit Card,No
T06574,C0272,2024-10-06,Camera,Electronics,1,702.76,0.0,702.76,Credit Card,No
T06575,C0245,2025-12-31,Phone,Electronics,3,709.66,0.0,2128.97,Credit Card,No
T06576,C1001,2025-08-17,Camera,Electronics,1,1051.93,0.0,1051.93,PayPal,Yes
T06577,C1323,2025-06-25,Smartwatch,Electronics,1,71.45,0.1,64.31,Credit Card,No
T06578,C1364,2024-08-02,Headphones,Electronics,1,153.11,0.1,137.8,Debit Card,No
T06579,C0980,2025-05-19,Mouse,Electronics,1,23.92,0.2,19.14,Credit Card,No
T06580,C0797,2024-06-21,Phone,Electronics,1,496.27,0.0,496.27,Debit Card,No
T06581,C0506,2025-02-14,Smartwatch,Electronics,3,63.68,0.1,171.93,Credit Card,No
T06582,C1474,2025-04-05,Mouse,Electronics,1,42.93,0.1,38.64,Debit Card,No
T06583,C0490,2025-08-16,Headphones,Electronics,1,62.18,0.1,55.96,Credit Card,Yes
T06584,C1140,2025-12-31,Camera,Electronics,1,800.64,0.05,760.61,Debit Card,No
T06585,C0808,2025-09-01,Phone,Electronics,1,582.98,0.0,582.98,Mobile Payment,No
T06586,C0920,2024-03-31,Camera,Electronics,2,1013.95,0.0,2027.89,Mobile Payment,No
T06587,C0607,2025-12-31,Laptop,Electronics,3,1147.97,0.0,3443.92,Mobile Payment,No
T06588,C1452,2024-05-26,Smartwatch,Electronics,1,267.24,0.05,253.88,Credit Card,No
T06589,C0865,2025-12-31,Keyboard,Electronics,2,39.33,0.1,70.8,Debit Card,No
T06590,C1414,2024-11-10,Mouse,Electronics,1,17.36,0.0,17.36,Credit Card,No
T06591,C0014,2024-09-28,Headphones,Electronics,3,214.21,0.05,610.51,Debit Card,No
T06592,C0867,2025-12-31,Camera,Electronics,3,684.33,0.1,1847.69,Credit Card,No
T06593,C1100,2024-03-26,Tablet,Electronics,1,365.64,0.1,329.07,Credit Card,No
T06594,C1142,2025-01-07,Tablet,Electronics,2,196.46,0.05,373.27,Mobile Payment,No
T06595,C1376,2025-07-26,Tablet,Electronics,3,235.89,0.05,672.28,PayPal,No
T06596,C0005,2025-06-11,Smartwatch,Electronics,1,332.74,0.2,266.19,Debit Card,No
T06597,C0001,2024-08-21,Monitor,Electronics,1,462.68,0.1,416.41,Debit Card,No
T06598,C0728,2024-08-09,Keyboard,Electronics,1,88.43,0.1,79.59,Debit Card,No
T06599,C0041,2024-12-02,Camera,Electronics,1,1114.04,0.1,1002.63,Credit Card,No
T06600,C1465,2025-12-31,Camera,Electronics,2,830.9,0.2,1329.45,Mobile Payment,Yes
T06601,C0332,2025-07-20,Phone,Electronics,1,735.2,0.0,735.2,Debit Card,No
T06602,C0729,2025-06-03,Keyboard,Electronics,3,91.9,0.05,261.91,Credit Card,No
T06603,C0095,2024-08-07,Phone,Electronics,1,530.49,0.1,477.44,Debit Card,No
T06604,C0792,2025-03-04,Camera,Electronics,1,361.52,0.0,361.52,PayPal,No
T06605,C0587,2024-12-03,Camera,Electronics,2,960.58,0.15,1632.98,Mobile Payment,No
T06606,C0071,2025-01-25,Camera,Electronics,1,389.21,0.0,389.21,PayPal,No
T06607,C0511,2025-09-25,Mouse,Electronics,1,79.96,0.0,79.96,Credit Card,No
T06608,C0606,2024-11-06,Monitor,Electronics,1,235.89,0.05,224.09,Debit Card,No
T06609,C1485,2025-06-10,Headphones,Electronics,1,77.0,0.0,77.0,Debit Card,No
T06610,C0313,2025-11-08,Headphones,Electronics,2,204.4,0.0,408.8,Credit Card,Yes
T06611,C0824,2025-03-25,Laptop,Electronics,1,1030.1,0.2,824.08,Debit Card,No
T06612,C1481,2024-11-24,Speaker,Electronics,2,72.56,0.0,145.13,Mobile Payment,No
T06613,C1215,2025-04-26,Monitor,Electronics,3,557.29,0.0,1671.86,Debit Card,No
T06614,C1489,2024-06-28,Speaker,Electronics,1,157.62,0.0,157.62,Mobile Payment,No
T06615,C1457,2025-08-10,Camera,Electronics,1,417.5,0.1,375.75,PayPal,No
T06616,C0755,2025-01-29,Smartwatch,Electronics,1,173.34,0.0,173.34,PayPal,No
T06617,C1061,2025-12-31,Keyboard,Electronics,2,116.35,0.0,232.69,Debit Card,No
T06618,C0172,2025-07-21,Phone,Electronics,2,485.52,0.0,971.04,Credit Card,No
T06619,C0688,2024-09-06,Tablet,Electronics,1,614.43,0.0,614.43,Mobile Payment,No
T06620,C1240,2025-06-23,Keyboard,Electronics,1,66.8,0.2,53.44,PayPal,No
T06621,C0767,2024-12-25,Laptop,Electronics,1,823.08,0.1,740.77,Credit Card,No
T06622,C1071,2025-05-20,Laptop,Electronics,1,854.67,0.1,769.2,Credit Card,No
T06623,C1143,2025-12-31,Mouse,Electronics,1,22.12,0.1,19.91,PayPal,No
T06624,C0383,2025-07-30,Camera,Electronics,2,707.07,0.05,1343.43,Debit Card,Yes
T06625,C1334,2024-12-08,Camera,Electronics,1,1090.5,0.0,1090.5,Credit Card,No
T06626,C0713,2024-08-08,Phone,Electronics,1,448.47,0.0,448.47,Credit Card,No
T06627,C0316,2024-09-08,Speaker,Electronics,2,107.17,0.0,214.34,Debit Card,No
T06628,C1316,2024-12-15,Mouse,Electronics,3,86.18,0.05,245.61,PayPal,No
T06629,C0644,2025-05-19,Mouse,Electronics,1,41.01,0.2,32.81,Credit Card,Yes
T06630,C1151,2025-12-25,Tablet,Electronics,2,404.14,0.0,808.28,PayPal,No
T06631,C0828,2025-08-20,Mouse,Electronics,1,17.66,0.15,15.01,Credit Card,No
T06632,C0588,2024-12-11,Mouse,Electronics,3,39.4,0.2,94.56,PayPal,No
T06633,C1242,2025-06-13,Keyboard,Electronics,3,45.24,0.1,122.14,Mobile Payment,Yes
T06634,C0887,2025-06-15,Headphones,Electronics,2,50.11,0.0,100.22,Debit Card,No
T06635,C0606,2025-05-10,Smartwatch,Electronics,1,185.11,0.1,166.6,PayPal,No
T06636,C0171,2025-11-06,Speaker,Electronics,1,112.11,0.0,112.11,Credit Card,No
T06637,C1366,2025-12-31,Camera,Electronics,1,449.8,0.0,449.8,Mobile Payment,No
T06638,C0050,2025-12-22,Tablet,Electronics,2,420.4,0.0,840.8,Debit Card,No
T06639,C1314,2025-12-31,Headphones,Electronics,1,178.97,0.0,178.97,Debit Card,No
T06640,C0550,2025-10-20,Headphones,Electronics,2,169.62,0.0,339.25,Credit Card,No
T06641,C0970,2025-11-08,Mouse,Electronics,1,36.31,0.05,34.5,Credit Card,No
T06642,C1394,2024-09-20,Camera,Electronics,2,536.82,0.15,912.6,Credit Card,No
T06643,C0236,2025-05-27,Phone,Electronics,2,725.74,0.0,1451.47,Debit Card,Yes
T06644,C0859,2025-11-09,Speaker,Electronics,1,184.86,0.0,184.86,Credit Card,No
T06645,C1169,2024-06-29,Mouse,Electronics,2,78.11,0.0,156.21,Debit Card,No
T06646,C1157,2025-06-26,Phone,Electronics,1,250.89,0.0,250.89,Debit Card,No
T06647,C0797,2025-05-01,Headphones,Electronics,1,46.56,0.1,41.9,Debit Card,No
T06648,C0948,2024-08-02,Phone,Electronics,1,771.28,0.0,771.28,Debit Card,No
T06649,C1157,2025-01-18,Keyboard,Electronics,1,156.92,0.15,133.38,Debit Card,No
T06650,C1289,2025-03-17,Phone,Electronics,1,473.24,0.1,425.91,Debit Card,No
T06651,C1165,2025-12-31,Mouse,Electronics,1,96.46,0.0,96.46,Mobile Payment,No
T06652,C0541,2024-10-30,Mouse,Electronics,1,40.63,0.0,40.63,Credit Card,No
T06653,C1495,2025-06-21,Monitor,Electronics,3,550.63,0.0,1651.88,Credit Card,No
T06654,C0674,2025-09-09,Phone,Electronics,1,524.11,0.0,524.11,Mobile Payment,No
T06655,C0037,2024-09-02,Keyboard,Electronics,1,112.08,0.0,112.08,Debit Card,No
T06656,C0556,2024-04-09,Headphones,Electronics,2,152.22,0.1,274.0,Debit Card,No
T06657,C0196,2025-12-31,Speaker,Electronics,2,74.61,0.0,149.22,Debit Card,No
T06658,C0184,2025-12-31,Monitor,Electronics,1,166.7,0.0,166.7,Credit Card,No
T06659,C0429,2025-12-31,Laptop,Electronics,1,998.76,0.0,998.76,PayPal,No
T06660,C0083,2025-05-06,Mouse,Electronics,1,28.63,0.0,28.63,Credit Card,No
T06661,C1046,2025-12-31,Smartwatch,Electronics,2,219.19,0.2,350.71,PayPal,No
T06662,C0114,2025-04-21,Phone,Electronics,1,544.87,0.1,490.38,Credit Card,No
T06663,C0306,2025-02-04,Headphones,Electronics,1,53.2,0.0,53.2,PayPal,No
T06664,C0149,2025-12-31,Mouse,Electronics,1,71.59,0.1,64.43,Mobile Payment,No
T06665,C0100,2025-12-31,Laptop,Electronics,1,714.35,0.0,714.35,Debit Card,No
T06666,C0409,2025-03-04,Laptop,Electronics,1,788.47,0.0,788.47,Debit Card,No
T06667,C0866,2025-07-01,Mouse,Electronics,2,74.51,0.0,149.03,Debit Card,No
T06668,C1452,2025-05-10,Mouse,Electronics,1,59.87,0.0,59.87,Debit Card,No
T06669,C1334,2024-10-05,Camera,Electronics,2,553.74,0.05,1052.11,Credit Card,No
T06670,C1334,2024-03-28,Headphones,Electronics,2,64.25,0.0,128.49,Mobile Payment,No
T06671,C0270,2025-12-23,Headphones,Electronics,1,152.03,0.0,152.03,Debit Card,Yes
T06672,C0402,2024-03-15,Keyboard,Electronics,1,56.87,0.0,56.87,PayPal,Yes
T06673,C0117,2024-04-23,Smartwatch,Electronics,2,345.54,0.05,656.52,Debit Card,No
T06674,C1197,2024-09-10,Mouse,Electronics,3,88.89,0.0,266.67,Debit Card,No
T06675,C0107,2025-07-01,Tablet,Electronics,1,242.11,0.05,230.01,Mobile Payment,No
T06676,C0843,2025-09-16,Headphones,Electronics,1,193.24,0.0,193.24,Debit Card,No
T06677,C0372,2025-12-31,Smartwatch,Electronics,2,160.06,0.0,320.12,Debit Card,No
T06678,C0365,2025-05-13,Keyboard,Electronics,1,100.95,0.1,90.85,Debit Card,No
T06679,C1486,2025-12-18,Phone,Electronics,1,342.84,0.0,342.84,Mobile Payment,No
T06680,C1155,2025-02-02,Phone,Electronics,2,327.07,0.15,556.02,Debit Card,No
T06681,C1285,2024-12-28,Camera,Electronics,2,1078.94,0.0,2157.89,Mobile Payment,No
T06682,C0866,2025-11-07,Speaker,Electronics,2,203.77,0.0,407.55,Debit Card,No
T06683,C1325,2025-09-19,Headphones,Electronics,2,117.49,0.0,234.98,Mobile Payment,No
T06684,C0984,2025-05-15,Headphones,Electronics,1,36.87,0.05,35.03,Debit Card,No
T06685,C1426,2025-04-16,Phone,Electronics,1,849.28,0.1,764.35,Credit Card,No
T06686,C0429,2025-07-30,Tablet,Electronics,1,356.76,0.2,285.41,Debit Card,No
T06687,C0902,2025-12-31,Headphones,Electronics,2,109.16,0.1,196.49,PayPal,No
T06688,C1050,2025-06-21,Tablet,Electronics,1,316.21,0.0,316.21,Mobile Payment,No
T06689,C0606,2025-05-16,Mouse,Electronics,2,90.76,0.05,172.44,Credit Card,No
T06690,C1342,2025-02-16,Keyboard,Electronics,1,78.41,0.05,74.49,Debit Card,No
T06691,C1474,2025-11-08,Smartwatch,Electronics,2,110.53,0.0,221.06,Debit Card,No
T06692,C0758,2025-08-28,Mouse,Electronics,2,57.55,0.0,115.09,Debit Card,No
T06693,C0606,2025-03-15,Phone,Electronics,2,757.97,0.0,1515.94,Debit Card,No
T06694,C0728,2024-08-14,Phone,Electronics,1,491.37,0.1,442.23,Debit Card,No
T06695,C1300,2025-04-10,Camera,Electronics,2,886.84,0.0,1773.68,Debit Card,No
T06696,C0984,2025-02-02,Smartwatch,Electronics,3,148.23,0.1,400.21,Debit Card,No
T06697,C0071,2025-08-05,Monitor,Electronics,1,473.89,0.05,450.2,Credit Card,No
T06698,C0821,2025-05-07,Phone,Electronics,3,684.67,0.0,2054.01,Debit Card,No
T06699,C0027,2025-01-05,Camera,Electronics,1,912.68,0.0,912.68,Debit Card,No
T06700,C1198,2025-10-30,Tablet,Electronics,3,483.58,0.0,1450.73,Debit Card,No
T06701,C0501,2025-02-14,Laptop,Electronics,2,809.42,0.2,1295.07,Mobile Payment,No
T06702,C0728,2024-10-04,Speaker,Electronics,2,270.88,0.0,541.76,PayPal,No
T06703,C1225,2025-11-27,Smartwatch,Electronics,1,229.87,0.1,206.88,Mobile Payment,No
T06704,C0073,2025-09-02,Mouse,Electronics,1,47.5,0.05,45.13,Debit Card,No
T06705,C0245,2025-12-31,Laptop,Electronics,1,820.63,0.05,779.6,PayPal,No
T06706,C0615,2024-11-19,Monitor,Electronics,2,502.61,0.1,904.7,Debit Card,No
T06707,C0342,2025-08-23,Mouse,Electronics,1,58.27,0.0,58.27,PayPal,No
T06708,C0516,2025-12-02,Smartwatch,Electronics,1,102.71,0.05,97.58,Debit Card,No
T06709,C1497,2024-06-10,Monitor,Electronics,2,564.64,0.1,1016.35,Credit Card,No
T06710,C1269,2025-06-14,Speaker,Electronics,1,67.58,0.2,54.07,Mobile Payment,No
T06711,C1349,2025-10-18,Tablet,Electronics,2,426.38,0.1,767.49,PayPal,No
T06712,C1414,2024-08-28,Laptop,Electronics,1,1127.41,0.15,958.3,PayPal,No
T06713,C0522,2025-06-01,Headphones,Electronics,1,219.81,0.1,197.83,Debit Card,No
T06714,C0456,2025-12-16,Mouse,Electronics,2,26.98,0.1,48.56,PayPal,No
T06715,C0349,2025-03-22,Mouse,Electronics,2,67.15,0.15,114.16,Debit Card,No
T06716,C1272,2024-08-05,Mouse,Electronics,1,55.52,0.0,55.52,Credit Card,No
T06717,C1033,2024-10-17,Phone,Electronics,1,417.12,0.05,396.27,Credit Card,Yes
T06718,C0352,2025-12-31,Camera,Electronics,3,1147.99,0.0,3443.97,Debit Card,No
T06719,C0584,2025-05-10,Tablet,Electronics,1,551.7,0.0,551.7,Debit Card,No
T06720,C0768,2025-04-10,Phone,Electronics,1,755.09,0.1,679.58,Debit Card,No
T06721,C0800,2025-12-31,Keyboard,Electronics,1,164.37,0.2,131.5,Debit Card,No
T06722,C1358,2024-05-19,Phone,Electronics,2,721.28,0.0,1442.56,PayPal,No
T06723,C0588,2024-04-30,Monitor,Electronics,1,378.03,0.05,359.13,Mobile Payment,No
T06724,C1378,2025-10-22,Headphones,Electronics,1,104.39,0.1,93.95,Debit Card,No
T06725,C0688,2025-06-24,Tablet,Electronics,2,510.94,0.0,1021.89,PayPal,No
T06726,C1145,2025-05-07,Tablet,Electronics,1,463.32,0.0,463.32,Mobile Payment,Yes
T06727,C1405,2025-09-01,Headphones,Electronics,1,133.15,0.0,133.15,Credit Card,No
T06728,C1378,2025-05-30,Headphones,Electronics,3,141.92,0.15,361.9,PayPal,No
T06729,C0089,2025-06-26,Headphones,Electronics,1,154.52,0.0,154.52,Mobile Payment,No
T06730,C0309,2024-08-29,Mouse,Electronics,2,97.34,0.0,194.68,PayPal,No
T06731,C0735,2025-01-18,Phone,Electronics,1,739.55,0.05,702.58,Credit Card,No
T06732,C0670,2025-01-27,Keyboard,Electronics,3,52.35,0.0,157.04,Debit Card,No
T06733,C0974,2025-08-19,Mouse,Electronics,1,54.68,0.0,54.68,Credit Card,No
T06734,C1425,2025-12-31,Smartwatch,Electronics,2,256.69,0.0,513.38,Mobile Payment,No
T06735,C0173,2025-08-02,Camera,Electronics,1,458.09,0.2,366.47,Mobile Payment,No
T06736,C0699,2025-08-29,Phone,Electronics,1,856.26,0.0,856.26,Debit Card,No
T06737,C0292,2025-05-06,Phone,Electronics,1,300.07,0.0,300.07,Mobile Payment,No
T06738,C1366,2025-03-26,Keyboard,Electronics,1,119.7,0.05,113.72,Credit Card,No
T06739,C1452,2025-06-24,Smartwatch,Electronics,1,343.02,0.1,308.72,Credit Card,Yes
T06740,C0738,2024-06-26,Tablet,Electronics,1,522.1,0.0,522.1,Debit Card,No
T06741,C0160,2025-03-26,Monitor,Electronics,2,454.77,0.0,909.53,Mobile Payment,No
T06742,C1205,2024-08-09,Smartwatch,Electronics,2,349.25,0.0,698.5,Debit Card,No
T06743,C1062,2025-03-19,Smartwatch,Electronics,1,289.62,0.1,260.66,Mobile Payment,No
T06744,C0541,2025-04-04,Mouse,Electronics,1,97.47,0.0,97.47,Debit Card,No
T06745,C1356,2024-01-23,Laptop,Electronics,1,1189.22,0.0,1189.22,Debit Card,No
T06746,C1467,2024-11-14,Laptop,Electronics,1,1165.82,0.2,932.66,Mobile Payment,No
T06747,C0844,2025-05-01,Headphones,Electronics,1,174.89,0.05,166.14,Credit Card,No
T06748,C0858,2024-11-17,Laptop,Electronics,1,832.13,0.0,832.13,Debit Card,No
T06749,C0457,2025-11-03,Speaker,Electronics,1,249.5,0.1,224.55,Debit Card,No
T06750,C0887,2025-01-05,Laptop,Electronics,3,1379.1,0.0,4137.29,Credit Card,No
T06751,C0686,2025-12-25,Laptop,Electronics,1,1128.15,0.0,1128.15,Debit Card,No
T06752,C0465,2025-04-11,Phone,Electronics,1,258.03,0.0,258.03,Debit Card,No
T06753,C0104,2025-09-22,Keyboard,Electronics,2,36.17,0.1,65.11,Debit Card,No
T06754,C0382,2025-11-08,Keyboard,Electronics,1,61.38,0.0,61.38,PayPal,No
T06755,C0300,2024-12-04,Mouse,Electronics,2,56.74,0.0,113.49,Credit Card,No
T06756,C0821,2024-08-26,Camera,Electronics,1,672.38,0.0,672.38,Mobile Payment,No
T06757,C0909,2025-06-26,Monitor,Electronics,1,590.65,0.1,531.58,Debit Card,No
T06758,C0920,2024-07-27,Laptop,Electronics,2,1361.91,0.1,2451.44,Mobile Payment,No
T06759,C0604,2025-12-15,Smartwatch,Electronics,1,173.89,0.05,165.2,Debit Card,No
T06760,C0649,2025-01-16,Smartwatch,Electronics,1,290.35,0.15,246.8,Debit Card,No
T06761,C1279,2025-12-22,Laptop,Electronics,1,1145.45,0.0,1145.45,Mobile Payment,No
T06762,C0735,2025-02-27,Tablet,Electronics,2,294.27,0.0,588.55,Credit Card,No
T06763,C1482,2025-12-31,Smartwatch,Electronics,1,330.04,0.2,264.03,Credit Card,No
T06764,C0686,2024-09-05,Headphones,Electronics,4,79.31,0.0,317.23,PayPal,No
T06765,C0991,2025-12-23,Monitor,Electronics,3,541.65,0.0,1624.96,Debit Card,No
T06766,C0079,2025-09-09,Smartwatch,Electronics,1,244.92,0.0,244.92,PayPal,No
T06767,C0994,2025-12-31,Phone,Electronics,1,653.73,0.05,621.05,Debit Card,No
T06768,C1299,2025-12-31,Mouse,Electronics,1,86.26,0.05,81.95,Credit Card,No
T06769,C1422,2025-12-31,Phone,Electronics,1,571.3,0.0,571.3,PayPal,Yes
T06770,C1496,2024-08-13,Laptop,Electronics,1,1297.36,0.15,1102.76,Credit Card,No
T06771,C0430,2024-08-29,Mouse,Electronics,1,61.77,0.1,55.59,Debit Card,No
T06772,C0873,2024-06-22,Phone,Electronics,1,890.02,0.0,890.02,Debit Card,No
T06773,C0699,2025-04-04,Mouse,Electronics,2,71.09,0.0,142.19,Credit Card,No
T06774,C0852,2025-09-28,Phone,Electronics,2,493.14,0.2,789.02,Credit Card,No
T06775,C0244,2025-06-29,Laptop,Electronics,2,1234.35,0.0,2468.71,Credit Card,No
T06776,C1303,2025-12-31,Phone,Electronics,1,581.43,0.05,552.36,Mobile Payment,No
T06777,C1381,2025-11-12,Camera,Electronics,1,1025.42,0.0,1025.42,Debit Card,No
T06778,C0698,2025-09-15,Headphones,Electronics,2,188.36,0.0,376.72,PayPal,No
T06779,C0429,2025-03-16,Tablet,Electronics,2,469.95,0.0,939.9,Credit Card,No
T06780,C0217,2024-09-02,Monitor,Electronics,2,542.48,0.05,1030.72,Credit Card,No
T06781,C1040,2025-08-21,Mouse,Electronics,1,49.29,0.1,44.36,Debit Card,No
T06782,C0481,2025-07-24,Laptop,Electronics,1,740.16,0.1,666.15,Mobile Payment,No
T06783,C1381,2025-05-16,Camera,Electronics,1,896.38,0.2,717.11,Credit Card,No
T06784,C1021,2025-07-06,Speaker,Electronics,2,238.76,0.1,429.76,Mobile Payment,No
T06785,C0985,2024-04-23,Headphones,Electronics,2,43.83,0.0,87.66,Mobile Payment,No
T06786,C0845,2025-12-31,Headphones,Electronics,3,176.47,0.0,529.42,Mobile Payment,No
T06787,C0072,2025-06-25,Camera,Electronics,3,875.25,0.1,2363.16,Credit Card,No
T06788,C1408,2025-05-10,Headphones,Electronics,1,52.12,0.1,46.91,Debit Card,No
T06789,C0952,2025-12-31,Camera,Electronics,4,785.95,0.0,3143.78,Mobile Payment,No
T06790,C1490,2025-03-22,Laptop,Electronics,1,776.12,0.0,776.12,PayPal,No
T06791,C0811,2025-09-03,Monitor,Electronics,1,294.73,0.0,294.73,Debit Card,No
T06792,C1086,2025-02-24,Speaker,Electronics,1,249.04,0.05,236.58,Mobile Payment,No
T06793,C0086,2025-09-28,Tablet,Electronics,1,227.37,0.1,204.63,PayPal,No
T06794,C0956,2025-05-29,Tablet,Electronics,2,395.91,0.0,791.82,Mobile Payment,No
T06795,C1169,2025-03-18,Mouse,Electronics,1,66.49,0.1,59.84,Debit Card,No
T06796,C1198,2024-12-25,Speaker,Electronics,2,284.53,0.05,540.61,PayPal,No
T06797,C1182,2025-05-09,Phone,Electronics,2,729.22,0.0,1458.45,Debit Card,No
T06798,C0338,2025-07-12,Speaker,Electronics,2,76.2,0.1,137.17,PayPal,No
T06799,C1466,2024-05-09,Mouse,Electronics,1,97.35,0.15,82.75,Credit Card,No
T06800,C1491,2025-05-12,Speaker,Electronics,1,164.27,0.0,164.27,Debit Card,No
T06801,C0116,2025-12-31,Mouse,Electronics,2,46.43,0.0,92.85,Mobile Payment,No
T06802,C1414,2024-06-09,Mouse,Electronics,1,25.94,0.2,20.75,Debit Card,No
T06803,C0446,2025-09-26,Smartwatch,Electronics,2,330.71,0.0,661.42,PayPal,No
T06804,C1048,2024-03-21,Phone,Electronics,2,631.03,0.15,1072.76,Mobile Payment,No
T06805,C0516,2025-12-31,Speaker,Electronics,1,296.88,0.0,296.88,Debit Card,No
T06806,C1455,2024-06-11,Phone,Electronics,1,363.01,0.0,363.01,PayPal,No
T06807,C0156,2025-08-06,Laptop,Electronics,1,1082.08,0.0,1082.08,PayPal,No
T06808,C0763,2025-12-19,Mouse,Electronics,3,24.34,0.0,73.02,Debit Card,No
T06809,C0661,2025-12-31,Phone,Electronics,1,590.78,0.0,590.78,Debit Card,No
T06810,C0499,2024-10-30,Smartwatch,Electronics,2,318.04,0.0,636.08,Mobile Payment,No
T06811,C0984,2024-09-12,Smartwatch,Electronics,1,91.7,0.0,91.7,Debit Card,Yes
T06812,C0203,2025-05-04,Tablet,Electronics,1,306.73,0.1,276.06,Credit Card,No
T06813,C1099,2024-11-12,Phone,Electronics,1,693.56,0.1,624.21,Mobile Payment,No
T06814,C1474,2025-03-04,Monitor,Electronics,1,184.33,0.1,165.9,Debit Card,No
T06815,C1234,2025-08-04,Camera,Electronics,1,708.59,0.05,673.16,Debit Card,No
T06816,C1310,2025-08-31,Camera,Electronics,1,599.76,0.0,599.76,Credit Card,No
T06817,C0550,2025-12-31,Phone,Electronics,1,794.8,0.1,715.32,Debit Card,No
T06818,C0499,2024-03-31,Speaker,Electronics,2,52.76,0.1,94.97,Credit Card,No
T06819,C0783,2025-03-12,Tablet,Electronics,2,585.8,0.0,1171.59,Debit Card,No
T06820,C0072,2025-07-08,Headphones,Electronics,2,163.69,0.0,327.38,Debit Card,No
T06821,C1426,2025-04-20,Phone,Electronics,1,443.17,0.0,443.17,Mobile Payment,No
T06822,C0220,2024-08-24,Headphones,Electronics,1,67.58,0.0,67.58,Debit Card,No
T06823,C1375,2025-02-25,Mouse,Electronics,1,95.76,0.0,95.76,Debit Card,No
T06824,C0133,2025-01-02,Monitor,Electronics,3,399.26,0.1,1078.0,Debit Card,No
T06825,C1263,2025-12-31,Smartwatch,Electronics,1,159.99,0.0,159.99,PayPal,No
T06826,C0236,2025-12-31,Mouse,Electronics,1,18.78,0.0,18.78,Mobile Payment,No
T06827,C0055,2024-01-20,Tablet,Electronics,2,257.92,0.05,490.05,Credit Card,No
T06828,C1104,2025-12-31,Keyboard,Electronics,1,117.72,0.1,105.94,Mobile Payment,No
T06829,C0429,2025-12-31,Laptop,Electronics,1,1059.18,0.0,1059.18,Credit Card,No
T06830,C1093,2024-03-21,Keyboard,Electronics,1,142.43,0.0,142.43,Debit Card,No
T06831,C0839,2025-12-31,Headphones,Electronics,1,188.62,0.0,188.62,Debit Card,No
T06832,C0171,2025-12-31,Phone,Electronics,2,508.16,0.1,914.69,Debit Card,No
T06833,C1408,2025-02-11,Tablet,Electronics,2,227.44,0.0,454.87,Debit Card,No
T06834,C0700,2025-03-24,Camera,Electronics,3,1012.38,0.0,3037.13,Credit Card,No
T06835,C1125,2025-05-05,Keyboard,Electronics,1,110.83,0.0,110.83,Credit Card,No
T06836,C0764,2024-12-31,Speaker,Electronics,1,294.75,0.0,294.75,Mobile Payment,No
T06837,C0915,2025-04-03,Headphones,Electronics,1,181.31,0.0,181.31,Mobile Payment,No
T06838,C0466,2025-08-06,Speaker,Electronics,3,125.56,0.1,339.01,Mobile Payment,No
T06839,C0303,2025-06-10,Headphones,Electronics,1,111.41,0.0,111.41,Debit Card,No
T06840,C0822,2024-08-27,Smartwatch,Electronics,3,128.32,0.1,346.46,Mobile Payment,No
T06841,C0687,2025-02-06,Tablet,Electronics,1,420.64,0.0,420.64,Credit Card,No
T06842,C0604,2025-12-31,Phone,Electronics,1,711.97,0.0,711.97,Credit Card,No
T06843,C1024,2025-12-31,Camera,Electronics,3,851.24,0.0,2553.72,Credit Card,No
T06844,C1051,2025-12-31,Smartwatch,Electronics,3,159.2,,477.61,PayPal,No
T06845,C0072,2025-11-26,Smartwatch,Electronics,2,298.76,0.0,597.51,Credit Card,No
T06846,C0518,2025-12-13,Tablet,Electronics,1,229.38,0.1,206.44,Debit Card,No
T06847,C0637,2024-07-10,Mouse,Electronics,1,27.12,0.1,24.41,Credit Card,No
T06848,C0151,2024-07-30,Phone,Electronics,2,512.7,0.0,1025.41,Mobile Payment,No
T06849,C0351,2025-01-07,Laptop,Electronics,2,1191.57,0.05,2263.98,Mobile Payment,No
T06850,C0081,2025-12-31,Camera,Electronics,3,924.77,0.0,2774.3,Mobile Payment,No
T06851,C1493,2025-12-31,Monitor,Electronics,1,314.94,0.0,314.94,Credit Card,No
T06852,C1127,2025-12-31,Speaker,Electronics,1,221.12,0.2,176.89,Debit Card,No
T06853,C0141,2025-06-16,Headphones,Electronics,2,41.51,0.15,70.57,PayPal,No
T06854,C0030,2025-12-31,Speaker,Electronics,1,115.41,0.0,115.41,Credit Card,No
T06855,C1103,2025-05-18,Keyboard,Electronics,1,132.53,0.1,119.28,PayPal,No
T06856,C0683,2024-12-10,Monitor,Electronics,1,232.82,0.0,232.82,Mobile Payment,No
T06857,C1207,2025-08-19,Tablet,Electronics,2,279.97,0.1,503.95,Credit Card,Yes
T06858,C1395,2025-12-13,Smartwatch,Electronics,1,85.2,0.15,72.42,Debit Card,No
T06859,C0907,2025-02-26,Smartwatch,Electronics,2,165.7,0.0,331.39,Debit Card,No
T06860,C0285,2025-10-18,Headphones,Electronics,1,186.74,0.0,186.74,Mobile Payment,No
T06861,C1201,2025-01-09,Mouse,Electronics,1,86.09,0.15,73.18,Debit Card,No
T06862,C1438,2025-10-28,Headphones,Electronics,1,193.85,0.0,193.85,PayPal,No
T06863,C0880,2025-04-22,Mouse,Electronics,4,18.12,0.0,72.48,Credit Card,No
T06864,C1035,2024-06-30,Speaker,Electronics,2,298.31,0.0,596.61,Mobile Payment,No
T06865,C0515,2025-06-11,Tablet,Electronics,1,416.24,0.1,374.62,Credit Card,No
T06866,C0588,2025-08-08,Mouse,Electronics,2,89.18,0.0,178.36,Debit Card,No
T06867,C1125,2025-07-23,Headphones,Electronics,2,201.97,0.0,403.94,PayPal,No
T06868,C1402,2024-11-25,Keyboard,Electronics,1,104.75,0.1,94.27,Debit Card,No
T06869,C0954,2025-07-12,Camera,Electronics,1,345.98,0.15,294.08,Credit Card,No
T06870,C1211,2024-08-26,Headphones,Electronics,4,143.52,0.0,574.08,Mobile Payment,No
T06871,C0266,2024-09-29,Laptop,Electronics,2,933.87,0.0,1867.73,Debit Card,No
T06872,C0320,2024-09-28,Smartwatch,Electronics,1,119.96,0.1,107.97,Debit Card,No
T06873,C0808,2025-06-27,Keyboard,Electronics,3,53.29,0.0,159.86,Mobile Payment,No
T06874,C0271,2025-04-27,Headphones,Electronics,1,136.26,0.1,122.63,PayPal,No
T06875,C0963,2024-11-22,Phone,Electronics,2,317.91,0.05,604.03,Debit Card,No
T06876,C0449,2025-09-07,Phone,Electronics,2,784.07,0.05,1489.73,Debit Card,No
T06877,C1215,2025-07-22,Tablet,Electronics,2,286.83,0.15,487.61,Credit Card,No
T06878,C1239,2025-12-31,Mouse,Electronics,2,61.69,0.0,123.38,Debit Card,No
T06879,C0717,2025-07-12,Headphones,Electronics,1,53.84,0.0,53.84,Debit Card,No
T06880,C0276,2025-12-31,Keyboard,Electronics,2,158.24,0.2,253.19,PayPal,No
T06881,C0987,2025-05-23,Phone,Electronics,3,699.86,0.0,2099.57,Mobile Payment,No
T06882,C1489,2024-01-11,Phone,Electronics,1,384.24,0.0,384.24,Mobile Payment,Yes
T06883,C0943,2025-06-10,Laptop,Electronics,1,1201.02,0.0,1201.02,Mobile Payment,No
T06884,C0051,2025-05-21,Mouse,Electronics,1,22.05,0.1,19.84,Mobile Payment,No
T06885,C0027,2025-02-08,Tablet,Electronics,2,542.94,0.05,1031.59,PayPal,Yes
T06886,C0491,2025-02-27,Speaker,Electronics,2,167.49,0.0,334.98,PayPal,No
T06887,C0298,2024-10-20,Tablet,Electronics,2,236.49,0.0,472.97,Credit Card,No
T06888,C1248,2025-12-20,Headphones,Electronics,2,134.59,0.0,269.18,Debit Card,No
T06889,C1292,2025-08-05,Monitor,Electronics,1,240.39,0.15,204.33,Debit Card,No
T06890,C0389,2025-04-06,Tablet,Electronics,1,496.2,0.0,496.2,PayPal,No
T06891,C0499,2025-06-26,Smartwatch,Electronics,1,265.5,0.15,225.67,Debit Card,Yes
T06892,C0352,2025-12-31,Camera,Electronics,1,984.76,0.05,935.52,Mobile Payment,No
T06893,C1378,2024-12-24,Laptop,Electronics,1,1326.41,0.0,1326.41,Credit Card,No
T06894,C0765,2025-11-24,Mouse,Electronics,1,70.67,0.0,70.67,Debit Card,No
T06895,C1001,2025-01-08,Mouse,Electronics,1,56.8,0.0,56.8,Mobile Payment,No
T06896,C0643,2024-09-30,Speaker,Electronics,1,262.1,0.0,262.1,Debit Card,No
T06897,C0955,2025-06-16,Headphones,Electronics,1,200.97,0.0,200.97,PayPal,No
T06898,C0599,2025-05-09,Phone,Electronics,3,758.14,0.0,2274.42,Debit Card,No
T06899,C0520,2025-12-11,Monitor,Electronics,2,574.09,0.0,1148.19,Debit Card,No
T06900,C0962,2025-12-02,Headphones,Electronics,1,216.09,0.05,205.29,PayPal,No
T06901,C0895,2025-12-11,Smartwatch,Electronics,1,132.88,0.0,132.88,Mobile Payment,No
T06902,C0452,2025-02-21,Speaker,Electronics,2,87.76,0.05,166.75,Mobile Payment,No
T06903,C0232,2024-05-26,Phone,Electronics,3,541.59,0.0,1624.76,Credit Card,No
T06904,C0568,2024-09-26,Camera,Electronics,1,1197.23,0.0,1197.23,Mobile Payment,No
T06905,C0643,2024-11-16,Speaker,Electronics,1,63.0,0.1,56.7,Credit Card,No
T06906,C0953,2025-01-18,Speaker,Electronics,1,225.12,0.05,213.86,Debit Card,No
T06907,C1384,2025-04-13,Smartwatch,Electronics,2,306.74,0.0,613.48,Mobile Payment,No
T06908,C0051,2024-08-21,Mouse,Electronics,1,99.7,0.15,84.74,Credit Card,No
T06909,C0366,2025-12-31,Laptop,Electronics,1,1133.8,0.1,1020.42,Credit Card,No
T06910,C0295,2024-09-20,Speaker,Electronics,1,138.82,0.05,131.88,Debit Card,No
T06911,C0765,2024-11-24,Headphones,Electronics,1,61.63,0.0,61.63,Mobile Payment,No
T06912,C0664,2025-03-18,Laptop,Electronics,1,1387.23,0.0,1387.23,Debit Card,No
T06913,C1120,2024-12-10,Headphones,Electronics,2,205.6,0.0,411.2,Mobile Payment,No
T06914,C0363,2025-08-17,Mouse,Electronics,3,83.38,0.0,250.15,Credit Card,No
T06915,C0901,2024-05-22,Headphones,Electronics,1,209.32,0.0,209.32,PayPal,No
T06916,C1349,2025-02-20,Smartwatch,Electronics,2,77.65,0.1,139.77,Mobile Payment,No
T06917,C1382,2024-02-14,Monitor,Electronics,1,434.17,0.0,434.17,Credit Card,No
T06918,C1441,2025-12-29,Tablet,Electronics,1,309.15,0.15,262.78,Mobile Payment,No
T06919,C1185,2025-05-18,Phone,Electronics,2,747.63,0.0,1495.27,Credit Card,No
T06920,C1376,2025-12-27,Headphones,Electronics,1,48.19,0.0,48.19,PayPal,No
T06921,C0349,2025-12-31,Laptop,Electronics,1,881.1,0.0,881.1,Credit Card,No
T06922,C0300,2025-09-08,Headphones,Electronics,1,191.55,0.1,172.39,PayPal,No
T06923,C0012,2024-10-24,Laptop,Electronics,1,1224.61,0.0,1224.61,PayPal,No
T06924,C1078,2025-12-18,Camera,Electronics,2,1192.82,0.0,2385.64,Mobile Payment,No
T06925,C1414,2025-04-18,Keyboard,Electronics,2,124.82,0.0,249.63,Debit Card,No
T06926,C0285,2025-11-23,Mouse,Electronics,1,40.76,0.15,34.65,Mobile Payment,No
T06927,C0966,2025-08-14,Tablet,Electronics,1,437.51,0.05,415.63,Debit Card,No
T06928,C1145,2025-07-09,Phone,Electronics,3,863.58,0.0,2590.73,Credit Card,No
T06929,C1402,2025-04-21,Mouse,Electronics,1,70.4,0.0,70.4,Debit Card,No
T06930,C0987,2024-10-31,Mouse,Electronics,1,89.93,0.0,89.93,Debit Card,No
T06931,C1460,2025-06-05,Phone,Electronics,2,264.88,0.05,503.27,Debit Card,No
T06932,C0527,2025-01-21,Tablet,Electronics,3,353.69,0.0,1061.07,Credit Card,No
T06933,C0533,2025-11-10,Speaker,Electronics,1,283.18,0.1,254.86,Debit Card,No
T06934,C0823,2025-09-10,Tablet,Electronics,1,198.47,0.05,188.54,Mobile Payment,No
T06935,C0591,2025-09-19,Laptop,Electronics,1,1063.37,0.0,1063.37,PayPal,No
T06936,C0002,2025-10-19,Laptop,Electronics,4,942.57,0.0,3770.28,Credit Card,No
T06937,C1122,2025-09-21,Smartwatch,Electronics,2,247.4,0.0,494.8,Credit Card,No
T06938,C1151,2025-12-31,Smartwatch,Electronics,2,107.04,0.0,214.09,Credit Card,No
T06939,C1147,2024-10-28,Headphones,Electronics,1,154.13,0.05,146.42,Debit Card,No
T06940,C0528,2025-09-25,Phone,Electronics,3,894.7,0.0,2684.09,Debit Card,No
T06941,C0792,2024-11-23,Monitor,Electronics,1,272.02,0.0,272.02,Mobile Payment,No
T06942,C0550,2025-04-25,Headphones,Electronics,3,117.67,0.0,353.01,PayPal,No
T06943,C0027,2025-09-13,Headphones,Electronics,2,35.64,0.0,71.29,Mobile Payment,No
T06944,C0849,2025-03-19,Tablet,Electronics,2,384.0,0.0,768.01,Mobile Payment,No
T06945,C0188,2025-10-07,Laptop,Electronics,1,984.19,0.0,984.19,Debit Card,No
T06946,C0127,2025-10-25,Smartwatch,Electronics,2,223.77,0.05,425.15,Debit Card,No
T06947,C1154,2025-08-28,Keyboard,Electronics,1,64.8,0.0,64.8,PayPal,No
T06948,C0016,2025-03-18,Camera,Electronics,1,595.79,0.0,595.79,Debit Card,No
T06949,C1441,2025-10-04,Monitor,Electronics,1,424.45,0.0,424.45,Debit Card,Yes
T06950,C0780,2024-10-01,Speaker,Electronics,1,276.2,0.0,276.2,Mobile Payment,No
T06951,C1477,2025-08-14,Speaker,Electronics,1,101.15,0.05,96.09,Mobile Payment,No
T06952,C0091,2024-10-12,Tablet,Electronics,1,498.41,0.0,498.41,Debit Card,No
T06953,C0885,2024-11-23,Headphones,Electronics,1,129.54,0.05,123.06,Debit Card,No
T06954,C0532,2025-07-20,Smartwatch,Electronics,1,90.34,0.05,85.82,Debit Card,No
T06955,C1292,2025-12-31,Smartwatch,Electronics,1,223.98,0.0,223.98,Mobile Payment,No
T06956,C0553,2025-12-31,Speaker,Electronics,2,224.29,0.15,381.29,Debit Card,No
T06957,C0392,2025-10-09,Mouse,Electronics,1,65.85,0.1,59.27,Credit Card,No
T06958,C1305,2025-05-20,Monitor,Electronics,3,196.99,0.0,590.96,Debit Card,No
T06959,C0578,2025-01-27,Headphones,Electronics,1,192.36,0.0,192.36,Debit Card,No
T06960,C0027,2025-11-25,Headphones,Electronics,1,37.79,0.05,35.9,PayPal,No
T06961,C0606,2024-04-15,Camera,Electronics,1,512.4,0.0,512.4,PayPal,No
T06962,C0998,2025-04-16,Speaker,Electronics,3,200.08,0.0,600.25,PayPal,No
T06963,C0384,2025-12-31,Laptop,Electronics,1,852.61,0.0,852.61,Credit Card,No
T06964,C0671,2025-12-22,Keyboard,Electronics,3,40.78,0.0,122.34,PayPal,No
T06965,C0088,2025-11-16,Monitor,Electronics,1,380.36,0.05,361.35,Debit Card,No
T06966,C0892,2025-06-05,Headphones,Electronics,2,167.27,0.0,334.53,Debit Card,No
T06967,C1154,2025-11-19,Camera,Electronics,3,669.68,0.0,2009.04,Mobile Payment,No
T06968,C0640,2025-04-20,Keyboard,Electronics,1,133.26,0.05,126.6,Debit Card,No
T06969,C0648,2024-07-22,Tablet,Electronics,1,584.51,0.0,584.51,Credit Card,No
T06970,C0142,2025-07-21,Headphones,Electronics,3,212.17,0.0,636.51,PayPal,No
T06971,C0304,2025-03-27,Headphones,Electronics,2,74.32,0.0,148.64,Credit Card,No
T06972,C0239,2025-03-28,Headphones,Electronics,1,145.02,0.05,137.77,Debit Card,No
T06973,C0741,2025-06-05,Laptop,Electronics,3,886.81,0.1,2394.39,Debit Card,No
T06974,C0803,2025-04-06,Phone,Electronics,2,816.1,0.0,1632.19,Credit Card,No
T06975,C1429,2025-07-13,Keyboard,Electronics,1,162.99,0.0,162.99,Debit Card,No
T06976,C0112,2025-11-24,Mouse,Electronics,1,42.38,0.15,36.03,PayPal,No
T06977,C0907,2024-05-06,Mouse,Electronics,1,69.85,0.2,55.88,Debit Card,No
T06978,C0799,2025-04-18,Smartwatch,Electronics,1,317.43,0.05,301.55,Mobile Payment,No
T06979,C0782,2024-11-02,Speaker,Electronics,1,172.17,0.1,154.96,Credit Card,No
T06980,C1329,2024-06-25,Camera,Electronics,3,948.42,0.1,2560.74,Mobile Payment,No
T06981,C0309,2025-08-18,Headphones,Electronics,3,182.16,0.0,546.49,Credit Card,No
T06982,C0060,2025-08-19,Phone,Electronics,1,816.73,0.0,816.73,PayPal,No
T06983,C1024,2025-01-04,Tablet,Electronics,1,422.15,0.1,379.93,Credit Card,No
T06984,C0528,2025-12-31,Keyboard,Electronics,2,170.98,0.0,341.97,Mobile Payment,No
T06985,C0028,2025-11-07,Camera,Electronics,2,866.06,0.0,1732.12,Credit Card,No
T06986,C0379,2025-05-20,Mouse,Electronics,1,27.9,0.0,27.9,PayPal,No
T06987,C0477,2024-01-13,Keyboard,Electronics,1,119.93,0.0,119.93,Credit Card,No
T06988,C0932,2025-05-28,Keyboard,Electronics,3,71.26,0.0,213.79,PayPal,No
T06989,C0268,2025-07-11,Monitor,Electronics,2,317.44,0.0,634.88,Credit Card,No
T06990,C0640,2025-04-06,Speaker,Electronics,1,250.3,0.0,250.3,PayPal,No
T06991,C0742,2025-05-13,Smartwatch,Electronics,2,342.27,0.0,684.54,Mobile Payment,No
T06992,C0711,2025-11-11,Smartwatch,Electronics,2,312.26,0.05,593.29,Mobile Payment,No
T06993,C1465,2025-12-31,Monitor,Electronics,3,296.61,0.1,800.85,Debit Card,No
T06994,C0071,2025-07-19,Headphones,Electronics,3,116.2,0.0,348.59,Debit Card,No
T06995,C1432,2025-05-07,Laptop,Electronics,1,1388.45,0.1,1249.6,PayPal,No
T06996,C0881,2025-06-26,Laptop,Electronics,1,1346.47,0.0,1346.47,Mobile Payment,No
T06997,C1219,2025-12-19,Laptop,Electronics,1,1383.86,0.05,1314.67,PayPal,No
T06998,C0665,2025-10-28,Speaker,Electronics,1,152.56,0.0,152.56,Mobile Payment,No
T06999,C0702,2025-08-18,Phone,Electronics,1,770.37,0.0,770.37,Mobile Payment,No
T07000,C1342,2025-03-17,Phone,Electronics,3,816.29,0.1,2203.99,PayPal,No
T07001,C1367,2025-04-27,Monitor,Electronics,2,169.92,0.0,339.84,Credit Card,No
T07002,C0356,2025-07-13,Monitor,Electronics,1,269.74,0.0,269.74,Mobile Payment,Yes
T07003,C0302,2025-11-24,Speaker,Electronics,3,269.71,0.05,768.66,Debit Card,No
T07004,C0761,2025-01-06,Laptop,Electronics,3,972.12,0.0,2916.36,Credit Card,No
T07005,C1372,2024-09-25,Speaker,Electronics,3,112.44,0.05,320.46,PayPal,No
T07006,C0495,2025-03-29,Phone,Electronics,2,427.25,0.05,811.77,PayPal,No
T07007,C0993,2025-01-17,Speaker,Electronics,1,137.61,0.0,137.61,Debit Card,No
T07008,C1084,2025-12-31,Keyboard,Electronics,2,62.81,0.05,119.35,Debit Card,No
T07009,C1198,2025-06-24,Mouse,Electronics,1,15.29,0.1,13.76,Debit Card,No
T07010,C0852,2025-12-31,Tablet,Electronics,2,261.12,0.0,522.24,Credit Card,No
T07011,C0624,2024-07-10,Keyboard,Electronics,1,161.8,0.05,153.71,Debit Card,No
T07012,C1454,2024-08-19,Mouse,Electronics,3,21.43,0.05,61.08,Mobile Payment,No
T07013,C0925,2025-01-23,Laptop,Electronics,3,989.1,0.0,2967.3,Credit Card,No
T07014,C1119,2025-12-31,Laptop,Electronics,1,1019.54,0.05,968.56,Debit Card,No
T07015,C0528,2025-06-03,Speaker,Electronics,2,242.32,0.05,460.41,Credit Card,No
T07016,C1020,2025-12-31,Monitor,Electronics,2,263.67,0.0,527.33,Credit Card,No
T07017,C0388,2025-12-31,Speaker,Electronics,1,120.51,0.0,120.51,Debit Card,No
T07018,C0368,2025-12-31,Mouse,Electronics,1,16.21,0.15,13.78,Credit Card,No
T07019,C1093,2024-11-03,Headphones,Electronics,1,201.54,0.0,201.54,Mobile Payment,No
T07020,C0791,2025-12-31,Phone,Electronics,4,695.61,0.0,2782.45,Mobile Payment,No
T07021,C1039,2025-12-31,Speaker,Electronics,3,108.34,0.05,308.77,Credit Card,No
T07022,C0412,2025-12-31,Keyboard,Electronics,1,162.56,0.2,130.05,Mobile Payment,No
T07023,C0905,2025-09-30,Phone,Electronics,1,306.28,0.0,306.28,Credit Card,No
T07024,C0694,2025-04-29,Mouse,Electronics,1,46.31,0.1,41.68,Credit Card,No
T07025,C0904,2025-06-28,Phone,Electronics,1,616.34,0.0,616.34,PayPal,No
T07026,C0448,2024-11-21,Camera,Electronics,1,754.96,0.0,754.96,Debit Card,No
T07027,C1097,2025-05-18,Phone,Electronics,1,675.69,0.2,540.55,Debit Card,No
T07028,C1236,2024-10-12,Tablet,Electronics,1,319.87,0.1,287.88,Credit Card,No
T07029,C0392,2024-11-17,Phone,Electronics,1,742.6,0.0,742.6,Mobile Payment,No
T07030,C0462,2025-05-08,Phone,Electronics,2,513.54,0.0,1027.08,Mobile Payment,No
T07031,C1006,2025-12-31,Monitor,Electronics,1,206.38,0.0,206.38,Mobile Payment,No
T07032,C1059,2024-09-13,Mouse,Electronics,2,77.93,0.0,155.87,Credit Card,No
T07033,C1072,2025-12-31,Smartwatch,Electronics,2,324.46,0.0,648.93,PayPal,No
T07034,C1037,2024-04-05,Mouse,Electronics,2,45.98,0.0,91.95,PayPal,No
T07035,C0606,2025-04-13,Headphones,Electronics,3,142.03,0.0,426.1,Mobile Payment,No
T07036,C0612,2025-02-09,Keyboard,Electronics,2,131.61,0.2,210.58,PayPal,No
T07037,C0385,2025-02-13,Speaker,Electronics,1,256.2,0.0,256.2,PayPal,No
T07038,C0242,2025-09-06,Headphones,Electronics,1,67.62,0.0,67.62,Credit Card,No
T07039,C1055,2024-12-18,Tablet,Electronics,1,447.89,0.0,447.89,Mobile Payment,No
T07040,C0149,2025-10-30,Monitor,Electronics,1,483.16,0.05,459.01,Credit Card,No
T07041,C1414,2025-03-28,Tablet,Electronics,2,273.59,0.0,547.18,Credit Card,Yes
T07042,C1269,2025-01-08,Tablet,Electronics,1,402.07,0.1,361.86,Mobile Payment,No
T07043,C1305,2025-08-06,Smartwatch,Electronics,1,194.67,0.1,175.2,Credit Card,Yes
T07044,C1378,2025-03-20,Camera,Electronics,1,1055.41,0.2,844.33,Credit Card,No
T07045,C0635,2025-12-31,Monitor,Electronics,3,499.79,0.0,1499.36,Credit Card,No
T07046,C1294,2025-10-03,Smartwatch,Electronics,1,127.26,0.2,101.81,Credit Card,No
T07047,C0244,2025-12-31,Phone,Electronics,1,401.42,0.0,401.42,PayPal,No
T07048,C0033,2025-04-06,Keyboard,Electronics,1,137.12,0.05,130.26,Debit Card,No
T07049,C1204,2025-03-08,Mouse,Electronics,1,77.87,0.0,77.87,Credit Card,No
T07050,C0115,2025-02-07,Monitor,Electronics,1,230.5,0.0,230.5,Credit Card,No
T07051,C1483,2025-09-11,Phone,Electronics,3,517.27,0.0,1551.8,PayPal,No
T07052,C1026,2025-01-03,Mouse,Electronics,1,85.19,0.0,85.19,Debit Card,No
T07053,C1152,2025-04-17,Camera,Electronics,3,371.48,0.0,1114.44,Debit Card,No
T07054,C0369,2025-12-31,Mouse,Electronics,3,46.78,0.05,133.33,Credit Card,No
T07055,C1026,2025-11-16,Phone,Electronics,1,668.95,0.05,635.5,Debit Card,Yes
T07056,C0068,2025-08-20,Laptop,Electronics,1,1239.76,0.0,1239.76,Debit Card,No
T07057,C1287,2025-01-09,Tablet,Electronics,2,486.75,0.2,778.8,Debit Card,No
T07058,C0260,2025-10-18,Laptop,Electronics,1,978.26,0.0,978.26,Debit Card,No
T07059,C1062,2024-08-22,Camera,Electronics,3,1192.76,0.0,3578.27,Credit Card,No
T07060,C0336,2025-07-28,Mouse,Electronics,1,18.53,0.0,18.53,Mobile Payment,No
T07061,C0105,2025-12-31,Keyboard,Electronics,1,101.69,0.05,96.6,Debit Card,No
T07062,C0741,2025-12-31,Camera,Electronics,1,759.05,0.15,645.19,PayPal,No
T07063,C0260,2025-03-23,Phone,Electronics,3,405.86,0.05,1156.71,Debit Card,No
T07064,C1120,2025-02-24,Mouse,Electronics,2,62.49,0.0,124.98,Debit Card,No
T07065,C0353,2024-09-25,Phone,Electronics,2,393.04,0.1,707.47,PayPal,No
T07066,C0524,2025-03-09,Laptop,Electronics,3,1010.39,0.0,3031.17,Debit Card,No
T07067,C0860,2025-12-31,Phone,Electronics,3,530.56,0.0,1591.69,PayPal,No
T07068,C0435,2024-04-11,Speaker,Electronics,1,241.01,0.0,241.01,Debit Card,No
T07069,C0586,2025-06-22,Headphones,Electronics,2,209.09,0.15,355.46,Credit Card,No
T07070,C1252,2025-05-23,Laptop,Electronics,2,841.99,0.0,1683.98,Credit Card,No
T07071,C0274,2024-10-18,Keyboard,Electronics,1,178.69,0.05,169.75,Debit Card,No
T07072,C0130,2024-11-05,Phone,Electronics,1,861.21,0.0,861.21,Credit Card,No
T07073,C0502,2025-11-23,Laptop,Electronics,3,778.86,0.05,2219.74,Credit Card,No
T07074,C0655,2025-04-25,Smartwatch,Electronics,1,324.59,0.0,324.59,Mobile Payment,No
T07075,C0822,2025-01-26,Phone,Electronics,1,616.98,0.2,493.58,Debit Card,No
T07076,C0574,2025-12-13,Speaker,Electronics,1,268.53,0.0,268.53,Debit Card,No
T07077,C1211,2025-02-03,Keyboard,Electronics,1,171.57,0.0,171.57,Debit Card,No
T07078,C0057,2024-12-22,Phone,Electronics,1,808.29,0.0,808.29,PayPal,No
T07079,C0670,2024-10-03,Phone,Electronics,1,511.87,0.1,460.68,PayPal,No
T07080,C0590,2025-12-31,Keyboard,Electronics,1,123.7,0.0,123.7,Debit Card,No
T07081,C0988,2024-08-14,Headphones,Electronics,1,118.31,0.0,118.31,Credit Card,Yes
T07082,C1454,2024-05-30,Keyboard,Electronics,1,81.8,0.0,81.8,Credit Card,No
T07083,C0773,2025-04-11,Smartwatch,Electronics,2,132.71,0.0,265.41,Debit Card,No
T07084,C1481,2024-09-01,Smartwatch,Electronics,3,188.04,0.1,507.7,Debit Card,No
T07085,C0465,2024-09-18,Mouse,Electronics,1,83.51,0.15,70.98,PayPal,No
T07086,C0045,2025-12-15,Camera,Electronics,2,1059.62,0.1,1907.32,Mobile Payment,No
T07087,C0255,2025-11-03,Phone,Electronics,4,872.7,0.1,3141.73,Debit Card,No
T07088,C0612,2025-02-04,Phone,Electronics,2,438.9,0.0,877.8,Credit Card,No
T07089,C0485,2025-03-29,Smartwatch,Electronics,1,248.62,0.1,223.75,Debit Card,No
T07090,C0151,2024-12-31,Tablet,Electronics,3,506.08,0.1,1366.41,Credit Card,No
T07091,C0671,2025-12-31,Monitor,Electronics,2,236.1,0.0,472.2,Credit Card,No
T07092,C0516,2025-12-21,Mouse,Electronics,1,46.18,0.0,46.18,Debit Card,No
T07093,C0186,2025-12-31,Headphones,Electronics,1,95.03,0.0,95.03,Mobile Payment,No
T07094,C0455,2025-07-15,Phone,Electronics,3,890.84,0.2,2138.02,Credit Card,No
T07095,C1354,2024-06-05,Mouse,Electronics,2,96.46,0.0,192.92,Debit Card,No
T07096,C0464,2024-08-23,Smartwatch,Electronics,1,298.31,0.2,238.65,Debit Card,No
T07097,C1092,2025-12-31,Laptop,Electronics,2,1030.99,0.0,2061.97,Mobile Payment,No
T07098,C0927,2024-09-29,Keyboard,Electronics,1,65.93,0.0,65.93,PayPal,No
T07099,C0660,2025-12-31,Monitor,Electronics,1,562.18,0.0,562.18,Debit Card,No
T07100,C0358,2025-08-10,Tablet,Electronics,1,305.98,0.0,305.98,Debit Card,Yes
T07101,C0568,2025-04-15,Phone,Electronics,1,589.26,0.15,500.87,Debit Card,No
T07102,C0897,2025-12-31,Phone,Electronics,1,409.3,0.05,388.83,Debit Card,No
T07103,C0535,2024-10-13,Mouse,Electronics,1,97.56,0.0,97.56,PayPal,No
T07104,C0325,2024-10-08,Keyboard,Electronics,1,31.47,0.05,29.9,Debit Card,No
T07105,C0177,2025-08-29,Speaker,Electronics,1,85.33,0.0,85.33,Credit Card,No
T07106,C1342,2024-01-30,Tablet,Electronics,1,539.57,0.15,458.64,Credit Card,No
T07107,C0687,2024-04-28,Speaker,Electronics,1,79.38,0.0,79.38,Credit Card,No
T07108,C0948,2025-07-07,Monitor,Electronics,2,590.71,0.05,1122.34,PayPal,No
T07109,C0756,2025-10-09,Phone,Electronics,2,458.88,0.1,825.98,Mobile Payment,No
T07110,C1329,2024-10-14,Phone,Electronics,2,847.12,0.15,1440.1,Debit Card,No
T07111,C0828,2025-12-31,Keyboard,Electronics,1,127.65,0.1,114.89,Credit Card,Yes
T07112,C0741,2025-12-31,Camera,Electronics,2,870.71,0.15,1480.2,PayPal,No
T07113,C1396,2025-07-06,Mouse,Electronics,1,92.81,0.0,92.81,PayPal,No
T07114,C1104,2025-06-13,Mouse,Electronics,1,58.63,0.1,52.77,PayPal,No
T07115,C0173,2025-04-29,Phone,Electronics,1,510.51,0.0,510.51,PayPal,No
T07116,C0272,2024-07-26,Phone,Electronics,3,391.45,0.05,1115.65,PayPal,No
T07117,C1207,2025-02-13,Laptop,Electronics,1,801.18,0.0,801.18,PayPal,No
T07118,C1283,2025-07-13,Phone,Electronics,1,764.65,0.0,764.65,Mobile Payment,No
T07119,C0824,2025-07-30,Smartwatch,Electronics,2,97.1,0.05,184.49,Mobile Payment,No
T07120,C0837,2025-01-26,Camera,Electronics,1,654.62,0.0,654.62,Credit Card,No
T07121,C0957,2025-09-07,Tablet,Electronics,1,372.33,0.0,372.33,PayPal,No
T07122,C0683,2024-06-11,Smartwatch,Electronics,3,252.7,0.0,758.11,Mobile Payment,No
T07123,C1033,2025-06-01,Phone,Electronics,2,431.03,0.1,775.86,PayPal,No
T07124,C0171,2025-12-31,Tablet,Electronics,2,573.97,0.0,1147.94,Credit Card,No
T07125,C1447,2025-12-31,Phone,Electronics,1,384.86,0.15,327.13,PayPal,No
T07126,C1150,2025-12-31,Laptop,Electronics,1,1252.4,0.0,1252.4,Credit Card,No
T07127,C0955,2025-12-31,Phone,Electronics,2,802.34,0.0,1604.69,Credit Card,No
T07128,C0485,2025-12-31,Headphones,Electronics,1,66.7,0.0,66.7,Credit Card,No
T07129,C0249,2024-02-16,Headphones,Electronics,1,183.79,0.1,165.41,Mobile Payment,No
T07130,C0635,2025-12-31,Tablet,Electronics,1,515.46,0.0,515.46,PayPal,No
T07131,C1008,2025-12-31,Monitor,Electronics,1,543.47,0.0,543.47,Mobile Payment,Yes
T07132,C0959,2024-08-08,Headphones,Electronics,1,126.89,0.05,120.55,Mobile Payment,No
T07133,C0590,2025-06-09,Speaker,Electronics,2,100.8,0.1,181.44,Mobile Payment,No
T07134,C0927,2024-05-21,Smartwatch,Electronics,3,324.49,0.05,924.8,Debit Card,No
T07135,C1248,2025-03-10,Speaker,Electronics,1,245.41,0.0,245.41,Debit Card,No
T07136,C0038,2025-05-11,Keyboard,Electronics,2,28.25,0.05,53.68,PayPal,No
T07137,C0699,2025-12-31,Mouse,Electronics,2,94.85,0.2,151.76,Credit Card,Yes
T07138,C1159,2024-08-15,Phone,Electronics,1,866.54,0.05,823.21,PayPal,No
T07139,C0828,2025-05-11,Smartwatch,Electronics,1,163.04,0.0,163.04,Mobile Payment,No
T07140,C0992,2025-12-15,Tablet,Electronics,2,184.71,0.0,369.42,Mobile Payment,No
T07141,C0782,2024-06-17,Phone,Electronics,1,609.15,0.2,487.32,Credit Card,No
T07142,C1486,2025-05-08,Laptop,Electronics,2,1339.57,0.1,2411.23,Credit Card,No
T07143,C0085,2025-09-02,Monitor,Electronics,1,206.0,0.0,206.0,Mobile Payment,No
T07144,C0756,2025-01-17,Tablet,Electronics,1,457.54,0.0,457.54,Credit Card,No
T07145,C0146,2025-03-23,Speaker,Electronics,1,230.26,0.1,207.23,Mobile Payment,No
T07146,C0245,2025-10-26,Tablet,Electronics,1,243.3,0.2,194.64,Debit Card,No
T07147,C0591,2025-08-30,Camera,Electronics,3,761.95,0.0,2285.84,Mobile Payment,No
T07148,C0240,2024-12-27,Tablet,Electronics,1,221.74,0.0,221.74,Mobile Payment,Yes
T07149,C1450,2025-08-19,Mouse,Electronics,3,62.44,0.0,187.32,PayPal,No
T07150,C1427,2025-10-27,Mouse,Electronics,2,52.58,0.1,94.64,Credit Card,No
T07151,C0513,2025-06-22,Keyboard,Electronics,3,66.03,0.05,188.18,Credit Card,No
T07152,C0971,2025-10-26,Headphones,Electronics,2,192.09,0.05,364.96,PayPal,No
T07153,C0809,2024-12-26,Mouse,Electronics,2,47.45,0.0,94.9,Credit Card,No
T07154,C1252,2024-03-08,Headphones,Electronics,1,162.97,0.0,162.97,Mobile Payment,No
T07155,C0951,2025-12-31,Keyboard,Electronics,2,147.56,0.0,295.11,Credit Card,No
T07156,C0001,2025-05-12,Keyboard,Electronics,1,52.69,0.15,44.78,Debit Card,No
T07157,C1166,2024-10-08,Tablet,Electronics,1,235.98,0.0,235.98,Debit Card,No
T07158,C1146,2024-12-24,Headphones,Electronics,2,31.49,0.1,56.68,Mobile Payment,No
T07159,C0772,2024-07-14,Laptop,Electronics,2,914.07,0.15,1553.91,Mobile Payment,No
T07160,C1375,2024-12-05,Camera,Electronics,1,1034.36,0.05,982.64,PayPal,Yes
T07161,C1378,2025-03-24,Smartwatch,Electronics,2,284.1,0.0,568.2,PayPal,No
T07162,C0795,2025-06-26,Phone,Electronics,1,816.67,0.0,816.67,PayPal,No
T07163,C0920,2024-11-22,Headphones,Electronics,1,174.51,0.0,174.51,PayPal,No
T07164,C1493,2025-12-31,Headphones,Electronics,1,34.56,0.0,34.56,Mobile Payment,No
T07165,C0461,2024-10-16,Headphones,Electronics,1,103.25,0.05,98.09,PayPal,No
T07166,C0499,2024-04-10,Smartwatch,Electronics,1,61.72,0.1,55.55,Mobile Payment,Yes
T07167,C0279,2025-06-06,Mouse,Electronics,1,18.06,0.05,17.16,Debit Card,No
T07168,C1367,2025-06-06,Smartwatch,Electronics,1,198.78,0.1,178.9,Mobile Payment,No
T07169,C1141,2024-11-16,Speaker,Electronics,2,133.6,0.0,267.2,PayPal,No
T07170,C0163,2025-11-15,Keyboard,Electronics,1,111.57,0.05,105.99,Mobile Payment,No
T07171,C1475,2024-09-17,Keyboard,Electronics,1,35.25,0.0,35.25,Credit Card,No
T07172,C1122,2025-07-15,Mouse,Electronics,1,65.01,0.2,52.0,PayPal,No
T07173,C1298,2024-12-07,Mouse,Electronics,2,20.53,0.0,41.05,Mobile Payment,No
T07174,C0075,2024-09-18,Camera,Electronics,3,681.32,0.05,1941.75,Credit Card,No
T07175,C0766,2025-11-02,Smartwatch,Electronics,2,162.18,0.0,324.37,Mobile Payment,No
T07176,C1063,2025-08-26,Phone,Electronics,1,395.57,0.0,395.57,Credit Card,No
T07177,C0823,2025-12-31,Speaker,Electronics,1,121.11,0.05,115.06,Mobile Payment,Yes
T07178,C1014,2024-08-27,Mouse,Electronics,1,15.04,0.15,12.79,Debit Card,No
T07179,C1256,2025-06-28,Phone,Electronics,1,460.66,0.0,460.66,Mobile Payment,No
T07180,C0577,2025-12-30,Smartwatch,Electronics,1,82.74,0.1,74.46,Credit Card,No
T07181,C1294,2025-09-17,Headphones,Electronics,1,205.05,0.0,205.05,Debit Card,No
T07182,C0251,2025-01-18,Smartwatch,Electronics,1,81.56,0.0,81.56,PayPal,No
T07183,C0415,2025-05-13,Speaker,Electronics,4,287.81,0.05,1093.67,Credit Card,No
T07184,C0068,2025-06-24,Tablet,Electronics,3,410.97,0.0,1232.91,PayPal,No
T07185,C0558,2025-05-07,Camera,Electronics,1,761.86,0.05,723.76,PayPal,Yes
T07186,C0587,2025-05-30,Smartwatch,Electronics,1,288.56,0.0,288.56,Mobile Payment,No
T07187,C1236,2025-04-04,Mouse,Electronics,3,74.11,0.0,222.32,PayPal,No
T07188,C0994,2025-01-22,Headphones,Electronics,1,75.04,0.0,75.04,PayPal,No
T07189,C0678,2025-07-25,Phone,Electronics,3,266.55,0.1,719.69,Credit Card,No
T07190,C0993,2025-02-16,Monitor,Electronics,1,500.3,0.1,450.27,Credit Card,No
T07191,C0081,2025-12-31,Phone,Electronics,1,334.33,0.05,317.62,PayPal,No
T07192,C0276,2025-12-31,Monitor,Electronics,1,419.27,0.05,398.3,Mobile Payment,No
T07193,C0950,2025-12-31,Smartwatch,Electronics,3,333.36,0.1,900.08,Credit Card,No
T07194,C0976,2024-10-10,Speaker,Electronics,2,182.86,0.0,365.71,Credit Card,No
T07195,C1188,2025-05-06,Phone,Electronics,1,435.62,0.0,435.62,Debit Card,No
T07196,C0625,2025-10-03,Phone,Electronics,1,366.22,0.0,366.22,PayPal,No
T07197,C1111,2025-05-03,Smartwatch,Electronics,1,67.82,0.2,54.25,Mobile Payment,No
T07198,C1040,2025-06-03,Monitor,Electronics,1,430.46,0.0,430.46,PayPal,No
T07199,C1450,2025-08-25,Speaker,Electronics,2,185.08,0.15,314.64,Credit Card,No
T07200,C0325,2025-03-21,Smartwatch,Electronics,1,193.9,0.05,184.21,PayPal,No
T07201,C0832,2025-10-02,Mouse,Electronics,2,31.47,0.1,56.65,Credit Card,No
T07202,C0909,2025-06-27,Phone,Electronics,3,403.81,0.0,1211.43,Mobile Payment,No
T07203,C1497,2025-04-23,Laptop,Electronics,1,1370.97,0.0,1370.97,Debit Card,No
T07204,C0303,2025-09-12,Tablet,Electronics,3,189.59,0.1,511.89,PayPal,No
T07205,C0794,2025-12-31,Phone,Electronics,1,486.23,0.05,461.92,Debit Card,No
T07206,C0529,2024-11-28,Mouse,Electronics,1,18.3,0.1,16.47,Credit Card,No
T07207,C0798,2025-12-31,Monitor,Electronics,1,236.21,0.0,236.21,PayPal,No
T07208,C0347,2025-05-06,Monitor,Electronics,2,569.91,0.1,1025.84,Credit Card,No
T07209,C0075,2025-07-06,Smartwatch,Electronics,1,103.37,0.0,103.37,Debit Card,No
T07210,C0866,2025-12-31,Monitor,Electronics,3,420.35,0.0,1261.06,Credit Card,No
T07211,C0513,2025-12-31,Keyboard,Electronics,2,78.78,0.05,149.68,Debit Card,No
T07212,C0278,2025-02-04,Camera,Electronics,1,869.74,0.2,695.79,Debit Card,No
T07213,C0498,2025-07-12,Headphones,Electronics,1,191.91,0.2,153.53,Mobile Payment,No
T07214,C0078,2025-12-19,Phone,Electronics,2,436.25,0.0,872.51,Mobile Payment,No
T07215,C1431,2025-11-11,Monitor,Electronics,2,185.38,0.1,333.68,PayPal,No
T07216,C0880,2025-04-12,Keyboard,Electronics,1,56.65,0.05,53.82,Credit Card,No
T07217,C1250,2025-12-31,Monitor,Electronics,1,347.59,0.05,330.21,Debit Card,No
T07218,C0651,2025-06-23,Tablet,Electronics,3,422.08,0.1,1139.62,Credit Card,No
T07219,C1375,2025-12-31,Phone,Electronics,1,862.23,0.0,862.23,PayPal,No
T07220,C0743,2025-02-18,Headphones,Electronics,1,33.06,0.1,29.75,Credit Card,Yes
T07221,C0869,2024-07-24,Phone,Electronics,2,742.46,0.05,1410.67,Mobile Payment,No
T07222,C0756,2025-12-31,Mouse,Electronics,3,21.16,0.0,63.49,Credit Card,No
T07223,C1124,2025-12-31,Keyboard,Electronics,1,37.08,0.2,29.66,Credit Card,No
T07224,C0859,2024-09-09,Mouse,Electronics,2,70.6,0.0,141.2,Credit Card,No
T07225,C0416,2025-07-03,Phone,Electronics,1,840.81,0.2,672.64,PayPal,No
T07226,C0224,2025-06-07,Tablet,Electronics,2,315.22,0.0,630.43,Debit Card,No
T07227,C0919,2025-03-01,Smartwatch,Electronics,1,138.1,0.1,124.29,Credit Card,No
T07228,C0754,2025-04-06,Mouse,Electronics,2,67.51,0.05,128.26,Debit Card,No
T07229,C0151,2024-08-31,Camera,Electronics,1,998.65,0.0,998.65,Mobile Payment,No
T07230,C0613,2025-08-18,Headphones,Electronics,2,195.1,0.15,331.67,Credit Card,No
T07231,C0780,2025-02-02,Keyboard,Electronics,2,63.7,0.05,121.04,PayPal,No
T07232,C1269,2025-09-30,Mouse,Electronics,3,77.92,0.1,210.38,Debit Card,No
T07233,C0116,2025-09-22,Speaker,Electronics,1,119.88,0.1,107.89,PayPal,No
T07234,C0531,2025-05-22,Speaker,Electronics,2,181.65,0.0,363.3,Debit Card,No
T07235,C1263,2025-08-13,Speaker,Electronics,1,89.62,0.0,89.62,Debit Card,No
T07236,C0990,2024-09-19,Camera,Electronics,1,431.4,0.0,431.4,PayPal,No
T07237,C0446,2025-12-31,Mouse,Electronics,1,94.5,0.15,80.33,Debit Card,No
T07238,C1293,2025-12-31,Laptop,Electronics,1,1083.04,0.0,1083.04,Debit Card,Yes
T07239,C0757,2025-12-30,Mouse,Electronics,1,15.39,0.0,15.39,Debit Card,No
T07240,C0763,2025-12-31,Tablet,Electronics,2,552.92,0.05,1050.54,Debit Card,No
T07241,C1467,2025-12-02,Laptop,Electronics,2,1183.61,0.05,2248.86,PayPal,No
T07242,C1427,2025-10-06,Mouse,Electronics,1,42.7,0.0,42.7,Debit Card,No
T07243,C0548,2025-12-31,Smartwatch,Electronics,1,194.55,0.15,165.37,Mobile Payment,Yes
T07244,C0217,2025-01-31,Mouse,Electronics,1,53.24,0.0,53.24,Mobile Payment,No
T07245,C0499,2024-12-20,Headphones,Electronics,4,82.21,0.0,328.82,Credit Card,No
T07246,C0043,2024-10-23,Monitor,Electronics,1,591.25,0.05,561.69,PayPal,No
T07247,C0031,2025-05-27,Speaker,Electronics,1,181.41,0.0,181.41,Credit Card,No
T07248,C0612,2025-03-06,Mouse,Electronics,1,91.27,0.0,91.27,Debit Card,No
T07249,C1419,2025-03-12,Monitor,Electronics,1,413.41,0.15,351.4,Debit Card,No
T07250,C1326,2024-09-04,Keyboard,Electronics,1,131.98,0.0,131.98,Credit Card,No
T07251,C0774,2025-05-06,Speaker,Electronics,1,47.68,0.0,47.68,Debit Card,Yes
T07252,C0856,2025-12-31,Headphones,Electronics,3,127.25,0.15,324.48,Credit Card,Yes
T07253,C0011,2025-10-05,Phone,Electronics,2,718.83,0.0,1437.66,Credit Card,No
T07254,C0326,2025-08-18,Tablet,Electronics,2,237.28,0.1,427.1,Debit Card,No
T07255,C0037,2024-09-14,Headphones,Electronics,1,158.88,0.0,158.88,Mobile Payment,No
T07256,C1153,2025-02-03,Tablet,Electronics,1,219.61,0.0,219.61,PayPal,No
T07257,C0224,2025-08-18,Monitor,Electronics,1,513.16,0.0,513.16,PayPal,No
T07258,C1321,2025-12-31,Tablet,Electronics,1,639.56,0.1,575.6,Debit Card,No
T07259,C0979,2025-10-29,Phone,Electronics,1,657.38,0.05,624.51,Debit Card,No
T07260,C0342,2025-04-04,Phone,Electronics,1,300.1,0.0,300.1,Credit Card,No
T07261,C0244,2025-12-31,Speaker,Electronics,2,192.56,0.05,365.86,Mobile Payment,Yes
T07262,C0952,2025-12-31,Keyboard,Electronics,1,139.83,0.05,132.84,Debit Card,No
T07263,C1374,2025-02-01,Tablet,Electronics,1,618.56,0.05,587.63,Mobile Payment,No
T07264,C1102,2025-12-31,Headphones,Electronics,1,38.64,0.15,32.84,PayPal,No
T07265,C0531,2024-10-29,Monitor,Electronics,1,498.77,0.1,448.89,Debit Card,No
T07266,C0890,2025-10-08,Mouse,Electronics,2,26.27,0.1,47.29,Debit Card,No
T07267,C0480,2025-01-13,Keyboard,Electronics,1,147.54,0.0,147.54,Debit Card,No
T07268,C1499,2024-12-16,Speaker,Electronics,2,271.06,0.05,515.02,PayPal,No
T07269,C1148,2025-07-05,Keyboard,Electronics,1,158.49,0.0,158.49,Mobile Payment,No
T07270,C0928,2025-01-12,Speaker,Electronics,1,209.75,0.0,209.75,Mobile Payment,No
T07271,C0652,2025-04-14,Laptop,Electronics,1,1050.54,0.0,1050.54,Debit Card,No
T07272,C0935,2025-08-19,Camera,Electronics,1,1087.13,0.1,978.42,Debit Card,No
T07273,C0524,2024-12-17,Mouse,Electronics,2,59.12,0.0,118.24,Debit Card,No
T07274,C0041,2025-12-31,Phone,Electronics,4,373.57,0.0,1494.29,Credit Card,No
T07275,C0612,2025-02-12,Tablet,Electronics,1,623.13,0.15,529.66,Mobile Payment,Yes
T07276,C1405,2025-03-11,Keyboard,Electronics,1,82.86,0.0,82.86,PayPal,No
T07277,C0950,2025-12-31,Phone,Electronics,1,655.83,0.05,623.04,PayPal,No
T07278,C0133,2025-07-03,Smartwatch,Electronics,4,117.75,0.0,471.01,Debit Card,No
T07279,C1351,2025-12-31,Smartwatch,Electronics,3,92.06,0.0,276.17,Credit Card,Yes
T07280,C0410,2024-12-10,Tablet,Electronics,1,438.99,0.0,438.99,PayPal,No
T07281,C0366,2025-12-31,Laptop,Electronics,4,1088.22,0.0,4352.86,Credit Card,No
T07282,C0456,2025-12-31,Speaker,Electronics,2,136.13,0.05,258.65,Credit Card,No
T07283,C0875,2025-04-06,Tablet,Electronics,4,326.52,0.0,1306.07,Credit Card,No
T07284,C0824,2025-02-08,Laptop,Electronics,2,961.92,0.0,1923.84,PayPal,No
T07285,C0756,2025-11-18,Tablet,Electronics,1,553.72,0.15,470.66,Debit Card,No
T07286,C1101,2025-11-05,Speaker,Electronics,2,133.01,0.0,266.02,Credit Card,No
T07287,C0486,2024-10-02,Smartwatch,Electronics,2,327.2,0.0,654.4,Credit Card,No
T07288,C1201,2025-06-21,Monitor,Electronics,1,200.83,0.15,170.71,Debit Card,No
T07289,C0269,2025-03-17,Tablet,Electronics,2,617.84,0.0,1235.68,Mobile Payment,No
T07290,C1202,2025-08-08,Headphones,Electronics,2,161.01,0.15,273.72,Credit Card,No
T07291,C1009,2025-07-10,Laptop,Electronics,4,941.05,0.0,3764.18,PayPal,No
T07292,C1039,2025-12-31,Mouse,Electronics,1,15.58,0.1,14.02,Mobile Payment,No
T07293,C0741,2025-12-31,Phone,Electronics,1,771.58,0.0,771.58,Debit Card,No
T07294,C1014,2024-10-27,Monitor,Electronics,3,586.2,0.0,1758.59,Credit Card,No
T07295,C0126,2025-10-26,Keyboard,Electronics,2,177.28,0.0,354.56,Mobile Payment,No
T07296,C1299,2025-12-31,Laptop,Electronics,1,996.38,0.15,846.93,Mobile Payment,No
T07297,C0085,2025-12-31,Speaker,Electronics,1,58.33,0.05,55.41,Credit Card,No
T07298,C0231,2025-02-20,Tablet,Electronics,2,327.46,0.0,654.93,Credit Card,No
T07299,C0875,2025-07-23,Laptop,Electronics,1,916.82,0.05,870.98,Credit Card,No
T07300,C1132,2025-12-31,Camera,Electronics,3,392.14,0.15,999.96,Credit Card,No
T07301,C0117,2025-05-26,Phone,Electronics,3,591.07,0.0,1773.2,Debit Card,No
T07302,C1394,2025-05-12,Laptop,Electronics,1,1123.2,0.0,1123.2,Credit Card,No
T07303,C1464,2025-08-09,Monitor,Electronics,1,477.97,0.05,454.07,Credit Card,No
T07304,C0918,2025-12-31,Phone,Electronics,1,283.16,0.2,226.53,Debit Card,No
T07305,C0741,2025-12-31,Speaker,Electronics,1,111.6,0.0,111.6,PayPal,No
T07306,C1136,2025-07-29,Laptop,Electronics,1,948.64,0.05,901.21,Mobile Payment,No
T07307,C0502,2025-12-31,Laptop,Electronics,1,1324.57,0.0,1324.57,Mobile Payment,No
T07308,C0757,2025-12-31,Camera,Electronics,2,1111.25,0.1,2000.26,Credit Card,No
T07309,C1387,2025-12-31,Tablet,Electronics,4,302.19,0.0,1208.75,Mobile Payment,No
T07310,C1437,2025-06-20,Speaker,Electronics,1,166.71,0.0,166.71,Credit Card,Yes
T07311,C1399,2025-07-11,Tablet,Electronics,2,379.64,0.05,721.31,Debit Card,No
T07312,C0398,2025-12-31,Laptop,Electronics,1,1068.7,0.05,1015.26,Credit Card,No
T07313,C0347,2025-12-31,Laptop,Electronics,2,900.28,0.0,1800.56,Mobile Payment,No
T07314,C0457,2025-02-01,Tablet,Electronics,1,397.57,0.1,357.82,Debit Card,No
T07315,C0688,2025-05-31,Monitor,Electronics,1,215.42,0.1,193.88,Debit Card,No
T07316,C0483,2025-12-31,Laptop,Electronics,1,1196.69,0.05,1136.85,Credit Card,No
T07317,C0577,2025-08-23,Keyboard,Electronics,1,82.31,0.0,82.31,Credit Card,No
T07318,C0941,2024-07-07,Headphones,Electronics,1,133.06,0.15,113.1,PayPal,Yes
T07319,C1166,2025-02-05,Headphones,Electronics,1,144.87,0.0,144.87,Debit Card,No
T07320,C1127,2025-12-31,Tablet,Electronics,1,573.17,0.0,573.17,Debit Card,No
T07321,C1250,2025-12-31,Monitor,Electronics,1,186.79,0.15,158.77,PayPal,No
T07322,C0046,2025-07-06,Tablet,Electronics,1,406.89,0.2,325.51,Credit Card,No
T07323,C0075,2025-01-09,Phone,Electronics,1,831.15,0.05,789.59,Mobile Payment,No
T07324,C1211,2024-11-26,Camera,Electronics,2,596.82,0.1,1074.27,Credit Card,No
T07325,C0808,2024-09-30,Headphones,Electronics,1,114.46,0.0,114.46,Credit Card,No
T07326,C0876,2025-06-02,Laptop,Electronics,1,759.55,0.0,759.55,PayPal,No
T07327,C0081,2025-07-17,Tablet,Electronics,1,532.82,0.05,506.18,Debit Card,No
T07328,C0385,2024-06-28,Tablet,Electronics,1,219.96,0.2,175.97,Credit Card,No
T07329,C0969,2025-12-31,Smartwatch,Electronics,1,242.98,0.1,218.69,PayPal,No
T07330,C1308,2025-12-31,Laptop,Electronics,1,961.97,0.1,865.77,Mobile Payment,No
T07331,C1387,2025-12-31,Monitor,Electronics,1,302.17,0.0,302.17,Debit Card,No
T07332,C0764,2025-07-10,Headphones,Electronics,2,141.25,0.0,282.49,Credit Card,No
T07333,C0826,2025-04-29,Speaker,Electronics,2,187.59,0.0,375.19,Credit Card,No
T07334,C1278,2025-05-25,Phone,Electronics,1,513.54,0.0,513.54,Credit Card,No
T07335,C0811,2025-02-11,Keyboard,Electronics,1,68.14,0.1,61.33,Debit Card,Yes
T07336,C0782,2025-08-20,Phone,Electronics,1,580.31,0.0,580.31,Credit Card,No
T07337,C1376,2025-05-23,Keyboard,Electronics,1,66.4,0.0,66.4,PayPal,No
T07338,C1211,2024-08-02,Keyboard,Electronics,1,40.91,0.0,40.91,Credit Card,No
T07339,C1380,2025-09-09,Laptop,Electronics,2,1259.41,0.0,2518.81,Debit Card,No
T07340,C0328,2025-05-02,Monitor,Electronics,1,466.04,0.15,396.13,Debit Card,No
T07341,C0796,2025-11-13,Monitor,Electronics,1,187.96,0.0,187.96,Mobile Payment,No
T07342,C1291,2025-01-29,Tablet,Electronics,2,256.42,0.0,512.85,Debit Card,No
T07343,C0172,2024-07-26,Tablet,Electronics,3,227.08,0.0,681.24,PayPal,No
T07344,C1217,2025-11-24,Phone,Electronics,1,763.96,0.1,687.57,Credit Card,No
T07345,C0280,2025-07-19,Laptop,Electronics,1,1241.01,0.0,1241.01,Mobile Payment,No
T07346,C1239,2025-12-08,Laptop,Electronics,2,985.62,0.0,1971.25,PayPal,No
T07347,C0927,2024-11-14,Keyboard,Electronics,2,152.32,0.05,289.4,Mobile Payment,No
T07348,C0293,2025-04-27,Tablet,Electronics,1,637.76,0.0,637.76,Debit Card,No
T07349,C0730,2025-09-09,Phone,Electronics,2,880.8,0.1,1585.45,Mobile Payment,No
T07350,C1035,2024-03-11,Mouse,Electronics,3,98.37,0.05,280.36,Credit Card,No
T07351,C0960,2025-09-30,Monitor,Electronics,2,530.87,0.0,1061.75,PayPal,No
T07352,C0660,2025-12-31,Speaker,Electronics,1,96.42,0.0,96.42,Credit Card,No
T07353,C1369,2025-04-07,Camera,Electronics,1,351.68,0.05,334.09,PayPal,No
T07354,C0786,2024-05-03,Mouse,Electronics,1,83.99,0.15,71.39,Mobile Payment,No
T07355,C0767,2024-08-26,Phone,Electronics,1,450.55,0.05,428.03,Credit Card,Yes
T07356,C0098,2025-10-19,Mouse,Electronics,2,43.71,0.0,87.42,Credit Card,No
T07357,C1394,2024-11-06,Mouse,Electronics,4,21.2,0.0,84.82,Credit Card,No
T07358,C0271,2024-06-23,Smartwatch,Electronics,1,267.27,0.0,267.27,Debit Card,No
T07359,C0800,2025-12-31,Tablet,Electronics,1,382.46,0.0,382.46,Debit Card,No
T07360,C1233,2024-10-31,Mouse,Electronics,1,32.36,0.0,32.36,Credit Card,No
T07361,C0326,2025-07-22,Keyboard,Electronics,2,126.13,0.0,252.26,Credit Card,No
T07362,C0800,2025-06-15,Headphones,Electronics,2,216.18,0.1,389.12,Debit Card,No
T07363,C0360,2025-01-13,Mouse,Electronics,1,57.36,0.0,57.36,Debit Card,No
T07364,C1161,2025-10-28,Phone,Electronics,2,644.14,0.0,1288.28,Debit Card,No
T07365,C0853,2025-01-17,Mouse,Electronics,2,28.84,0.0,57.69,PayPal,No
T07366,C1303,2025-08-02,Keyboard,Electronics,2,49.95,0.0,99.9,Debit Card,No
T07367,C1366,2025-10-22,Phone,Electronics,1,547.86,0.05,520.46,Credit Card,No
T07368,C0990,2025-03-23,Smartwatch,Electronics,2,304.98,0.1,548.96,Mobile Payment,No
T07369,C1113,2025-02-05,Camera,Electronics,2,1118.24,0.1,2012.82,PayPal,No
T07370,C0831,2024-12-06,Phone,Electronics,1,667.14,0.1,600.42,Credit Card,No
T07371,C0594,2024-11-23,Laptop,Electronics,1,952.36,0.0,952.36,Mobile Payment,No
T07372,C0990,2024-07-08,Keyboard,Electronics,2,141.26,0.0,282.51,Mobile Payment,No
T07373,C1378,2025-12-31,Monitor,Electronics,1,281.37,0.0,281.37,Credit Card,No
T07374,C0644,2025-03-22,Headphones,Electronics,1,71.72,0.0,71.72,Debit Card,No
T07375,C0483,2025-07-10,Smartwatch,Electronics,1,290.67,0.2,232.54,Credit Card,No
T07376,C0604,2025-12-14,Speaker,Electronics,1,235.34,0.0,235.34,Debit Card,No
T07377,C0675,2024-08-28,Monitor,Electronics,1,546.95,0.0,546.95,PayPal,No
T07378,C0113,2025-03-22,Laptop,Electronics,1,1103.54,0.0,1103.54,Mobile Payment,No
T07379,C0763,2025-12-31,Keyboard,Electronics,2,163.99,0.2,262.39,Debit Card,No
T07380,C0759,2025-11-30,Mouse,Electronics,3,17.25,0.0,51.75,Debit Card,No
T07381,C0892,2024-05-17,Smartwatch,Electronics,1,133.58,0.0,133.58,PayPal,No
T07382,C0557,2024-07-04,Phone,Electronics,2,772.9,0.0,1545.79,Credit Card,No
T07383,C0927,2024-08-02,Monitor,Electronics,2,340.65,0.05,647.23,Mobile Payment,No
T07384,C1340,2025-02-27,Headphones,Electronics,2,75.48,0.0,150.97,Debit Card,No
T07385,C1437,2024-11-06,Mouse,Electronics,2,82.67,0.0,165.34,Mobile Payment,No
T07386,C0885,2024-09-21,Laptop,Electronics,3,1275.59,0.0,3826.76,Debit Card,No
T07387,C0066,2025-11-15,Camera,Electronics,2,710.63,0.0,1421.26,PayPal,No
T07388,C1458,2025-03-31,Monitor,Electronics,1,359.97,0.05,341.97,Debit Card,No
T07389,C1076,2025-07-04,Camera,Electronics,1,1002.84,0.0,1002.84,Credit Card,Yes
T07390,C0513,2025-06-03,Headphones,Electronics,1,176.55,0.1,158.9,PayPal,No
T07391,C0228,2025-06-15,Mouse,Electronics,1,88.66,0.1,79.79,PayPal,No
T07392,C0220,2025-03-18,Speaker,Electronics,1,207.84,0.05,197.45,PayPal,No
T07393,C0259,2025-08-12,Speaker,Electronics,3,88.33,0.05,251.75,Mobile Payment,No
T07394,C0071,2025-03-06,Speaker,Electronics,4,182.93,0.1,658.53,Mobile Payment,No
T07395,C1375,2024-11-10,Laptop,Electronics,1,967.67,0.1,870.9,Mobile Payment,No
T07396,C0819,2025-12-31,Headphones,Electronics,1,35.14,0.0,35.14,Mobile Payment,No
T07397,C1065,2025-12-31,Laptop,Electronics,1,837.55,0.0,837.55,Debit Card,No
T07398,C1271,2025-07-27,Tablet,Electronics,2,276.62,0.1,497.92,Debit Card,No
T07399,C1215,2025-09-09,Phone,Electronics,3,303.52,0.0,910.56,Credit Card,No
T07400,C1347,2025-11-02,Keyboard,Electronics,1,95.26,0.1,85.74,PayPal,No
T07401,C1454,2024-05-27,Smartwatch,Electronics,1,207.33,0.05,196.96,Debit Card,No
T07402,C0683,2024-08-01,Monitor,Electronics,2,303.01,0.0,606.01,PayPal,No
T07403,C1431,2024-10-18,Smartwatch,Electronics,1,179.58,0.1,161.63,PayPal,No
T07404,C1111,2025-05-31,Laptop,Electronics,1,1084.64,0.05,1030.41,Debit Card,Yes
T07405,C0108,2024-11-21,Smartwatch,Electronics,1,94.94,0.0,94.94,Debit Card,No
T07406,C1035,2024-04-01,Phone,Electronics,1,615.48,0.0,615.48,Credit Card,No
T07407,C1043,2025-12-31,Monitor,Electronics,2,469.47,0.2,751.15,Credit Card,No
T07408,C1376,2024-11-24,Headphones,Electronics,1,196.2,0.1,176.58,Debit Card,No
T07409,C0574,2025-12-02,Camera,Electronics,2,571.42,0.0,1142.83,Debit Card,Yes
T07410,C0888,2025-07-18,Speaker,Electronics,1,234.33,0.1,210.89,Debit Card,No
T07411,C0020,2025-03-09,Tablet,Electronics,1,464.83,0.0,464.83,Credit Card,No
T07412,C0506,2025-12-31,Laptop,Electronics,1,1051.96,0.0,1051.96,PayPal,No
T07413,C0098,2025-04-07,Mouse,Electronics,3,93.16,0.15,237.56,PayPal,Yes
T07414,C0792,2024-01-23,Monitor,Electronics,2,429.0,0.1,772.21,Debit Card,No
T07415,C1256,2025-12-14,Keyboard,Electronics,4,81.74,0.05,310.61,Credit Card,No
T07416,C0311,2024-12-29,Laptop,Electronics,1,1199.05,0.05,1139.1,PayPal,No
T07417,C0800,2025-09-17,Smartwatch,Electronics,2,338.36,0.0,676.73,Credit Card,No
T07418,C0308,2025-01-09,Tablet,Electronics,1,611.54,0.0,611.54,Credit Card,No
T07419,C0184,2025-12-31,Headphones,Electronics,1,216.25,0.0,216.25,Credit Card,No
T07420,C0773,2024-10-13,Phone,Electronics,1,311.8,0.0,311.8,Credit Card,No
T07421,C0124,2025-01-19,Speaker,Electronics,1,155.3,0.05,147.53,PayPal,No
T07422,C0890,2025-12-31,Phone,Electronics,1,531.25,0.0,531.25,Credit Card,No
T07423,C0045,2025-09-04,Mouse,Electronics,1,47.62,0.05,45.24,PayPal,No
T07424,C0167,2025-12-31,Tablet,Electronics,1,263.89,0.0,263.89,Debit Card,No
T07425,C0831,2025-06-13,Headphones,Electronics,4,188.12,0.0,752.47,Debit Card,No
T07426,C0895,2025-07-13,Speaker,Electronics,2,215.0,0.0,430.0,PayPal,No
T07427,C0041,2024-11-20,Phone,Electronics,1,643.89,0.05,611.7,Mobile Payment,No
T07428,C0868,2025-01-25,Camera,Electronics,3,702.17,0.05,2001.18,Debit Card,No
T07429,C1288,2024-07-15,Speaker,Electronics,1,141.02,0.0,141.02,Credit Card,No
T07430,C1110,2024-09-11,Mouse,Electronics,1,81.85,0.0,81.85,Debit Card,No
T07431,C0203,2024-05-30,Laptop,Electronics,1,1068.78,0.05,1015.35,Debit Card,No
T07432,C0898,2025-10-04,Smartwatch,Electronics,1,236.22,0.15,200.79,Mobile Payment,No
T07433,C1024,2025-12-04,Camera,Electronics,1,390.0,0.1,351.0,PayPal,No
T07434,C0053,2024-04-11,Speaker,Electronics,3,162.59,0.0,487.76,Credit Card,No
T07435,C1302,2025-04-09,Camera,Electronics,1,417.28,0.0,417.28,Credit Card,No
T07436,C1377,2024-04-26,Headphones,Electronics,3,40.23,0.0,120.69,Debit Card,No
T07437,C1297,2025-03-11,Mouse,Electronics,1,73.59,0.0,73.59,Mobile Payment,No
T07438,C1268,2025-11-23,Monitor,Electronics,3,273.67,0.05,779.95,Credit Card,No
T07439,C1142,2025-05-07,Headphones,Electronics,1,213.36,0.15,181.36,Debit Card,No
T07440,C0958,2025-11-19,Keyboard,Electronics,1,118.85,0.0,118.85,Debit Card,Yes
T07441,C1032,2024-02-12,Smartwatch,Electronics,1,247.1,0.2,197.68,Debit Card,No
T07442,C1237,2025-08-19,Mouse,Electronics,1,31.73,0.0,31.73,Credit Card,No
T07443,C1009,2024-07-20,Smartwatch,Electronics,1,97.38,0.0,97.38,Mobile Payment,No
T07444,C0501,2025-01-31,Phone,Electronics,1,591.52,0.0,591.52,PayPal,No
T07445,C0583,2024-04-17,Headphones,Electronics,1,205.86,0.0,205.86,Mobile Payment,No
T07446,C1368,2025-07-08,Tablet,Electronics,1,206.2,0.0,206.2,Credit Card,No
T07447,C0027,2024-09-27,Phone,Electronics,1,580.31,0.0,580.31,PayPal,No
T07448,C1063,2025-06-25,Headphones,Electronics,2,67.76,0.0,135.51,Credit Card,No
T07449,C1437,2025-06-05,Speaker,Electronics,2,243.32,0.1,437.97,Credit Card,No
T07450,C1077,2025-12-31,Keyboard,Electronics,1,130.7,0.1,117.63,PayPal,No
T07451,C1490,2024-05-25,Tablet,Electronics,2,225.69,0.0,451.37,Debit Card,No
T07452,C1044,2025-12-31,Headphones,Electronics,1,147.1,0.05,139.75,Credit Card,No
T07453,C0049,2025-12-31,Keyboard,Electronics,2,177.46,0.15,301.68,Debit Card,No
T07454,C1269,2025-09-17,Headphones,Electronics,1,130.35,0.1,117.31,PayPal,No
T07455,C0435,2024-04-26,Keyboard,Electronics,1,69.24,0.0,69.24,PayPal,No
T07456,C0696,2025-12-31,Tablet,Electronics,2,251.5,0.0,503.01,Credit Card,No
T07457,C0481,2025-12-31,Headphones,Electronics,2,218.03,0.05,414.26,Mobile Payment,No
T07458,C0410,2024-10-28,Mouse,Electronics,2,62.92,0.2,100.68,Credit Card,No
T07459,C0669,2024-12-04,Keyboard,Electronics,1,83.08,0.1,74.77,Mobile Payment,No
T07460,C0587,2025-10-22,Phone,Electronics,1,389.3,0.1,350.37,Debit Card,No
T07461,C0958,2024-09-01,Speaker,Electronics,1,287.05,0.0,287.05,Credit Card,No
T07462,C1248,2025-03-22,Laptop,Electronics,3,1138.92,0.15,2904.25,Credit Card,No
T07463,C0456,2025-08-30,Phone,Electronics,1,287.48,0.0,287.48,Debit Card,No
T07464,C0323,2024-06-10,Mouse,Electronics,3,20.05,0.1,54.14,Mobile Payment,No
T07465,C1014,2025-01-21,Mouse,Electronics,4,94.85,0.0,379.41,Mobile Payment,No
T07466,C1020,2025-12-31,Laptop,Electronics,1,1197.07,0.05,1137.21,Mobile Payment,No
T07467,C1374,2025-12-31,Mouse,Electronics,2,23.79,0.0,47.58,Debit Card,No
T07468,C0027,2025-10-23,Laptop,Electronics,1,1136.63,0.0,1136.63,PayPal,No
T07469,C1300,2025-11-06,Speaker,Electronics,1,149.05,0.0,149.05,Debit Card,No
T07470,C0789,2025-09-14,Mouse,Electronics,2,82.04,0.0,164.08,Credit Card,No
T07471,C0943,2024-07-06,Phone,Electronics,1,427.91,0.15,363.73,Credit Card,No
T07472,C0146,2025-12-31,Phone,Electronics,1,498.85,0.0,498.85,Debit Card,No
T07473,C0671,2025-12-31,Keyboard,Electronics,1,50.95,0.0,50.95,Debit Card,No
T07474,C0341,2024-12-03,Mouse,Electronics,2,36.46,0.0,72.92,PayPal,No
T07475,C0384,2025-06-19,Camera,Electronics,1,470.24,0.0,470.24,PayPal,No
T07476,C0765,2025-01-30,Speaker,Electronics,1,46.32,0.0,46.32,Debit Card,No
T07477,C1247,2024-08-29,Headphones,Electronics,1,38.77,0.0,38.77,Debit Card,No
T07478,C1138,2024-03-15,Camera,Electronics,4,1052.06,0.0,4208.25,Credit Card,Yes
T07479,C0895,2025-07-13,Keyboard,Electronics,1,149.59,0.2,119.67,Credit Card,No
T07480,C0816,2025-03-30,Monitor,Electronics,1,213.33,0.0,213.33,PayPal,No
T07481,C0660,2025-07-02,Mouse,Electronics,1,71.77,0.05,68.18,Debit Card,No
T07482,C1462,2025-08-05,Phone,Electronics,1,734.67,0.1,661.2,Debit Card,No
T07483,C0847,2025-12-29,Tablet,Electronics,1,204.1,0.0,204.1,Mobile Payment,No
T07484,C0384,2025-06-29,Smartwatch,Electronics,1,85.68,0.05,81.39,PayPal,No
T07485,C0343,2024-09-01,Monitor,Electronics,1,403.36,0.2,322.69,PayPal,No
T07486,C0925,2025-07-30,Speaker,Electronics,1,137.28,0.0,137.28,Credit Card,No
T07487,C0793,2025-10-08,Phone,Electronics,2,704.6,0.0,1409.21,Credit Card,No
T07488,C0014,2024-04-30,Tablet,Electronics,3,442.11,0.0,1326.34,Credit Card,No
T07489,C1272,2025-01-18,Headphones,Electronics,1,35.89,0.0,35.89,PayPal,No
T07490,C1072,2025-11-16,Headphones,Electronics,1,159.9,0.05,151.9,Debit Card,Yes
T07491,C1008,2025-12-20,Speaker,Electronics,2,93.02,0.1,167.43,Credit Card,No
T07492,C0106,2025-12-31,Tablet,Electronics,3,326.92,0.15,833.65,Mobile Payment,Yes
T07493,C0554,2024-06-22,Monitor,Electronics,1,481.38,0.0,481.38,Debit Card,No
T07494,C1412,2025-12-31,Keyboard,Electronics,3,144.54,0.0,433.63,Debit Card,No
T07495,C1314,2025-12-31,Smartwatch,Electronics,2,160.29,0.0,320.57,Mobile Payment,No
T07496,C0437,2025-12-31,Monitor,Electronics,1,190.15,0.0,190.15,Credit Card,No
T07497,C0243,2025-06-05,Keyboard,Electronics,1,144.3,0.0,144.3,PayPal,No
T07498,C0698,2025-10-12,Smartwatch,Electronics,2,312.36,0.0,624.72,PayPal,No
T07499,C0543,2025-04-20,Phone,Electronics,1,876.8,0.15,745.28,Mobile Payment,Yes
T07500,C1035,2024-12-25,Speaker,Electronics,1,122.63,0.1,110.37,Mobile Payment,No
T07501,C1454,2025-04-09,Camera,Electronics,1,411.47,0.0,411.47,Debit Card,No
T07502,C0557,2025-03-21,Headphones,Electronics,1,208.16,0.15,176.93,Credit Card,No
T07503,C0098,2025-03-09,Mouse,Electronics,1,48.98,0.1,44.08,Credit Card,No
T07504,C1368,2025-03-08,Smartwatch,Electronics,2,87.12,0.15,148.11,Credit Card,No
T07505,C0055,2025-02-23,Camera,Electronics,4,748.9,0.0,2995.61,PayPal,Yes
T07506,C1434,2025-11-02,Phone,Electronics,1,373.84,0.0,373.84,Debit Card,No
T07507,C1009,2024-06-02,Mouse,Electronics,1,45.2,0.0,45.2,Debit Card,No
T07508,C1421,2024-09-14,Laptop,Electronics,1,924.25,0.2,739.4,PayPal,No
T07509,C0303,2025-01-13,Phone,Electronics,1,891.74,0.05,847.15,PayPal,No
T07510,C0060,2024-08-09,Smartwatch,Electronics,1,245.46,0.0,245.46,Mobile Payment,No
T07511,C0753,2025-09-07,Smartwatch,Electronics,2,202.62,0.15,344.46,Credit Card,No
T07512,C0699,2025-07-18,Keyboard,Electronics,1,104.63,0.0,104.63,PayPal,No
T07513,C0506,2025-12-31,Keyboard,Electronics,1,118.63,0.1,106.77,Mobile Payment,No
T07514,C1441,2025-06-20,Mouse,Electronics,1,89.18,0.05,84.72,Debit Card,No
T07515,C1263,2025-04-29,Speaker,Electronics,1,77.96,0.05,74.06,Credit Card,No
T07516,C1008,2025-12-31,Headphones,Electronics,1,143.93,0.0,143.93,Credit Card,No
T07517,C0251,2025-01-01,Phone,Electronics,1,459.42,0.0,459.42,Mobile Payment,No
T07518,C1125,2025-08-27,Camera,Electronics,1,814.26,0.0,814.26,Credit Card,No
T07519,C1116,2025-11-22,Headphones,Electronics,2,128.37,0.0,256.74,Mobile Payment,No
T07520,C0655,2025-12-31,Phone,Electronics,1,269.46,0.15,229.04,Credit Card,No
T07521,C1396,2025-12-31,Keyboard,Electronics,2,115.28,0.15,195.98,Credit Card,No
T07522,C0256,2025-12-31,Keyboard,Electronics,2,134.93,0.05,256.36,Credit Card,No
T07523,C0408,2025-12-31,Monitor,Electronics,1,260.7,0.0,260.7,Credit Card,No
T07524,C0100,2025-07-14,Camera,Electronics,2,396.18,0.0,792.36,Debit Card,No
T07525,C1218,2024-09-14,Tablet,Electronics,2,279.47,0.0,558.95,Mobile Payment,No
T07526,C0943,2024-11-26,Laptop,Electronics,1,1145.49,0.05,1088.21,Debit Card,No
T07527,C0483,2025-12-31,Tablet,Electronics,4,400.33,0.0,1601.33,PayPal,No
T07528,C0252,2025-02-03,Laptop,Electronics,1,1305.71,0.0,1305.71,Credit Card,Yes
T07529,C0058,2025-09-28,Keyboard,Electronics,1,69.17,0.0,69.17,Mobile Payment,No
T07530,C0256,2025-12-31,Headphones,Electronics,3,99.37,0.0,298.11,Mobile Payment,No
T07531,C0702,2025-12-31,Smartwatch,Electronics,1,213.13,0.1,191.82,Credit Card,No
T07532,C0371,2024-02-22,Smartwatch,Electronics,2,193.4,0.0,386.81,Mobile Payment,No
T07533,C0390,2025-06-01,Headphones,Electronics,1,134.07,0.1,120.67,PayPal,No
T07534,C1334,2024-12-10,Phone,Electronics,1,452.86,0.0,452.86,Debit Card,No
T07535,C0780,2024-09-20,Headphones,Electronics,1,61.67,0.0,61.67,Mobile Payment,No
T07536,C1120,2025-10-24,Mouse,Electronics,2,83.28,0.0,166.56,Mobile Payment,No
T07537,C0051,2025-05-01,Phone,Electronics,1,275.54,0.05,261.76,Debit Card,Yes
T07538,C0560,2025-12-31,Smartwatch,Electronics,1,167.21,0.0,167.21,Debit Card,No
T07539,C0739,2025-04-07,Headphones,Electronics,1,46.61,0.0,46.61,PayPal,No
T07540,C0285,2025-12-31,Speaker,Electronics,2,231.45,0.2,370.31,Credit Card,Yes
T07541,C0183,2024-11-10,Monitor,Electronics,1,314.48,0.05,298.76,Credit Card,No
T07542,C1323,2024-09-19,Camera,Electronics,2,327.04,0.0,654.09,Debit Card,No
T07543,C1418,2025-05-16,Keyboard,Electronics,1,36.76,0.0,36.76,Debit Card,No
T07544,C0124,2025-10-19,Keyboard,Electronics,1,55.78,0.05,52.99,Credit Card,No
T07545,C0531,2024-12-28,Mouse,Electronics,2,81.89,0.0,163.78,Credit Card,No
T07546,C1441,2024-12-16,Smartwatch,Electronics,2,291.76,0.0,583.53,Credit Card,No
T07547,C0132,2025-12-09,Mouse,Electronics,3,99.71,0.2,239.31,Debit Card,No
T07548,C0980,2024-10-28,Smartwatch,Electronics,2,129.87,0.1,233.76,Debit Card,No
T07549,C1462,2025-10-29,Phone,Electronics,1,289.28,0.0,289.28,Mobile Payment,Yes
T07550,C1470,2025-05-23,Tablet,Electronics,1,313.07,0.0,313.07,Debit Card,Yes
T07551,C0727,2025-12-31,Phone,Electronics,1,366.23,0.0,366.23,Mobile Payment,No
T07552,C0251,2025-08-17,Smartwatch,Electronics,4,266.01,0.1,957.65,Debit Card,No
T07553,C0304,2025-01-22,Phone,Electronics,1,880.01,0.0,880.01,Credit Card,No
T07554,C1359,2024-04-15,Smartwatch,Electronics,1,139.18,0.1,125.26,Mobile Payment,No
T07555,C1383,2025-12-02,Headphones,Electronics,1,92.44,0.15,78.57,Credit Card,No
T07556,C0920,2024-04-25,Laptop,Electronics,2,945.78,0.0,1891.56,Debit Card,No
T07557,C1170,2024-07-29,Headphones,Electronics,1,192.82,0.15,163.9,Debit Card,Yes
T07558,C1134,2025-12-31,Tablet,Electronics,1,451.67,0.0,451.67,Debit Card,No
T07559,C1008,2025-12-31,Keyboard,Electronics,1,175.97,0.0,175.97,Mobile Payment,No
T07560,C1269,2025-02-04,Monitor,Electronics,4,432.22,0.0,1728.89,Credit Card,No
T07561,C1041,2024-08-11,Tablet,Electronics,1,511.76,0.0,511.76,Credit Card,No
T07562,C0809,2025-02-02,Camera,Electronics,2,380.25,0.1,684.45,Mobile Payment,No
T07563,C0352,2025-12-31,Headphones,Electronics,3,210.82,0.0,632.46,Debit Card,No
T07564,C1138,2025-02-19,Monitor,Electronics,2,432.63,0.0,865.25,Credit Card,No
T07565,C0730,2025-04-24,Camera,Electronics,1,768.16,0.0,768.16,Debit Card,No
T07566,C0453,2025-08-11,Phone,Electronics,1,501.81,0.0,501.81,Debit Card,No
T07567,C1230,2024-11-29,Headphones,Electronics,2,44.64,0.0,89.28,PayPal,No
T07568,C1061,2025-12-31,Headphones,Electronics,1,55.34,0.1,49.8,PayPal,No
T07569,C1414,2025-02-06,Monitor,Electronics,2,155.26,0.05,295.0,Debit Card,No
T07570,C0255,2025-03-29,Phone,Electronics,2,899.15,0.0,1798.3,Debit Card,No
T07571,C0990,2025-01-16,Phone,Electronics,2,761.09,0.0,1522.18,Credit Card,No
T07572,C0367,2025-05-13,Headphones,Electronics,1,181.52,0.05,172.44,Debit Card,No
T07573,C1375,2025-10-28,Laptop,Electronics,1,1211.06,0.0,1211.06,PayPal,No
T07574,C0154,2024-08-07,Tablet,Electronics,1,407.53,0.1,366.78,PayPal,No
T07575,C1001,2025-12-31,Phone,Electronics,4,307.33,0.05,1167.85,Mobile Payment,No
T07576,C1214,2025-12-31,Monitor,Electronics,1,182.52,0.0,182.52,Debit Card,No
T07577,C0541,2025-02-23,Laptop,Electronics,1,1341.46,0.05,1274.39,PayPal,No
T07578,C1436,2025-12-31,Mouse,Electronics,1,15.03,0.0,15.03,Credit Card,No
T07579,C1298,2025-02-01,Camera,Electronics,2,929.19,0.0,1858.39,PayPal,No
T07580,C0453,2025-02-23,Mouse,Electronics,1,68.43,0.0,68.43,Debit Card,Yes
T07581,C0014,2024-09-14,Smartwatch,Electronics,2,205.36,0.0,410.71,PayPal,No
T07582,C0455,2025-07-12,Mouse,Electronics,3,97.87,0.0,293.61,Mobile Payment,No
T07583,C0429,2025-12-10,Monitor,Electronics,1,239.16,0.0,239.16,Credit Card,No
T07584,C1359,2025-02-04,Phone,Electronics,1,760.44,0.15,646.37,PayPal,Yes
T07585,C1454,2024-02-21,Tablet,Electronics,1,497.17,0.0,497.17,Credit Card,No
T07586,C0108,2024-05-04,Tablet,Electronics,1,637.98,0.0,637.98,Credit Card,No
T07587,C0727,2025-05-01,Laptop,Electronics,1,1353.85,0.0,1353.85,Debit Card,No
T07588,C0829,2025-12-31,Speaker,Electronics,1,73.43,0.0,73.43,Credit Card,No
T07589,C0149,2025-11-06,Speaker,Electronics,1,120.01,0.0,120.01,Debit Card,Yes
T07590,C0585,2025-06-30,Phone,Electronics,3,803.02,0.0,2409.06,Mobile Payment,No
T07591,C0488,2025-06-08,Keyboard,Electronics,1,60.44,0.1,54.4,Credit Card,No
T07592,C0810,2024-09-30,Monitor,Electronics,1,320.34,0.15,272.29,Debit Card,No
T07593,C1006,2025-09-11,Mouse,Electronics,1,68.21,0.0,68.21,Credit Card,No
T07594,C1071,2025-01-23,Keyboard,Electronics,1,112.25,0.0,112.25,Debit Card,No
T07595,C0211,2025-10-12,Phone,Electronics,2,666.39,0.0,1332.79,PayPal,No
T07596,C1248,2025-06-13,Mouse,Electronics,1,75.65,0.0,75.65,Mobile Payment,No
T07597,C1032,2024-12-20,Keyboard,Electronics,4,137.96,0.0,551.84,Credit Card,No
T07598,C1358,2025-01-25,Keyboard,Electronics,1,139.32,0.1,125.39,Debit Card,No
T07599,C0698,2024-12-29,Headphones,Electronics,4,218.42,0.0,873.67,PayPal,No
T07600,C1366,2025-12-31,Speaker,Electronics,3,132.71,0.1,358.32,Credit Card,No
T07601,C1316,2025-09-12,Camera,Electronics,1,339.77,0.2,271.81,Mobile Payment,No
T07602,C0682,2025-04-15,Keyboard,Electronics,1,79.07,0.0,79.07,Credit Card,Yes
T07603,C0588,2024-07-29,Laptop,Electronics,1,1338.1,0.15,1137.39,Debit Card,No
T07604,C1409,2025-11-02,Headphones,Electronics,3,45.84,0.05,130.66,Credit Card,No
T07605,C1095,2025-07-15,Mouse,Electronics,2,69.99,0.0,139.98,Credit Card,No
T07606,C1403,2025-03-26,Phone,Electronics,1,525.05,0.0,525.05,PayPal,No
T07607,C1222,2024-07-13,Headphones,Electronics,1,205.1,0.05,194.84,Debit Card,No
T07608,C0921,2025-04-23,Phone,Electronics,2,853.57,0.05,1621.79,Debit Card,Yes
T07609,C0175,2024-08-13,Headphones,Electronics,1,179.2,0.1,161.28,Credit Card,No
T07610,C0449,2025-07-28,Laptop,Electronics,1,768.96,0.05,730.52,Debit Card,No
T07611,C1457,2025-07-02,Phone,Electronics,1,266.06,0.0,266.06,Mobile Payment,No
T07612,C0490,2025-05-23,Monitor,Electronics,2,211.47,0.0,422.93,Debit Card,No
T07613,C0149,2025-10-16,Camera,Electronics,2,589.64,0.0,1179.28,Debit Card,No
T07614,C1082,2025-12-31,Monitor,Electronics,1,258.64,0.0,258.64,Mobile Payment,No
T07615,C1125,2025-12-15,Monitor,Electronics,1,316.39,0.0,316.39,PayPal,No
T07616,C0437,2025-07-20,Smartwatch,Electronics,1,101.49,0.05,96.42,Credit Card,No
T07617,C0457,2025-04-18,Tablet,Electronics,1,533.68,0.0,533.68,Debit Card,No
T07618,C0724,2025-01-28,Phone,Electronics,1,799.44,0.05,759.47,Mobile Payment,No
T07619,C0033,2025-11-12,Phone,Electronics,1,567.17,0.0,567.17,Mobile Payment,No
T07620,C1211,2024-09-22,Smartwatch,Electronics,2,337.39,0.0,674.79,Mobile Payment,No
T07621,C0488,2024-06-10,Mouse,Electronics,1,25.23,0.05,23.97,Mobile Payment,No
T07622,C1300,2025-12-31,Phone,Electronics,1,318.78,0.0,318.78,PayPal,No
T07623,C1231,2025-12-31,Mouse,Electronics,1,32.03,0.2,25.63,PayPal,No
T07624,C1007,2024-06-23,Speaker,Electronics,1,295.3,0.05,280.53,PayPal,No
T07625,C0499,2024-06-08,Laptop,Electronics,1,991.55,0.0,991.55,Debit Card,No
T07626,C0782,2024-09-04,Keyboard,Electronics,1,168.24,0.05,159.82,Debit Card,No
T07627,C0695,2025-12-31,Headphones,Electronics,1,68.38,0.0,68.38,Credit Card,No
T07628,C0519,2024-08-02,Monitor,Electronics,1,530.75,0.0,530.75,Credit Card,No
T07629,C1294,2025-05-02,Monitor,Electronics,1,289.51,0.0,289.51,Credit Card,Yes
T07630,C0743,2024-07-15,Smartwatch,Electronics,1,272.98,0.05,259.33,Debit Card,No
T07631,C1278,2025-12-31,Keyboard,Electronics,1,176.04,0.0,176.04,PayPal,Yes
T07632,C0162,2024-09-24,Keyboard,Electronics,1,169.62,0.1,152.66,Mobile Payment,Yes
T07633,C0218,2025-04-30,Headphones,Electronics,1,187.95,0.0,187.95,Credit Card,No
T07634,C1469,2025-12-31,Phone,Electronics,1,282.63,0.05,268.5,Debit Card,No
T07635,C0891,2025-03-22,Mouse,Electronics,2,66.66,0.05,126.65,PayPal,No
T07636,C0772,2025-09-06,Laptop,Electronics,1,1284.81,0.0,1284.81,PayPal,No
T07637,C0794,2025-10-26,Tablet,Electronics,1,367.68,0.1,330.92,PayPal,No
T07638,C0325,2025-01-14,Phone,Electronics,2,725.27,0.0,1450.54,Mobile Payment,No
T07639,C1103,2024-11-02,Headphones,Electronics,1,56.24,0.1,50.62,Mobile Payment,No
T07640,C0134,2025-05-08,Tablet,Electronics,1,263.08,0.0,263.08,Credit Card,No
T07641,C0868,2025-09-10,Mouse,Electronics,1,69.72,0.0,69.72,Mobile Payment,No
T07642,C0864,2025-08-05,Tablet,Electronics,2,385.44,0.0,770.88,Mobile Payment,No
T07643,C1384,2024-04-02,Keyboard,Electronics,1,58.83,0.05,55.89,Mobile Payment,No
T07644,C0799,2025-06-29,Monitor,Electronics,2,277.29,0.05,526.86,Debit Card,No
T07645,C0211,2025-11-04,Smartwatch,Electronics,2,239.49,0.0,478.97,Mobile Payment,No
T07646,C0867,2025-12-31,Headphones,Electronics,3,167.82,0.0,503.46,Credit Card,Yes
T07647,C0146,2025-12-31,Camera,Electronics,1,486.85,0.05,462.51,Mobile Payment,No
T07648,C0307,2024-09-18,Laptop,Electronics,1,1368.64,0.0,1368.64,PayPal,No
T07649,C0045,2025-08-07,Keyboard,Electronics,1,26.27,0.05,24.95,Credit Card,No
T07650,C0776,2025-08-06,Laptop,Electronics,1,1190.04,0.0,1190.04,Mobile Payment,No
T07651,C0134,2024-11-20,Mouse,Electronics,1,39.74,0.0,39.74,Mobile Payment,No
T07652,C0726,2025-01-16,Tablet,Electronics,2,404.9,0.05,769.31,Debit Card,No
T07653,C1409,2025-08-20,Headphones,Electronics,2,138.27,0.1,248.89,PayPal,No
T07654,C1105,2025-12-31,Headphones,Electronics,2,136.69,0.0,273.38,Credit Card,No
T07655,C0121,2025-06-04,Camera,Electronics,1,998.65,0.05,948.72,Debit Card,No
T07656,C0336,2024-10-03,Phone,Electronics,1,785.49,0.0,785.49,Credit Card,No
T07657,C1026,2025-02-22,Mouse,Electronics,1,21.23,0.1,19.11,PayPal,No
T07658,C1366,2025-12-31,Speaker,Electronics,2,222.78,0.0,445.56,Debit Card,No
T07659,C0047,2025-06-04,Laptop,Electronics,1,979.34,0.1,881.41,Credit Card,No
T07660,C1247,2025-05-24,Speaker,Electronics,1,252.83,0.0,252.83,Debit Card,No
T07661,C0847,2025-03-03,Laptop,Electronics,1,1126.22,0.1,1013.6,Debit Card,No
T07662,C0828,2025-08-06,Camera,Electronics,3,309.21,0.0,927.64,PayPal,No
T07663,C1441,2025-12-31,Speaker,Electronics,3,213.28,0.0,639.84,Credit Card,No
T07664,C1148,2025-08-12,Speaker,Electronics,3,280.68,0.05,799.95,PayPal,No
T07665,C1297,2025-02-17,Monitor,Electronics,3,187.39,0.0,562.18,Debit Card,No
T07666,C0541,2024-09-25,Camera,Electronics,1,744.81,0.0,744.81,Debit Card,No
T07667,C0837,2024-05-18,Phone,Electronics,3,656.8,0.0,1970.41,PayPal,No
T07668,C0931,2024-08-14,Headphones,Electronics,1,67.21,0.0,67.21,Debit Card,No
T07669,C0493,2024-12-23,Tablet,Electronics,1,485.83,0.1,437.24,Debit Card,No
T07670,C0864,2025-05-12,Headphones,Electronics,1,39.46,0.0,39.46,Mobile Payment,No
T07671,C0352,2025-12-31,Mouse,Electronics,1,91.98,0.0,91.98,Mobile Payment,No
T07672,C0220,2025-09-16,Phone,Electronics,2,745.73,0.15,1267.73,Credit Card,No
T07673,C0576,2024-09-30,Speaker,Electronics,1,284.67,0.1,256.2,Debit Card,No
T07674,C1132,2025-10-02,Mouse,Electronics,2,50.57,0.0,101.13,PayPal,No
T07675,C1387,2025-07-04,Camera,Electronics,3,330.78,0.0,992.35,Debit Card,No
T07676,C0710,2025-01-24,Smartwatch,Electronics,1,159.04,0.0,159.04,Debit Card,No
T07677,C0978,2025-03-01,Smartwatch,Electronics,1,209.57,0.05,199.09,Mobile Payment,Yes
T07678,C0159,2024-11-08,Laptop,Electronics,1,1355.11,0.05,1287.35,Credit Card,No
T07679,C1376,2025-05-30,Monitor,Electronics,1,547.38,0.2,437.9,Debit Card,No
T07680,C0862,2025-07-09,Tablet,Electronics,1,459.21,0.0,459.21,Debit Card,No
T07681,C1200,2025-03-16,Phone,Electronics,2,724.34,0.1,1303.81,Credit Card,No
T07682,C1216,2025-08-05,Headphones,Electronics,1,211.24,0.0,211.24,Debit Card,No
T07683,C0387,2025-02-13,Mouse,Electronics,1,87.3,0.0,87.3,Debit Card,No
T07684,C0803,2025-07-30,Tablet,Electronics,1,489.65,0.15,416.2,Credit Card,No
T07685,C1444,2025-08-28,Headphones,Electronics,2,132.61,0.05,251.96,Mobile Payment,No
T07686,C0143,2024-08-23,Headphones,Electronics,1,120.45,0.05,114.43,Debit Card,No
T07687,C1039,2025-05-18,Laptop,Electronics,2,1229.63,0.0,2459.25,PayPal,Yes
T07688,C1447,2025-11-15,Keyboard,Electronics,1,150.36,0.2,120.29,Mobile Payment,No
T07689,C0462,2025-05-31,Keyboard,Electronics,1,58.73,0.0,58.73,Debit Card,No
T07690,C1312,2025-09-13,Speaker,Electronics,1,163.25,0.0,163.25,PayPal,No
T07691,C1410,2025-04-13,Tablet,Electronics,2,542.44,0.0,1084.88,Debit Card,Yes
T07692,C1147,2024-06-14,Headphones,Electronics,1,158.38,0.0,158.38,Debit Card,No
T07693,C0345,2025-05-24,Headphones,Electronics,3,142.4,0.0,427.2,Debit Card,No
T07694,C0509,2025-04-19,Speaker,Electronics,2,124.17,0.0,248.34,Credit Card,Yes
T07695,C0051,2024-04-14,Headphones,Electronics,1,145.75,0.15,123.89,Mobile Payment,No
T07696,C1276,2025-12-31,Headphones,Electronics,1,146.31,0.0,146.31,PayPal,No
T07697,C1296,2024-05-05,Tablet,Electronics,2,383.24,0.05,728.16,Mobile Payment,No
T07698,C0958,2025-03-05,Laptop,Electronics,3,1372.21,0.1,3704.97,Mobile Payment,No
T07699,C0536,2025-11-17,Phone,Electronics,1,674.53,0.1,607.08,Mobile Payment,No
T07700,C0118,2025-08-02,Mouse,Electronics,1,87.31,0.1,78.58,Credit Card,Yes
T07701,C1152,2025-03-12,Mouse,Electronics,1,25.96,0.05,24.66,PayPal,No
T07702,C1114,2024-06-18,Tablet,Electronics,2,535.69,0.0,1071.37,Mobile Payment,Yes
T07703,C1383,2025-11-14,Monitor,Electronics,2,420.84,0.0,841.68,PayPal,No
T07704,C1122,2025-07-26,Tablet,Electronics,2,324.89,0.0,649.78,Debit Card,No
T07705,C1271,2025-12-31,Mouse,Electronics,1,26.59,0.0,26.59,Credit Card,No
T07706,C1144,2024-11-15,Camera,Electronics,1,641.68,0.15,545.43,PayPal,No
T07707,C0955,2025-07-21,Camera,Electronics,1,697.24,0.1,627.52,PayPal,No
T07708,C0660,2025-05-12,Phone,Electronics,3,341.5,0.1,922.04,Debit Card,Yes
T07709,C1375,2025-09-30,Mouse,Electronics,3,71.96,0.0,215.88,Mobile Payment,No
T07710,C0992,2025-01-01,Speaker,Electronics,2,119.85,0.1,215.73,PayPal,No
T07711,C0616,2025-12-11,Mouse,Electronics,3,83.51,0.05,238.01,Debit Card,No
T07712,C0132,2025-02-17,Headphones,Electronics,2,153.19,0.0,306.37,Debit Card,No
T07713,C0448,2024-07-02,Mouse,Electronics,2,41.39,0.0,82.79,Credit Card,No
T07714,C0823,2024-10-15,Mouse,Electronics,1,45.6,0.1,41.04,Debit Card,No
T07715,C0425,2025-02-05,Headphones,Electronics,1,209.01,0.05,198.56,Debit Card,No
T07716,C0330,2025-08-29,Phone,Electronics,3,866.28,0.0,2598.83,Mobile Payment,Yes
T07717,C0800,2025-12-21,Keyboard,Electronics,2,89.85,0.0,179.69,Debit Card,No
T07718,C0260,2025-12-31,Smartwatch,Electronics,1,256.96,0.1,231.26,PayPal,No
T07719,C1227,2025-03-18,Speaker,Electronics,1,294.79,0.0,294.79,PayPal,No
T07720,C0744,2025-12-28,Phone,Electronics,2,896.13,0.0,1792.27,Credit Card,No
T07721,C0869,2025-07-20,Mouse,Electronics,1,21.13,0.05,20.07,Credit Card,No
T07722,C0228,2024-08-19,Laptop,Electronics,1,1087.45,0.15,924.33,PayPal,No
T07723,C0499,2024-03-21,Speaker,Electronics,1,228.92,0.0,228.92,Mobile Payment,No
T07724,C0636,2024-05-13,Laptop,Electronics,1,830.81,0.0,830.81,Mobile Payment,No
T07725,C1239,2025-09-07,Headphones,Electronics,4,186.16,0.0,744.65,PayPal,No
T07726,C1182,2025-11-04,Laptop,Electronics,2,1027.92,0.0,2055.84,Debit Card,No
T07727,C0334,2024-09-07,Keyboard,Electronics,1,102.15,0.0,102.15,Debit Card,No
T07728,C0931,2025-01-04,Headphones,Electronics,2,82.12,0.1,147.82,PayPal,No
T07729,C0365,2025-12-31,Mouse,Electronics,1,40.51,0.1,36.46,Credit Card,No
T07730,C1483,2025-05-06,Monitor,Electronics,1,187.88,0.0,187.88,Debit Card,No
T07731,C1433,2025-02-10,Headphones,Electronics,2,206.99,0.0,413.98,Credit Card,No
T07732,C0850,2024-12-13,Headphones,Electronics,2,102.55,0.0,205.11,Credit Card,No
T07733,C1063,2025-07-15,Phone,Electronics,1,355.45,0.05,337.68,Credit Card,No
T07734,C1229,2025-12-31,Phone,Electronics,2,342.53,0.2,548.05,PayPal,No
T07735,C1109,2025-04-22,Mouse,Electronics,3,49.63,0.05,141.44,Mobile Payment,No
T07736,C1065,2025-12-31,Monitor,Electronics,1,434.49,0.1,391.04,Debit Card,No
T07737,C1441,2025-04-05,Laptop,Electronics,1,1244.45,0.0,1244.45,Debit Card,No
T07738,C0904,2025-10-23, phone ,Electronics,3,168.31,0.0,504.94,PayPal,No
T07739,C0965,2024-12-04,Laptop,Electronics,4,1144.99,0.0,4579.97,Debit Card,No
T07740,C1296,2025-01-22,Monitor,Electronics,1,339.3,0.0,339.3,PayPal,No
T07741,C1020,2025-05-02,Speaker,Electronics,1,149.71,0.0,149.71,Credit Card,No
T07742,C1124,2025-10-17,Tablet,Electronics,3,449.96,0.0,1349.87,Credit Card,No
T07743,C0349,2025-05-14,Mouse,Electronics,1,60.73,0.0,60.73,Credit Card,No
T07744,C0572,2025-06-11,Mouse,Electronics,1,69.47,0.05,66.0,Debit Card,No
T07745,C0228,2025-03-12,Headphones,Electronics,1,125.65,0.0,125.65,Credit Card,No
T07746,C0767,2024-06-19,Keyboard,Electronics,1,34.14,0.05,32.44,Debit Card,No
T07747,C0707,2025-12-31,Monitor,Electronics,1,375.33,0.0,375.33,Debit Card,No
T07748,C1496,2025-04-16,Tablet,Electronics,1,190.59,0.0,190.59,Mobile Payment,No
T07749,C0925,2025-09-26,Smartwatch,Electronics,1,112.38,0.15,95.52,Credit Card,No
T07750,C1206,2025-01-20,Mouse,Electronics,1,47.93,0.05,45.53,Debit Card,No
T07751,C0510,2025-04-24,Speaker,Electronics,1,183.34,0.0,183.34,Mobile Payment,No
T07752,C1276,2025-12-31,Keyboard,Electronics,1,53.65,0.0,53.65,Credit Card,No
T07753,C0929,2025-12-31,Headphones,Electronics,1,82.5,0.2,66.0,Mobile Payment,No
T07754,C1061,2025-06-29,Mouse,Electronics,3,46.81,0.0,140.42,Credit Card,No
T07755,C0453,2024-12-24,Keyboard,Electronics,2,55.57,0.05,105.58,PayPal,No
T07756,C0830,2024-12-21,Keyboard,Electronics,3,179.81,0.05,512.45,Credit Card,No
T07757,C0960,2025-10-01,Camera,Electronics,1,1024.24,0.0,1024.24,Debit Card,No
T07758,C0893,2025-09-15,Speaker,Electronics,3,250.84,0.0,752.53,Mobile Payment,No
T07759,C1385,2024-09-04,Phone,Electronics,2,619.76,0.0,1239.52,PayPal,No
T07760,C1369,2025-02-19,Tablet,Electronics,4,631.82,0.15,2148.2,Credit Card,No
T07761,C1461,2025-09-19,Mouse,Electronics,1,77.24,0.0,77.24,Mobile Payment,No
T07762,C1015,2025-04-24,Keyboard,Electronics,2,76.29,0.05,144.94,PayPal,No
T07763,C1461,2025-06-17,Mouse,Electronics,1,66.89,0.15,56.86,Mobile Payment,No
T07764,C1278,2025-06-15,Headphones,Electronics,3,133.3,0.1,359.92,Credit Card,No
T07765,C0414,2025-05-30,Headphones,Electronics,1,140.25,0.0,140.25,Credit Card,Yes
T07766,C0661,2025-09-20,Phone,Electronics,3,781.52,0.0,2344.57,PayPal,No
T07767,C0355,2025-07-26, phone ,Electronics,1,103.98,0.1,93.58,Mobile Payment,No
T07768,C0005,2025-04-04,Phone,Electronics,1,723.62,0.2,578.89,PayPal,No
T07769,C0286,2025-12-31,Mouse,Electronics,1,36.3,0.0,36.3,Debit Card,No
T07770,C0005,2025-01-05,Speaker,Electronics,1,282.34,0.0,282.34,Debit Card,Yes
T07771,C1105,2025-10-11,Tablet,Electronics,1,220.6,0.15,187.51,Debit Card,No
T07772,C0656,2025-02-20,Phone,Electronics,1,895.83,0.1,806.24,Mobile Payment,No
T07773,C0481,2025-12-31,Laptop,Electronics,1,1142.87,0.0,1142.87,Mobile Payment,Yes
T07774,C1165,2025-12-31,Headphones,Electronics,2,119.29,0.2,190.87,Credit Card,No
T07775,C1278,2025-08-08,Phone,Electronics,1,452.01,0.0,452.01,Debit Card,No
T07776,C1466,2024-10-26,Monitor,Electronics,1,332.31,0.0,332.31,PayPal,No
T07777,C0976,2025-11-15,Monitor,Electronics,1,502.09,0.05,476.99,Debit Card,No
T07778,C0715,2025-05-17,Headphones,Electronics,3,56.49,0.0,169.48,PayPal,No
T07779,C0471,2024-11-10,Mouse,Electronics,1,36.48,0.0,36.48,Credit Card,No
T07780,C0332,2025-06-27,Speaker,Electronics,1,72.17,0.15,61.34,Mobile Payment,Yes
T07781,C0321,2024-10-23,Phone,Electronics,1,527.33,0.0,527.33,Debit Card,No
T07782,C0635,2025-07-12,Camera,Electronics,1,648.5,0.0,648.5,Mobile Payment,Yes
T07783,C1486,2025-03-25,Phone,Electronics,2,671.71,0.05,1276.25,PayPal,No
T07784,C0001,2025-07-05,Phone,Electronics,4,897.22,0.0,3588.86,Debit Card,No
T07785,C0300,2024-11-19,Keyboard,Electronics,1,163.32,0.05,155.15,PayPal,No
T07786,C0287,2025-10-29,Tablet,Electronics,1,593.78,0.0,593.78,Credit Card,No
T07787,C1100,2025-04-07,Laptop,Electronics,2,1152.0,0.05,2188.79,Debit Card,No
T07788,C0536,2025-05-20,Tablet,Electronics,3,307.19,0.0,921.56,Debit Card,No
T07789,C0709,2025-01-12,Speaker,Electronics,1,139.86,0.0,139.86,Debit Card,No
T07790,C0231,2025-04-02,Phone,Electronics,1,412.58,0.0,412.58,Credit Card,No
T07791,C0628,2025-12-31,Smartwatch,Electronics,1,99.17,0.15,84.3,Debit Card,No
T07792,C0159,2025-07-03,Mouse,Electronics,2,52.06,0.1,93.71,PayPal,No
T07793,C0808,2025-08-13,Phone,Electronics,1,833.4,0.1,750.06,Debit Card,No
T07794,C0152,2024-12-15,Tablet,Electronics,2,529.61,0.1,953.29,Mobile Payment,No
T07795,C1212,2024-12-08,Phone,Electronics,1,890.14,0.05,845.64,PayPal,No
T07796,C0859,2025-09-05,Laptop,Electronics,1,836.37,0.0,836.37,PayPal,No
T07797,C1112,2025-06-05,Phone,Electronics,3,575.35,0.0,1726.06,Mobile Payment,No
T07798,C0645,2025-01-02,Phone,Electronics,1,765.48,0.05,727.21,Debit Card,No
T07799,C0588,2025-03-26,Phone,Electronics,1,549.3,0.0,549.3,Mobile Payment,No
T07800,C0152,2024-04-04,Phone,Electronics,1,480.79,0.0,480.79,Credit Card,No
T07801,C0795,2024-11-06,Monitor,Electronics,2,517.15,0.0,1034.3,PayPal,No
T07802,C0780,2025-02-02,Tablet,Electronics,1,382.24,0.0,382.24,Mobile Payment,No
T07803,C0723,2025-08-23,Speaker,Electronics,4,277.37,0.0,1109.49,Mobile Payment,No
T07804,C1134,2025-07-30,Phone,Electronics,3,424.46,0.0,1273.38,Credit Card,No
T07805,C1278,2025-09-28,Keyboard,Electronics,1,163.95,0.0,163.95,Credit Card,No
T07806,C1151,2025-02-04,Speaker,Electronics,3,112.4,0.0,337.2,Credit Card,No
T07807,C0221,2025-10-18,Laptop,Electronics,2,902.7,0.1,1624.85,Debit Card,Yes
T07808,C0943,2025-02-14,Monitor,Electronics,1,339.26,0.1,305.34,Credit Card,No
T07809,C0127,2025-08-30,Monitor,Electronics,1,382.12,0.15,324.8,Debit Card,No
T07810,C1058,2025-12-31,Speaker,Electronics,1,148.74,0.0,148.74,Mobile Payment,No
T07811,C0588,2025-08-09,Mouse,Electronics,1,88.28,0.1,79.45,Debit Card,No
T07812,C0204,2025-06-18,Headphones,Electronics,1,181.16,0.05,172.1,Credit Card,No
T07813,C1312,2025-05-25,Mouse,Electronics,1,41.34,0.0,41.34,Mobile Payment,No
T07814,C0928,2025-09-22,Keyboard,Electronics,1,104.29,0.05,99.07,PayPal,No
T07815,C0541,2024-08-23,Headphones,Electronics,1,111.9,0.1,100.71,Credit Card,Yes
T07816,C0044,2025-02-23,Smartwatch,Electronics,2,76.26,0.0,152.52,PayPal,No
T07817,C0811,2025-01-30,Mouse,Electronics,3,78.59,0.1,212.2,PayPal,No
T07818,C1395,2025-10-14,Laptop,Electronics,2,827.17,0.1,1488.9,Debit Card,No
T07819,C0903,2025-08-09,Camera,Electronics,1,1140.73,0.05,1083.69,Credit Card,No
T07820,C1461,2025-12-31,Headphones,Electronics,1,105.58,0.15,89.74,Mobile Payment,No
T07821,C0210,2025-04-22,Mouse,Electronics,1,67.89,0.0,67.89,PayPal,No
T07822,C0860,2025-12-31,Headphones,Electronics,1,185.48,0.1,166.93,Credit Card,No
T07823,C1224,2025-07-17,Camera,Electronics,2,462.27,0.05,878.31,Credit Card,No
T07824,C0797,2025-09-03,Mouse,Electronics,3,61.0,0.1,164.69,Credit Card,No
T07825,C0146,2025-06-28,Keyboard,Electronics,2,61.8,0.0,123.6,Mobile Payment,No
T07826,C0884,2025-12-31,Speaker,Electronics,3,172.51,0.0,517.54,Debit Card,No
T07827,C0927,2025-03-17,Tablet,Electronics,1,452.33,0.15,384.48,Credit Card,No
T07828,C1119,2025-03-24,Laptop,Electronics,2,818.4,0.1,1473.12,Credit Card,No
T07829,C1165,2025-10-12,Monitor,Electronics,3,411.37,0.0,1234.11,Mobile Payment,No
T07830,C1183,2024-05-18,Headphones,Electronics,1,116.43,0.1,104.79,PayPal,No
T07831,C1009,2024-11-26,Monitor,Electronics,3,384.9,0.0,1154.7,Credit Card,Yes
T07832,C0326,2025-07-24,Keyboard,Electronics,1,165.27,0.0,165.27,Mobile Payment,No
T07833,C0626,2025-02-05,Keyboard,Electronics,3,99.99,0.0,299.97,Credit Card,No
T07834,C1192,2025-02-16,Headphones,Electronics,2,120.47,0.0,240.94,Debit Card,No
T07835,C1434,2025-12-31,Camera,Electronics,1,723.36,0.0,723.36,Credit Card,No
T07836,C0124,2025-05-13,Mouse,Electronics,1,67.96,0.1,61.17,Credit Card,No
T07837,C0809,2025-08-08,Camera,Electronics,2,630.77,0.15,1072.3,Debit Card,No
T07838,C0481,2025-07-20,Speaker,Electronics,1,248.35,0.0,248.35,Debit Card,No
T07839,C0337,2025-08-25,Phone,Electronics,1,435.93,0.0,435.93,Debit Card,No
T07840,C0767,2025-10-13,Mouse,Electronics,1,40.46,0.05,38.44,Credit Card,No
T07841,C0919,2024-12-24,Tablet,Electronics,1,456.71,0.0,456.71,Mobile Payment,No
T07842,C0017,2025-07-31,Camera,Electronics,1,533.9,0.0,533.9,Credit Card,No
T07843,C1200,2025-02-08,Mouse,Electronics,4,22.65,0.0,90.58,Debit Card,No
T07844,C1259,2024-10-10,Phone,Electronics,2,383.63,0.15,652.17,Debit Card,No
T07845,C1453,2024-12-14,Speaker,Electronics,1,277.55,0.1,249.8,Mobile Payment,No
T07846,C0276,2025-12-31,Mouse,Electronics,1,15.91,0.1,14.32,Mobile Payment,No
T07847,C0901,2024-12-16,Speaker,Electronics,2,74.7,0.0,149.4,Mobile Payment,No
T07848,C0659,2025-12-31,Phone,Electronics,1,742.73,0.05,705.59,PayPal,No
T07849,C0511,2025-08-21,Camera,Electronics,1,1181.87,0.15,1004.59,Debit Card,No
T07850,C0858,2024-06-21,Mouse,Electronics,1,73.5,0.05,69.82,Credit Card,No
T07851,C1202,2024-08-12,Keyboard,Electronics,1,167.96,0.0,167.96,Mobile Payment,Yes
T07852,C0036,2025-06-17,Smartwatch,Electronics,1,308.02,0.1,277.22,PayPal,No
T07853,C1458,2025-05-18,Mouse,Electronics,1,55.8,0.0,55.8,Credit Card,No
T07854,C1242,2025-01-15,Mouse,Electronics,3,43.35,0.05,123.55,Credit Card,No
T07855,C1151,2025-03-14,Tablet,Electronics,1,477.15,0.0,477.15,PayPal,No
T07856,C1164,2025-12-31,Smartwatch,Electronics,1,214.73,0.0,214.73,Mobile Payment,No
T07857,C0604,2025-06-15,Mouse,Electronics,1,17.2,0.0,17.2,Credit Card,No
T07858,C1151,2025-04-03,Camera,Electronics,1,1161.57,0.2,929.25,Debit Card,No
T07859,C0599,2024-08-05,Headphones,Electronics,2,138.35,0.0,276.69,Mobile Payment,No
T07860,C1369,2024-02-11,Headphones,Electronics,1,196.15,0.0,196.15,Mobile Payment,No
T07861,C0271,2024-08-03,Laptop,Electronics,2,1214.24,0.1,2185.63,PayPal,No
T07862,C0449,2025-12-31,Smartwatch,Electronics,4,158.84,0.05,603.6,Debit Card,No
T07863,C0832,2025-02-16,Headphones,Electronics,1,201.22,0.15,171.04,Debit Card,No
T07864,C0490,2024-07-06,Tablet,Electronics,1,551.5,0.1,496.35,Debit Card,No
T07865,C0653,2024-06-18,Mouse,Electronics,1,51.53,0.0,51.53,Debit Card,No
T07866,C0757,2025-12-31,Tablet,Electronics,2,575.02,0.05,1092.55,PayPal,No
T07867,C1303,2025-12-31,Speaker,Electronics,2,110.6,0.0,221.21,Debit Card,No
T07868,C0794,2025-12-31,Keyboard,Electronics,1,128.96,0.15,109.61,Credit Card,No
T07869,C0556,2025-05-06,Speaker,Electronics,2,69.79,0.0,139.58,PayPal,No
T07870,C0372,2025-10-16,Laptop,Electronics,1,1306.04,0.0,1306.04,Debit Card,No
T07871,C0635,2025-12-31,Headphones,Electronics,4,168.59,0.15,573.21,PayPal,No
T07872,C0781,2025-03-30,Headphones,Electronics,3,58.99,0.0,176.96,PayPal,No
T07873,C1144,2025-03-18,Mouse,Electronics,2,16.81,0.0,33.63,Debit Card,No
T07874,C0184,2025-12-31,Phone,Electronics,1,503.41,0.1,453.07,Mobile Payment,No
T07875,C0332,2025-10-02,Headphones,Electronics,1,158.3,0.0,158.3,Debit Card,No
T07876,C0587,2025-08-25,Speaker,Electronics,1,113.62,0.05,107.94,PayPal,No
T07877,C0552,2025-12-31,Phone,Electronics,1,882.62,0.05,838.49,PayPal,No
T07878,C0606,2024-10-06,Mouse,Electronics,2,94.45,0.0,188.9,Debit Card,No
T07879,C1216,2025-06-08,Mouse,Electronics,3,65.82,0.0,197.47,Credit Card,No
T07880,C0498,2025-04-05,Phone,Electronics,2,455.14,0.1,819.25,Mobile Payment,No
T07881,C0765,2025-03-01,Mouse,Electronics,1,91.18,0.0,91.18,Debit Card,Yes
T07882,C0947,2025-02-10,Keyboard,Electronics,1,149.54,0.1,134.58,Credit Card,Yes
T07883,C0347,2025-04-05,Tablet,Electronics,1,220.49,0.0,220.49,Debit Card,No
T07884,C1103,2025-02-08,Tablet,Electronics,2,403.87,0.0,807.74,Mobile Payment,No
T07885,C0828,2025-11-15,Camera,Electronics,3,1183.09,0.05,3371.82,Debit Card,No
T07886,C0696,2025-12-31,Tablet,Electronics,1,393.34,0.0,393.34,Debit Card,No
T07887,C1242,2025-03-02,Monitor,Electronics,1,569.81,0.0,569.81,Debit Card,No
T07888,C0365,2025-06-21,Mouse,Electronics,2,98.07,0.1,176.53,Credit Card,Yes
T07889,C1347,2024-09-10,Phone,Electronics,1,501.78,0.0,501.78,Credit Card,No
T07890,C0847,2025-08-10,Speaker,Electronics,3,290.79,0.0,872.36,Mobile Payment,No
T07891,C0921,2024-12-18,Tablet,Electronics,2,244.83,0.0,489.66,Mobile Payment,No
T07892,C1332,2025-12-31,Tablet,Electronics,1,255.26,0.0,255.26,Credit Card,No
T07893,C1256,2025-08-22,Mouse,Electronics,2,38.51,0.0,77.01,Mobile Payment,No
T07894,C0909,2025-03-29,Laptop,Electronics,2,1027.29,0.05,1951.85,PayPal,No
T07895,C1152,2025-07-17,Keyboard,Electronics,1,53.06,0.0,53.06,PayPal,No
T07896,C0673,2024-02-23,Speaker,Electronics,1,128.45,0.0,128.45,Debit Card,No
T07897,C0828,2025-05-01,Tablet,Electronics,2,228.72,0.0,457.43,Debit Card,No
T07898,C0097,2025-12-31,Headphones,Electronics,2,111.7,0.0,223.4,Debit Card,No
T07899,C0144,2025-05-14,Tablet,Electronics,1,568.91,0.0,568.91,PayPal,Yes
T07900,C1271,2025-12-31,Smartwatch,Electronics,3,232.57,0.05,662.81,Mobile Payment,No
T07901,C0092,2025-03-28,Phone,Electronics,1,776.6,0.0,776.6,Credit Card,No
T07902,C0260,2025-12-31,Headphones,Electronics,2,55.79,0.15,94.84,Mobile Payment,No
T07903,C1219,2025-04-14,Keyboard,Electronics,2,86.91,0.1,156.44,Credit Card,Yes
T07904,C0002,2025-09-16,Headphones,Electronics,1,37.47,0.1,33.72,Mobile Payment,No
T07905,C0430,2025-06-10,Laptop,Electronics,1,958.99,0.1,863.09,PayPal,No
T07906,C0887,2025-01-08,Speaker,Electronics,2,199.77,0.15,339.61,PayPal,Yes
T07907,C0902,2025-07-08,Headphones,Electronics,1,138.09,0.0,138.09,Mobile Payment,No
T07908,C1194,2024-05-21,Headphones,Electronics,2,41.46,0.2,66.34,Credit Card,No
T07909,C0767,2025-06-17,Phone,Electronics,1,290.34,0.15,246.79,PayPal,No
T07910,C0772,2025-08-14,Camera,Electronics,1,574.56,0.0,574.56,Mobile Payment,No
T07911,C1113,2024-10-12,Tablet,Electronics,1,542.56,0.1,488.3,Debit Card,Yes
T07912,C0763,2025-09-04,Laptop,Electronics,1,714.4,0.15,607.24,Debit Card,No
T07913,C0920,2024-08-01,Tablet,Electronics,4,469.49,0.0,1877.94,Credit Card,No
T07914,C1368,2024-11-30,Speaker,Electronics,1,87.76,0.1,78.99,Debit Card,No
T07915,C0623,2025-02-28,Phone,Electronics,1,863.81,0.0,863.81,PayPal,No
T07916,C0596,2025-08-08,Laptop,Electronics,2,1001.15,0.1,1802.07,Credit Card,No
T07917,C0005,2024-11-05,Keyboard,Electronics,1,32.42,0.0,32.42,Debit Card,Yes
T07918,C0928,2025-08-26,Headphones,Electronics,3,165.59,0.0,496.77,Debit Card,No
T07919,C0043,2025-10-10,Smartwatch,Electronics,1,200.54,0.2,160.43,Mobile Payment,No
T07920,C0765,2025-12-23,Mouse,Electronics,1,89.91,0.0,89.91,Debit Card,No
T07921,C1234,2025-12-31,Phone,Electronics,2,673.69,0.1,1212.64,Debit Card,No
T07922,C0831,2025-05-20,Keyboard,Electronics,2,132.34,0.1,238.21,Debit Card,No
T07923,C0412,2025-12-31,Laptop,Electronics,2,1237.08,0.1,2226.75,Debit Card,No
T07924,C1206,2024-12-20,Headphones,Electronics,3,109.87,0.1,296.64,Debit Card,Yes
T07925,C0412,2025-12-31,Mouse,Electronics,3,82.37,0.15,210.03,Mobile Payment,No
T07926,C1124,2025-12-31,Headphones,Electronics,1,39.62,0.05,37.64,Debit Card,No
T07927,C0922,2025-08-15,Phone,Electronics,1,747.59,0.0,747.59,Debit Card,No
T07928,C0261,2025-11-20,Laptop,Electronics,1,1145.42,0.15,973.6,Debit Card,Yes
T07929,C1376,2025-12-14,Camera,Electronics,3,810.0,0.0,2430.0,Mobile Payment,No
T07930,C0303,2025-03-27,Camera,Electronics,2,586.34,0.05,1114.04,Debit Card,No
T07931,C1485,2025-12-31,Headphones,Electronics,1,51.68,0.1,46.51,Credit Card,Yes
T07932,C0013,2025-07-09,Phone,Electronics,1,670.68,0.15,570.08,Mobile Payment,No
T07933,C0398,2025-09-22,Speaker,Electronics,2,162.63,0.15,276.48,Debit Card,No
T07934,C0303,2025-06-24,Keyboard,Electronics,1,58.77,0.05,55.83,PayPal,No
T07935,C0023,2024-10-13,Monitor,Electronics,1,169.52,0.05,161.04,Credit Card,No
T07936,C1124,2025-12-31,Mouse,Electronics,1,60.8,0.0,60.8,Mobile Payment,Yes
T07937,C1056,2024-09-16,Phone,Electronics,1,332.09,0.0,332.09,Credit Card,No
T07938,C1215,2025-12-31,Keyboard,Electronics,1,169.06,0.0,169.06,Mobile Payment,No
T07939,C0387,2025-12-31,Camera,Electronics,1,435.57,0.0,435.57,Mobile Payment,No
T07940,C0694,2025-01-16,Laptop,Electronics,1,722.42,0.2,577.93,Credit Card,No
T07941,C1004,2024-09-16,Mouse,Electronics,1,37.27,0.1,33.55,Credit Card,No
T07942,C0686,2024-09-17,Keyboard,Electronics,4,52.12,0.0,208.47,PayPal,No
T07943,C1062,2025-04-12,Speaker,Electronics,1,245.72,0.0,245.72,Credit Card,No
T07944,C0960,2025-12-31,Tablet,Electronics,2,315.99,0.0,631.98,Mobile Payment,No
T07945,C0173,2025-04-06,Camera,Electronics,1,520.72,0.0,520.72,Credit Card,No
T07946,C1200,2025-02-21,Tablet,Electronics,1,647.56,0.1,582.8,PayPal,No
T07947,C1107,2025-12-31,Headphones,Electronics,2,58.51,0.2,93.62,Credit Card,No
T07948,C1001,2025-12-31,Phone,Electronics,2,305.25,0.0,610.5,Mobile Payment,No
T07949,C0240,2025-09-05,Camera,Electronics,1,575.06,0.0,575.06,Debit Card,No
T07950,C0410,2025-01-10,Phone,Electronics,1,513.31,0.15,436.31,Debit Card,No
T07951,C0606,2024-07-06,Camera,Electronics,1,984.38,0.05,935.16,Credit Card,No
T07952,C0428,2024-08-19,Monitor,Electronics,3,579.95,0.0,1739.85,PayPal,No
T07953,C0341,2025-05-21,Camera,Electronics,2,987.31,0.0,1974.62,Debit Card,No
T07954,C1236,2024-06-29,Tablet,Electronics,1,521.52,0.05,495.44,Credit Card,No
T07955,C0969,2025-12-31,Phone,Electronics,2,894.44,0.0,1788.88,PayPal,No
T07956,C0857,2025-12-31,Keyboard,Electronics,3,143.63,0.0,430.89,Credit Card,No
T07957,C0338,2025-06-08,Monitor,Electronics,1,212.79,0.2,170.23,Debit Card,No
T07958,C1388,2024-07-11,Headphones,Electronics,1,117.69,0.0,117.69,Debit Card,Yes
T07959,C0291,2025-12-31,Mouse,Electronics,1,57.8,0.0,57.8,Debit Card,No
T07960,C1217,2025-07-05,Phone,Electronics,1,448.13,0.0,448.13,Credit Card,Yes
T07961,C1454,2024-12-26,Keyboard,Electronics,1,50.46,0.0,50.46,Debit Card,No
T07962,C1116,2024-12-03,Phone,Electronics,1,712.63,0.1,641.37,Debit Card,No
T07963,C1489,2024-04-21,Phone,Electronics,4,430.37,0.0,1721.49,Mobile Payment,No
T07964,C0992,2025-05-02,Speaker,Electronics,1,202.41,0.05,192.29,PayPal,No
T07965,C0328,2025-03-04,Monitor,Electronics,2,295.17,0.0,590.33,Mobile Payment,No
T07966,C0308,2025-03-13,Smartwatch,Electronics,2,206.81,0.0,413.62,Credit Card,No
T07967,C0499,2025-02-21,Phone,Electronics,2,469.08,0.0,938.17,Credit Card,No
T07968,C0013,2025-12-31,Laptop,Electronics,1,988.23,0.05,938.82,Credit Card,Yes
T07969,C1035,2024-09-27,Monitor,Electronics,1,479.43,0.2,383.54,Mobile Payment,No
T07970,C0410,2024-03-28,Tablet,Electronics,1,595.4,0.05,565.63,Mobile Payment,No
T07971,C1250,2025-07-05,Laptop,Electronics,2,1056.12,0.15,1795.41,Debit Card,No
T07972,C0550,2025-12-31,Phone,Electronics,1,646.66,0.0,646.66,Debit Card,No
T07973,C0740,2024-08-05,Phone,Electronics,1,811.87,0.05,771.27,Debit Card,No
T07974,C1453,2025-06-03,Tablet,Electronics,2,247.31,0.15,420.43,Mobile Payment,No
T07975,C0363,2024-07-14,Camera,Electronics,1,445.98,0.0,445.98,Credit Card,No
T07976,C1109,2025-05-29,Headphones,Electronics,1,98.26,0.05,93.34,PayPal,No
T07977,C1154,2024-09-10,Mouse,Electronics,2,41.27,0.05,78.41,Credit Card,No
T07978,C0330,2025-07-14,Laptop,Electronics,2,1390.46,0.0,2780.92,Credit Card,No
T07979,C0764,2024-11-10,Smartwatch,Electronics,1,223.59,0.0,223.59,PayPal,No
T07980,C0533,2025-03-14,Tablet,Electronics,1,426.24,0.05,404.92,PayPal,No
T07981,C1183,2024-12-10,Tablet,Electronics,2,452.0,0.0,904.0,Debit Card,No
T07982,C0943,2025-02-08,Laptop,Electronics,1,1312.61,0.0,1312.61,Credit Card,No
T07983,C0734,2025-12-31,Headphones,Electronics,1,76.27,0.05,72.46,PayPal,No
T07984,C1199,2024-10-30,Camera,Electronics,2,759.87,0.0,1519.74,PayPal,No
T07985,C0349,2025-03-15,Headphones,Electronics,3,81.48,0.1,220.0,PayPal,No
T07986,C1152,2024-11-30,Speaker,Electronics,2,242.95,0.1,437.31,Credit Card,No
T07987,C1316,2024-09-01,Camera,Electronics,1,999.4,0.05,949.43,Credit Card,No
T07988,C1341,2025-12-31,Laptop,Electronics,1,1370.2,0.0,1370.2,Mobile Payment,No
T07989,C1203,2025-12-31,Tablet,Electronics,1,390.01,0.1,351.01,Debit Card,No
T07990,C0635,2025-10-09,Speaker,Electronics,1,81.25,0.0,81.25,Debit Card,No
T07991,C1475,2025-08-02,Laptop,Electronics,1,1327.49,0.0,1327.49,Mobile Payment,Yes
T07992,C0587,2024-11-03,Smartwatch,Electronics,1,318.27,0.05,302.36,Debit Card,No
T07993,C0970,2025-12-31,Speaker,Electronics,1,101.01,0.05,95.96,Mobile Payment,Yes
T07994,C0249,2024-02-11,Smartwatch,Electronics,1,140.12,0.0,140.12,Debit Card,No
T07995,C1474,2025-06-24,Mouse,Electronics,1,41.64,0.05,39.56,PayPal,No
T07996,C1071,2025-04-17,Camera,Electronics,1,706.58,0.0,706.58,Debit Card,No
T07997,C1152,2025-12-31,Mouse,Electronics,4,85.47,0.1,307.69,Mobile Payment,No
T07998,C0104,2025-12-31,Headphones,Electronics,1,57.43,0.2,45.94,Credit Card,No
T07999,C1166,2025-01-20,Laptop,Electronics,2,1190.27,0.05,2261.52,Credit Card,No
T08000,C1189,2025-06-20,Smartwatch,Electronics,1,162.31,0.0,162.31,Credit Card,No
T08001,C1023,2025-07-29,Speaker,Electronics,3,90.87,0.0,272.62,Credit Card,No
T08002,C0449,2025-09-10,Monitor,Electronics,1,302.3,0.0,302.3,Debit Card,No
T08003,C0755,2025-08-28,Keyboard,Electronics,1,107.66,0.05,102.27,Credit Card,No
T08004,C0172,2024-11-21,Headphones,Electronics,4,205.07,0.05,779.26,Credit Card,No
T08005,C0728,2025-09-11,Camera,Electronics,2,865.44,0.15,1471.25,Debit Card,No
T08006,C0366,2025-07-16,Laptop,Electronics,4,1124.96,0.0,4499.83,Debit Card,No
T08007,C0531,2024-04-26,Keyboard,Electronics,1,41.85,0.15,35.58,Debit Card,No
T08008,C0250,2024-07-07,Speaker,Electronics,1,60.75,0.1,54.67,Credit Card,Yes
T08009,C0342,2025-07-31,Phone,Electronics,1,334.15,0.0,334.15,Credit Card,No
T08010,C0117,2025-06-02,Speaker,Electronics,3,64.84,0.0,194.53,Mobile Payment,No
T08011,C1391,2024-07-27,Speaker,Electronics,1,189.85,0.05,180.36,Debit Card,Yes
T08012,C0805,2025-06-04,Speaker,Electronics,1,157.68,0.0,157.68,Mobile Payment,No
T08013,C0615,2024-07-28,Monitor,Electronics,1,152.25,0.2,121.8,Debit Card,No
T08014,C0809,2025-07-20,Headphones,Electronics,1,96.7,0.0,96.7,PayPal,No
T08015,C0953,2025-04-14,Mouse,Electronics,1,25.83,0.0,25.83,Debit Card,No
T08016,C1394,2024-08-11,Tablet,Electronics,1,644.42,0.1,579.97,Credit Card,No
T08017,C0274,2025-07-28,Laptop,Electronics,2,1022.11,0.1,1839.8,Debit Card,No
T08018,C0454,2025-12-31,Speaker,Electronics,1,150.79,0.05,143.25,Debit Card,No
T08019,C1467,2025-05-12,Mouse,Electronics,1,69.75,0.0,69.75,Debit Card,No
T08020,C0572,2025-03-29,Phone,Electronics,2,482.11,0.0,964.22,Debit Card,No
T08021,C0035,2025-03-04,Laptop,Electronics,2,1200.86,0.0,2401.72,Credit Card,No
T08022,C0228,2025-04-02,Mouse,Electronics,1,91.91,0.05,87.31,Debit Card,No
T08023,C0038,2025-09-22,Camera,Electronics,2,749.01,0.1,1348.21,Mobile Payment,No
T08024,C1485,2025-12-23,Headphones,Electronics,2,102.76,0.1,184.96,Debit Card,Yes
T08025,C0427,2024-10-14,Phone,Electronics,1,589.23,0.1,530.31,Debit Card,No
T08026,C1396,2025-12-31,Mouse,Electronics,1,66.3,0.0,66.3,Credit Card,No
T08027,C1493,2025-12-31,Tablet,Electronics,1,578.42,0.05,549.5,Mobile Payment,No
T08028,C0907,2024-10-17,Phone,Electronics,1,506.41,0.2,405.13,PayPal,No
T08029,C0047,2025-02-01,Monitor,Electronics,1,173.14,0.0,173.14,Mobile Payment,No
T08030,C0128,2024-10-07,Monitor,Electronics,1,433.83,0.1,390.45,Credit Card,No
T08031,C0741,2025-10-15,Monitor,Electronics,2,594.1,0.0,1188.19,Debit Card,No
T08032,C0630,2025-07-18,Smartwatch,Electronics,1,307.73,0.0,307.73,Debit Card,No
T08033,C0919,2025-08-04,Monitor,Electronics,1,491.22,0.0,491.22,Debit Card,No
T08034,C0683,2024-07-09,Speaker,Electronics,2,85.89,0.0,171.78,Credit Card,No
T08035,C1410,2024-05-10,Camera,Electronics,3,973.76,0.1,2629.14,Debit Card,No
T08036,C0809,2025-12-07,Mouse,Electronics,1,21.93,0.0,21.93,PayPal,No
T08037,C1057,2025-12-31,Laptop,Electronics,2,1045.74,0.15,1777.76,Credit Card,No
T08038,C1368,2024-12-02,Camera,Electronics,3,633.81,0.2,1521.14,Mobile Payment,No
T08039,C0227,2025-05-14,Speaker,Electronics,2,275.37,0.2,440.6,Credit Card,No
T08040,C0342,2025-10-29,Headphones,Electronics,3,60.37,0.0,181.11,Credit Card,No
T08041,C0168,2024-12-03,Monitor,Electronics,2,505.0,0.0,1010.0,Credit Card,No
T08042,C0215,2025-08-06,Tablet,Electronics,1,202.8,0.0,202.8,Debit Card,No
T08043,C0774,2025-07-29,Laptop,Electronics,1,1191.23,0.15,1012.54,Credit Card,No
T08044,C0492,2024-10-28,Monitor,Electronics,3,282.2,0.0,846.6,Mobile Payment,No
T08045,C0652,2025-09-13,Phone,Electronics,2,884.34,0.05,1680.25,PayPal,Yes
T08046,C1477,2024-11-17,Phone,Electronics,1,686.63,0.0,686.63,Debit Card,No
T08047,C0242,2025-12-31,Monitor,Electronics,1,289.01,0.2,231.21,Debit Card,No
T08048,C0819,2025-11-28,Camera,Electronics,1,511.97,0.2,409.58,Debit Card,No
T08049,C0154,2024-08-28,Camera,Electronics,3,875.38,0.0,2626.13,PayPal,No
T08050,C0490,2024-08-08,Speaker,Electronics,1,110.91,0.0,110.91,Mobile Payment,No
T08051,C0800,2025-12-21,Monitor,Electronics,1,234.06,0.0,234.06,Debit Card,No
T08052,C1426,2025-12-28,Keyboard,Electronics,3,125.39,0.1,338.55,Debit Card,No
T08053,C0606,2025-04-12,Smartwatch,Electronics,1,270.04,0.0,270.04,Debit Card,No
T08054,C0104,2025-12-31,Mouse,Electronics,2,35.23,0.0,70.46,Mobile Payment,No
T08055,C0604,2025-12-31,Phone,Electronics,1,598.32,0.05,568.4,PayPal,No
T08056,C0224,2025-07-08,Headphones,Electronics,1,156.09,0.0,156.09,Mobile Payment,No
T08057,C0342,2025-12-04,Speaker,Electronics,1,284.9,0.05,270.65,PayPal,No
T08058,C0934,2025-04-21,Phone,Electronics,1,772.23,0.0,772.23,PayPal,No
T08059,C0104,2025-11-28,Phone,Electronics,1,523.53,0.1,471.18,PayPal,No
T08060,C0719,2024-05-14,Headphones,Electronics,1,190.44,0.1,171.39,Debit Card,No
T08061,C0921,2025-02-14,Speaker,Electronics,2,154.84,0.0,309.68,Credit Card,No
T08062,C0650,2025-03-01,Phone,Electronics,2,334.58,0.1,602.25,Debit Card,No
T08063,C0029,2025-02-18,Mouse,Electronics,1,43.99,0.1,39.59,Mobile Payment,No
T08064,C1480,2025-12-31,Phone,Electronics,1,773.07,0.15,657.11,PayPal,No
T08065,C0564,2025-06-05,Monitor,Electronics,2,580.11,0.05,1102.21,Mobile Payment,No
T08066,C1198,2025-06-06,Keyboard,Electronics,1,177.46,0.1,159.71,Debit Card,Yes
T08067,C0499,2024-06-14,Laptop,Electronics,2,1147.37,0.05,2180.0,Debit Card,No
T08068,C0733,2025-02-10,Speaker,Electronics,1,164.37,0.05,156.15,PayPal,No
T08069,C0604,2025-12-14,Smartwatch,Electronics,1,107.0,0.05,101.65,Credit Card,No
T08070,C0524,2025-02-22,Tablet,Electronics,1,228.19,0.0,228.19,Credit Card,No
T08071,C0033,2025-05-14,Phone,Electronics,1,587.03,0.0,587.03,PayPal,No
T08072,C0551,2025-12-31,Headphones,Electronics,1,168.28,0.0,168.28,PayPal,No
T08073,C1359,2024-07-09,Camera,Electronics,1,591.53,0.05,561.95,Debit Card,No
T08074,C1051,2025-12-31,Phone,Electronics,4,688.54,0.05,2616.45,Credit Card,No
T08075,C0224,2025-10-28,Headphones,Electronics,2,138.45,0.0,276.91,PayPal,No
T08076,C0895,2025-12-31,Monitor,Electronics,2,573.34,0.0,1146.67,PayPal,No
T08077,C1364,2025-04-23,Laptop,Electronics,2,846.69,0.0,1693.38,Debit Card,No
T08078,C1065,2025-07-17,Tablet,Electronics,1,457.8,0.0,457.8,Credit Card,No
T08079,C0231,2025-12-31,Keyboard,Electronics,2,89.14,0.0,178.28,Debit Card,No
T08080,C1320,2025-05-13,Tablet,Electronics,2,302.94,0.05,575.59,Debit Card,No
T08081,C0463,2025-12-31,Camera,Electronics,1,621.56,0.1,559.41,Debit Card,No
T08082,C0702,2025-10-12,Speaker,Electronics,1,116.58,0.0,116.58,Debit Card,No
T08083,C0799,2025-06-21,Headphones,Electronics,1,130.25,0.05,123.74,PayPal,No
T08084,C1298,2024-04-23,Keyboard,Electronics,1,111.5,0.0,111.5,Mobile Payment,No
T08085,C1408,2025-03-17,Mouse,Electronics,1,88.57,0.2,70.86,PayPal,Yes
T08086,C1405,2025-07-07,Mouse,Electronics,1,81.41,0.15,69.2,Mobile Payment,No
T08087,C0014,2025-04-26,Laptop,Electronics,2,911.76,0.15,1549.99,Credit Card,No
T08088,C1394,2024-05-02,Laptop,Electronics,1,1351.93,0.05,1284.33,Debit Card,Yes
T08089,C0084,2025-09-15,Camera,Electronics,2,1081.52,0.0,2163.03,Credit Card,No
T08090,C0404,2025-09-11,Phone,Electronics,1,656.81,0.05,623.97,Credit Card,No
T08091,C0780,2024-09-14,Keyboard,Electronics,1,27.89,0.0,27.89,Debit Card,No
T08092,C0740,2024-09-19,Keyboard,Electronics,1,57.42,0.15,48.8,Debit Card,No
T08093,C0915,2025-06-08,Phone,Electronics,1,763.06,0.0,763.06,Credit Card,No
T08094,C0740,2024-11-05,Smartwatch,Electronics,1,191.59,0.1,172.43,PayPal,No
T08095,C1411,2025-11-28,Camera,Electronics,1,413.36,0.0,413.36,Credit Card,No
T08096,C0360,2025-12-31,Tablet,Electronics,1,371.88,0.0,371.88,PayPal,No
T08097,C0421,2025-12-31,Camera,Electronics,3,490.71,0.1,1324.92,Mobile Payment,No
T08098,C1394,2025-06-20,Phone,Electronics,1,830.17,0.0,830.17,PayPal,No
T08099,C0118,2025-12-06,Smartwatch,Electronics,1,317.88,0.0,317.88,Credit Card,No
T08100,C0921,2025-06-11,Mouse,Electronics,1,47.9,0.15,40.72,PayPal,No
T08101,C1035,2024-06-08,Keyboard,Electronics,1,46.3,0.0,46.3,Debit Card,No
T08102,C0767,2025-01-26,Tablet,Electronics,2,348.65,0.1,627.57,PayPal,No
T08103,C1058,2025-12-31,Headphones,Electronics,4,54.46,0.15,185.17,Debit Card,No
T08104,C0268,2025-08-27,Speaker,Electronics,2,119.05,0.05,226.2,Credit Card,No
T08105,C1300,2025-02-27,Monitor,Electronics,3,497.03,0.05,1416.54,Credit Card,No
T08106,C0216,2025-02-19,Keyboard,Electronics,1,70.25,0.1,63.23,PayPal,No
T08107,C0622,2024-07-07,Speaker,Electronics,1,181.49,0.0,181.49,Debit Card,No
T08108,C0116,2025-10-22,Monitor,Electronics,3,203.49,0.1,549.43,Credit Card,No
T08109,C0824,2025-09-16,Headphones,Electronics,1,96.05,0.0,96.05,PayPal,No
T08110,C1019,2025-08-07,Camera,Electronics,2,335.67,0.0,671.35,Mobile Payment,No
T08111,C1420,2025-06-27,Speaker,Electronics,1,182.52,0.2,146.02,Debit Card,No
T08112,C1132,2025-02-18,Headphones,Electronics,1,96.05,0.0,96.05,PayPal,No
T08113,C0819,2024-11-22,Keyboard,Electronics,1,160.16,0.0,160.16,Debit Card,No
T08114,C1409,2025-12-31,Speaker,Electronics,3,142.06,0.0,426.19,PayPal,No
T08115,C0738,2024-12-06,Laptop,Electronics,3,1090.44,0.0,3271.33,PayPal,No
T08116,C0847,2025-02-16,Laptop,Electronics,2,1383.65,0.0,2767.3,Credit Card,No
T08117,C0902,2025-12-31,Monitor,Electronics,1,439.22,0.0,439.22,PayPal,No
T08118,C0636,2024-04-25,Tablet,Electronics,1,415.22,0.0,415.22,PayPal,No
T08119,C1288,2024-12-20,Keyboard,Electronics,1,40.21,0.0,40.21,PayPal,No
T08120,C0282,2024-09-25,Mouse,Electronics,2,84.78,0.1,152.61,Debit Card,No
T08121,C0837,2025-04-08,Laptop,Electronics,1,1149.67,0.0,1149.67,Debit Card,No
T08122,C1110,2024-11-04,Camera,Electronics,1,397.67,0.0,397.67,Debit Card,No
T08123,C1375,2025-12-13,Tablet,Electronics,1,295.46,0.05,280.69,Credit Card,No
T08124,C1349,2025-12-31,Headphones,Electronics,2,132.15,0.05,251.09,Credit Card,No
T08125,C0772,2025-04-04,Headphones,Electronics,2,38.56,0.1,69.41,Credit Card,No
T08126,C0979,2025-11-18,Camera,Electronics,3,946.48,0.0,2839.44,Mobile Payment,No
T08127,C0610,2024-10-10,Phone,Electronics,1,398.07,0.0,398.07,PayPal,Yes
T08128,C0723,2025-07-08,Laptop,Electronics,1,1042.8,0.0,1042.8,Debit Card,No
T08129,C1377,2025-01-19,Speaker,Electronics,1,102.83,0.05,97.69,PayPal,No
T08130,C1406,2025-06-12,Speaker,Electronics,1,167.19,0.15,142.11,Credit Card,No
T08131,C1366,2025-09-19,Tablet,Electronics,2,269.15,0.05,511.38,Credit Card,No
T08132,C0212,2025-08-30,Laptop,Electronics,2,1115.74,0.0,2231.49,Credit Card,No
T08133,C1297,2025-10-16,Mouse,Electronics,4,92.38,0.1,332.58,Mobile Payment,No
T08134,C1427,2025-10-21,Mouse,Electronics,1,83.62,0.05,79.44,Mobile Payment,No
T08135,C0553,2025-03-25,Speaker,Electronics,1,102.8,0.05,97.66,Credit Card,No
T08136,C0785,2025-04-14,Tablet,Electronics,1,414.11,0.15,351.99,Debit Card,No
T08137,C1199,2025-03-06,Phone,Electronics,2,525.02,0.15,892.53,Credit Card,Yes
T08138,C0847,2025-08-30,Keyboard,Electronics,2,174.65,0.0,349.3,Mobile Payment,No
T08139,C1489,2024-04-07,Keyboard,Electronics,1,148.82,0.05,141.38,Credit Card,No
T08140,C0706,2025-08-09,Mouse,Electronics,2,24.13,0.0,48.26,Debit Card,No
T08141,C1092,2025-12-31,Camera,Electronics,1,451.7,0.0,451.7,PayPal,No
T08142,C1215,2025-10-09,Keyboard,Electronics,2,133.81,0.0,267.63,Debit Card,No
T08143,C0758,2025-04-30,Phone,Electronics,1,353.91,0.0,353.91,Credit Card,No
T08144,C1304,2025-01-26,Keyboard,Electronics,1,172.32,0.05,163.71,PayPal,No
T08145,C0828,2025-12-20,Headphones,Electronics,2,218.66,0.0,437.32,Mobile Payment,No
T08146,C0637,2025-01-07,Monitor,Electronics,1,500.27,0.0,500.27,Credit Card,No
T08147,C0168,2024-11-21,Speaker,Electronics,2,46.97,0.0,93.94,PayPal,Yes
T08148,C0607,2025-12-31,Keyboard,Electronics,2,99.82,0.0,199.65,Mobile Payment,No
T08149,C1125,2025-10-04,Phone,Electronics,1,513.95,0.1,462.56,Credit Card,No
T08150,C1394,2024-12-11,Headphones,Electronics,1,181.91,0.15,154.63,Mobile Payment,No
T08151,C0380,2025-08-22,Phone,Electronics,2,436.56,0.1,785.8,Debit Card,No
T08152,C0542,2025-09-13,Phone,Electronics,1,500.98,0.0,500.98,Debit Card,No
T08153,C0238,2025-05-03,Mouse,Electronics,1,22.95,0.05,21.8,Debit Card,No
T08154,C1051,2025-12-31,Keyboard,Electronics,2,78.11,0.1,140.6,Mobile Payment,No
T08155,C1443,2025-06-24,Monitor,Electronics,1,588.23,0.0,588.23,Debit Card,No
T08156,C0974,2024-07-23,Headphones,Electronics,1,209.01,0.0,209.01,Debit Card,No
T08157,C0933,2025-12-31,Tablet,Electronics,2,532.62,0.0,1065.24,PayPal,No
T08158,C0836,2024-10-04,Phone,Electronics,3,839.72,0.0,2519.16,Mobile Payment,No
T08159,C0142,2025-09-28,Tablet,Electronics,1,279.25,0.1,251.33,PayPal,No
T08160,C1120,2025-08-05,Camera,Electronics,2,859.65,0.1,1547.37,Credit Card,No
T08161,C0909,2025-12-31,Smartwatch,Electronics,1,204.99,0.0,204.99,PayPal,Yes
T08162,C1008,2025-12-31,Speaker,Electronics,1,149.9,0.0,149.9,Credit Card,No
T08163,C1369,2024-04-23,Mouse,Electronics,1,42.61,0.0,42.61,Debit Card,No
T08164,C1203,2024-12-24,Keyboard,Electronics,1,159.28,0.1,143.35,Mobile Payment,No
T08165,C1200,2025-09-23,Tablet,Electronics,2,407.72,0.15,693.12,Credit Card,No
T08166,C1400,2024-11-11,Laptop,Electronics,1,1206.82,0.1,1086.14,Debit Card,No
T08167,C1485,2025-06-02,Keyboard,Electronics,1,134.42,0.1,120.98,Debit Card,No
T08168,C0880,2025-06-18,Monitor,Electronics,3,211.23,0.0,633.7,Mobile Payment,No
T08169,C0171,2025-12-31,Smartwatch,Electronics,1,74.19,0.0,74.19,PayPal,No
T08170,C0711,2024-11-24,Headphones,Electronics,2,189.59,0.0,379.19,Debit Card,No
T08171,C1208,2025-10-13,Speaker,Electronics,1,167.48,0.15,142.36,Debit Card,No
T08172,C0039,2025-01-05,Headphones,Electronics,2,183.92,0.05,349.44,Mobile Payment,No
T08173,C0089,2025-12-31,Headphones,Electronics,1,86.44,0.0,86.44,Mobile Payment,No
T08174,C0104,2025-12-31,Camera,Electronics,1,1075.65,0.0,1075.65,Debit Card,No
T08175,C1122,2025-08-03,Headphones,Electronics,1,187.86,0.0,187.86,Credit Card,No
T08176,C0764,2024-09-15,Camera,Electronics,2,643.5,0.0,1287.01,Debit Card,No
T08177,C0568,2024-07-14,Laptop,Electronics,3,988.19,0.05,2816.34,Mobile Payment,No
T08178,C0163,2025-05-20,Mouse,Electronics,1,44.83,0.15,38.1,PayPal,No
T08179,C1123,2025-12-31,Laptop,Electronics,1,724.38,0.1,651.94,PayPal,No
T08180,C0492,2025-07-15,Phone,Electronics,1,696.98,0.0,696.98,Credit Card,No
T08181,C0403,2025-12-31,Mouse,Electronics,1,38.18,0.05,36.27,PayPal,No
T08182,C0993,2024-03-30,Tablet,Electronics,1,595.49,0.0,595.49,PayPal,No
T08183,C0845,2025-03-14,Phone,Electronics,3,833.3,0.0,2499.89,Debit Card,No
T08184,C0555,2025-06-28,Smartwatch,Electronics,2,269.55,0.0,539.1,PayPal,Yes
T08185,C0976,2025-03-21,Speaker,Electronics,1,87.21,0.1,78.49,Mobile Payment,No
T08186,C0415,2025-12-31,Tablet,Electronics,1,221.97,0.0,221.97,Mobile Payment,No
T08187,C1217,2025-02-10,Tablet,Electronics,1,563.73,0.1,507.36,Credit Card,No
T08188,C0342,2025-05-30,Mouse,Electronics,1,90.91,0.1,81.82,Debit Card,No
T08189,C0245,2025-09-18,Smartwatch,Electronics,3,162.09,0.05,461.96,Debit Card,No
T08190,C1202,2025-04-02,Speaker,Electronics,1,131.77,0.0,131.77,Debit Card,No
T08191,C1083,2025-05-19,Tablet,Electronics,1,363.43,0.0,363.43,Debit Card,No
T08192,C0279,2025-12-31,Keyboard,Electronics,1,153.28,0.0,153.28,PayPal,No
T08193,C0177,2025-07-18,Phone,Electronics,2,709.6,0.05,1348.23,Mobile Payment,No
T08194,C1288,2024-07-22,Headphones,Electronics,2,53.18,0.05,101.03,PayPal,No
T08195,C1192,2024-07-13,Laptop,Electronics,3,1144.28,0.0,3432.85,Mobile Payment,No
T08196,C0501,2025-10-23,Phone,Electronics,1,256.36,0.05,243.54,Debit Card,No
T08197,C1003,2025-12-31,Monitor,Electronics,1,469.67,0.0,469.67,Mobile Payment,No
T08198,C0189,2025-12-31,Phone,Electronics,1,747.01,0.1,672.31,Credit Card,Yes
T08199,C0769,2025-04-17,Camera,Electronics,1,1033.45,0.1,930.11,Credit Card,No
T08200,C0029,2024-05-19,Mouse,Electronics,1,68.18,0.0,68.18,Credit Card,Yes
T08201,C0606,2024-06-20,Laptop,Electronics,1,826.41,0.2,661.13,Mobile Payment,No
T08202,C0115,2025-06-23,Camera,Electronics,1,1014.37,0.05,963.65,Credit Card,No
T08203,C0733,2025-01-13,Speaker,Electronics,1,273.95,0.2,219.16,PayPal,No
T08204,C0650,2024-10-03,Monitor,Electronics,1,435.21,0.05,413.45,PayPal,No
T08205,C0694,2025-05-01,Tablet,Electronics,1,309.31,0.0,309.31,PayPal,No
T08206,C0071,2025-06-13,Tablet,Electronics,2,264.3,0.0,528.6,Debit Card,No
T08207,C0554,2025-05-31,Phone,Electronics,1,400.45,0.0,400.45,Debit Card,No
T08208,C1154,2025-05-19,Monitor,Electronics,3,157.61,0.15,401.9,Debit Card,No
T08209,C0568,2025-08-09,Laptop,Electronics,1,707.12,0.0,707.12,Credit Card,No
T08210,C1095,2025-12-31,Monitor,Electronics,1,283.67,0.0,283.67,Credit Card,No
T08211,C0569,2024-10-23,Tablet,Electronics,2,613.79,0.0,1227.58,Credit Card,No
T08212,C0652,2025-12-31,Monitor,Electronics,1,429.6,0.1,386.64,Credit Card,No
T08213,C0852,2025-12-31,Headphones,Electronics,3,103.36,0.1,279.07,PayPal,No
T08214,C1431,2025-05-28,Tablet,Electronics,1,185.1,0.05,175.84,PayPal,Yes
T08215,C0171,2025-10-09,Headphones,Electronics,1,218.04,0.0,218.04,Debit Card,No
T08216,C0047,2025-08-15,Monitor,Electronics,1,355.13,0.05,337.37,PayPal,No
T08217,C0920,2024-12-07,Camera,Electronics,1,1192.35,0.15,1013.5,Debit Card,No
T08218,C1429,2025-08-22,Mouse,Electronics,2,76.21,0.0,152.42,PayPal,No
T08219,C1485,2025-12-31,Headphones,Electronics,1,39.74,0.15,33.78,Debit Card,No
T08220,C0744,2025-01-03,Speaker,Electronics,1,263.35,0.0,263.35,Mobile Payment,No
T08221,C0723,2025-12-31,Smartwatch,Electronics,1,213.82,0.0,213.82,PayPal,Yes
T08222,C0983,2025-08-13,Laptop,Electronics,2,1016.91,0.1,1830.44,Mobile Payment,No
T08223,C0840,2025-03-31,Phone,Electronics,1,742.6,0.1,668.34,Credit Card,No
T08224,C0960,2025-05-21,Phone,Electronics,1,753.62,0.0,753.62,Mobile Payment,No
T08225,C1329,2024-09-01,Tablet,Electronics,1,554.32,0.1,498.89,Credit Card,No
T08226,C1145,2025-02-18,Headphones,Electronics,1,174.5,0.1,157.05,PayPal,No
T08227,C0762,2025-12-31,Monitor,Electronics,1,438.57,0.05,416.64,Credit Card,No
T08228,C0716,2024-09-29,Camera,Electronics,3,908.06,0.0,2724.18,Credit Card,No
T08229,C0971,2025-02-13,Laptop,Electronics,4,1301.01,0.05,4943.83,Credit Card,No
T08230,C0706,2025-12-31,Headphones,Electronics,4,161.2,0.15,548.09,Debit Card,No
T08231,C0710,2024-12-16,Headphones,Electronics,1,49.26,0.05,46.8,Credit Card,No
T08232,C0027,2025-05-14,Speaker,Electronics,1,207.83,0.0,207.83,Credit Card,No
T08233,C0268,2024-09-23,Tablet,Electronics,1,259.9,0.05,246.9,Mobile Payment,No
T08234,C0754,2024-11-14,Phone,Electronics,1,259.26,0.2,207.41,Credit Card,No
T08235,C1263,2025-12-31,Phone,Electronics,3,389.21,0.0,1167.63,Credit Card,No
T08236,C0427,2025-02-19,Monitor,Electronics,1,219.48,0.1,197.53,Credit Card,No
T08237,C0792,2025-03-11,Headphones,Electronics,1,49.4,0.0,49.4,Debit Card,No
T08238,C0528,2025-08-15,Smartwatch,Electronics,2,122.35,0.0,244.69,Credit Card,No
T08239,C0161,2025-04-01,Tablet,Electronics,1,444.88,0.0,444.88,Mobile Payment,No
T08240,C1441,2025-06-22,Phone,Electronics,1,348.46,0.0,348.46,Mobile Payment,No
T08241,C1302,2025-08-27,Headphones,Electronics,1,83.09,0.0,83.09,Debit Card,No
T08242,C0123,2025-01-23,Camera,Electronics,1,1064.63,0.05,1011.4,Debit Card,No
T08243,C1105,2025-03-29,Headphones,Electronics,1,198.73,0.0,198.73,Mobile Payment,No
T08244,C0530,2025-08-13,Camera,Electronics,1,599.78,0.0,599.78,Mobile Payment,No
T08245,C1491,2024-03-28,Headphones,Electronics,1,200.8,0.15,170.68,Debit Card,No
T08246,C0465,2024-09-30,Tablet,Electronics,1,455.29,0.0,455.29,PayPal,No
T08247,C0356,2025-04-19,Smartwatch,Electronics,1,125.65,0.1,113.08,Credit Card,No
T08248,C0860,2025-12-31,Phone,Electronics,2,740.29,,1406.55,Credit Card,No
T08249,C1281,2025-09-26,Tablet,Electronics,1,613.38,0.0,613.38,Credit Card,No
T08250,C0292,2025-11-18,Laptop,Electronics,1,1161.47,0.0,1161.47,Debit Card,No
T08251,C1086,2025-01-15,Phone,Electronics,1,380.86,0.0,380.86,Debit Card,No
T08252,C0096,2024-06-14,Headphones,Electronics,1,46.32,0.2,37.05,Credit Card,No
T08253,C1388,2024-07-16,Headphones,Electronics,1,73.59,0.0,73.59,Mobile Payment,No
T08254,C0128,2025-11-13,Headphones,Electronics,1,94.32,0.1,84.88,PayPal,No
T08255,C1384,2024-09-25,Monitor,Electronics,3,300.18,0.0,900.54,Debit Card,No
T08256,C0756,2025-11-24,Keyboard,Electronics,1,102.27,0.0,102.27,Debit Card,No
T08257,C0696,2025-12-31,Phone,Electronics,2,578.36,0.05,1098.88,Credit Card,Yes
T08258,C1464,2025-09-16,Keyboard,Electronics,3,98.07,0.0,294.22,Mobile Payment,No
T08259,C1486,2025-05-22,Headphones,Electronics,1,95.33,0.0,95.33,Debit Card,No
T08260,C0992,2025-07-16,Mouse,Electronics,1,24.08,0.0,24.08,Credit Card,No
T08261,C0196,2025-08-05,Keyboard,Electronics,2,89.84,0.0,179.68,Debit Card,No
T08262,C0768,2024-12-03,Keyboard,Electronics,1,177.79,0.0,177.79,Debit Card,No
T08263,C0803,2025-04-12,Mouse,Electronics,4,70.58,0.1,254.09,Debit Card,No
T08264,C0779,2025-10-29,Headphones,Electronics,2,113.56,0.05,215.76,Mobile Payment,No
T08265,C0862,2025-05-23,Headphones,Electronics,2,45.86,0.0,91.73,Debit Card,No
T08266,C0029,2024-03-07,Keyboard,Electronics,1,58.05,0.0,58.05,Mobile Payment,No
T08267,C1087,2025-08-13,Headphones,Electronics,1,139.18,0.05,132.22,Mobile Payment,No
T08268,C1089,2025-06-30,Headphones,Electronics,2,124.6,0.1,224.27,Mobile Payment,No
T08269,C0174,2024-07-09,Tablet,Electronics,1,189.02,0.0,189.02,Credit Card,No
T08270,C0864,2025-08-12,Tablet,Electronics,1,220.53,0.0,220.53,Mobile Payment,No
T08271,C0860,2025-12-31,Mouse,Electronics,2,45.26,0.05,86.0,Debit Card,Yes
T08272,C1036,2024-11-08,Laptop,Electronics,1,798.58,0.0,798.58,PayPal,No
T08273,C0137,2025-05-30,Phone,Electronics,2,872.6,0.0,1745.2,Mobile Payment,No
T08274,C0950,2025-12-31,Speaker,Electronics,1,48.87,0.0,48.87,Credit Card,No
T08275,C0429,2025-02-26,Phone,Electronics,2,883.13,0.15,1501.32,Credit Card,Yes
T08276,C0768,2024-02-27,Headphones,Electronics,1,154.75,0.0,154.75,PayPal,No
T08277,C1185,2025-05-22,Camera,Electronics,2,666.5,0.0,1333.01,Debit Card,No
T08278,C1075,2025-04-18,Laptop,Electronics,2,1077.6,0.05,2047.45,PayPal,No
T08279,C0180,2025-09-18,Speaker,Electronics,4,146.63,0.0,586.53,Credit Card,No
T08280,C0895,2025-04-06,Laptop,Electronics,1,1101.25,0.1,991.12,Mobile Payment,No
T08281,C1458,2025-07-01,Phone,Electronics,2,348.8,0.2,558.09,Debit Card,No
T08282,C0242,2025-05-31,Laptop,Electronics,3,784.01,0.05,2234.43,Mobile Payment,No
T08283,C1300,2025-12-30,Monitor,Electronics,1,387.87,0.05,368.47,PayPal,No
T08284,C1071,2025-09-20,Speaker,Electronics,1,58.55,0.05,55.62,Mobile Payment,No
T08285,C1187,2025-04-09,Camera,Electronics,2,563.24,0.0,1126.47,PayPal,No
T08286,C0430,2025-12-15,Mouse,Electronics,1,93.79,0.1,84.41,Debit Card,No
T08287,C0443,2025-01-21,Phone,Electronics,1,819.54,0.0,819.54,PayPal,No
T08288,C1376,2025-05-09,Camera,Electronics,1,1048.26,0.2,838.61,Mobile Payment,No
T08289,C0550,2025-03-24,Smartwatch,Electronics,1,207.08,0.1,186.37,Mobile Payment,No
T08290,C0099,2025-02-06,Tablet,Electronics,2,193.11,0.05,366.9,Debit Card,No
T08291,C0907,2024-09-28,Smartwatch,Electronics,3,95.2,0.15,242.75,Mobile Payment,No
T08292,C0190,2025-06-15,Camera,Electronics,2,1127.51,0.2,1804.01,PayPal,No
T08293,C1221,2024-10-30,Mouse,Electronics,1,86.09,0.1,77.49,Mobile Payment,No
T08294,C0976,2025-12-30,Phone,Electronics,1,494.74,0.1,445.27,Debit Card,No
T08295,C1330,2025-08-29,Speaker,Electronics,2,229.53,0.0,459.07,Credit Card,No
T08296,C1204,2025-03-15,Laptop,Electronics,1,1298.17,0.05,1233.26,Credit Card,No
T08297,C0173,2025-03-06,Mouse,Electronics,3,67.73,0.0,203.19,PayPal,No
T08298,C0588,2024-07-07,Phone,Electronics,3,804.79,0.15,2052.22,PayPal,Yes
T08299,C1189,2025-03-23,Speaker,Electronics,1,103.62,0.05,98.43,PayPal,No
T08300,C0644,2025-12-31,Headphones,Electronics,2,117.81,0.0,235.61,PayPal,No
T08301,C1462,2025-12-31,Monitor,Electronics,1,410.57,0.0,410.57,Debit Card,No
T08302,C1127,2025-12-31,Phone,Electronics,2,660.25,0.05,1254.48,Credit Card,No
T08303,C0027,2025-01-18,Keyboard,Electronics,1,177.98,0.0,177.98,Mobile Payment,Yes
T08304,C1342,2025-02-24,Speaker,Electronics,2,259.94,0.0,519.88,Credit Card,No
T08305,C0155,2025-03-21,Speaker,Electronics,1,54.37,0.0,54.37,Mobile Payment,No
T08306,C0216,2024-11-19,Laptop,Electronics,1,818.39,0.1,736.55,Credit Card,No
T08307,C1125,2025-06-15,Headphones,Electronics,1,154.86,0.0,154.86,Credit Card,No
T08308,C1316,2024-09-21,Tablet,Electronics,3,293.04,0.0,879.12,Debit Card,No
T08309,C0810,2024-02-12,Monitor,Electronics,1,221.54,0.0,221.54,Debit Card,Yes
T08310,C0445,2024-11-14,Camera,Electronics,1,899.99,0.0,899.99,Mobile Payment,No
T08311,C0536,2025-08-08,Mouse,Electronics,1,60.6,0.05,57.57,Debit Card,No
T08312,C0525,2025-12-31,Headphones,Electronics,2,182.99,0.0,365.97,Credit Card,No
T08313,C0500,2025-10-22,Headphones,Electronics,2,90.68,0.0,181.36,Mobile Payment,No
T08314,C0365,2025-12-31,Mouse,Electronics,1,43.02,0.0,43.02,PayPal,No
T08315,C0920,2024-03-28,Phone,Electronics,1,347.82,0.0,347.82,Mobile Payment,No
T08316,C1372,2025-04-05,Phone,Electronics,1,673.97,0.1,606.57,Debit Card,No
T08317,C0474,2025-08-30,Tablet,Electronics,1,513.18,0.05,487.52,Credit Card,No
T08318,C0285,2025-12-31,Phone,Electronics,2,339.98,0.0,679.95,Debit Card,No
T08319,C1288,2025-01-09,Headphones,Electronics,3,78.28,0.0,234.84,Credit Card,No
T08320,C1136,2024-09-15,Speaker,Electronics,1,80.11,0.0,80.11,Credit Card,No
T08321,C1406,2024-12-23,Phone,Electronics,1,735.99,0.05,699.19,Mobile Payment,No
T08322,C0255,2025-04-01,Smartwatch,Electronics,1,120.64,0.0,120.64,Mobile Payment,No
T08323,C0221,2025-11-10,Keyboard,Electronics,1,48.6,0.0,48.6,Mobile Payment,No
T08324,C0821,2025-02-24,Mouse,Electronics,1,20.94,0.05,19.89,Debit Card,No
T08325,C0928,2024-10-03,Phone,Electronics,1,790.34,0.0,790.34,Credit Card,No
T08326,C0741,2025-09-27,Phone,Electronics,2,330.59,0.1,595.06,Credit Card,No
T08327,C0906,2025-03-13,Phone,Electronics,1,269.28,0.1,242.36,Debit Card,No
T08328,C0276,2025-10-23,Mouse,Electronics,1,20.47,0.0,20.47,PayPal,No
T08329,C0740,2025-01-07,Mouse,Electronics,2,46.18,0.0,92.36,PayPal,No
T08330,C1002,2025-04-17,Speaker,Electronics,1,195.13,0.0,195.13,Debit Card,No
T08331,C0671,2025-06-19,Headphones,Electronics,3,105.66,0.0,316.98,Mobile Payment,No
T08332,C1033,2025-04-30,Monitor,Electronics,1,354.93,0.05,337.19,Mobile Payment,No
T08333,C0699,2025-09-03,Monitor,Electronics,1,563.69,0.0,563.69,Mobile Payment,No
T08334,C0509,2025-02-10,Tablet,Electronics,1,536.69,0.1,483.02,Debit Card,No
T08335,C0466,2025-05-26,Tablet,Electronics,1,340.29,0.15,289.25,Mobile Payment,No
T08336,C0637,2025-01-23,Camera,Electronics,1,438.88,0.2,351.11,Mobile Payment,No
T08337,C0036,2025-12-31,Headphones,Electronics,3,172.34,0.0,517.03,Debit Card,Yes
T08338,C1017,2025-12-31,Camera,Electronics,1,816.17,0.05,775.36,Debit Card,No
T08339,C1293,2025-12-31,Tablet,Electronics,3,632.26,0.1,1707.09,Credit Card,No
T08340,C0541,2025-03-26,Headphones,Electronics,2,202.6,0.0,405.21,Mobile Payment,No
T08341,C0072,2025-12-29,Keyboard,Electronics,1,112.36,0.0,112.36,Credit Card,No
T08342,C1481,2024-12-28,Phone,Electronics,3,295.44,0.0,886.32,Debit Card,Yes
T08343,C0399,2025-03-02,Speaker,Electronics,1,48.05,0.0,48.05,PayPal,No
T08344,C0194,2025-08-26,Smartwatch,Electronics,1,302.88,0.0,302.88,Mobile Payment,No
T08345,C0569,2025-05-06,Mouse,Electronics,3,74.33,0.0,223.0,PayPal,No
T08346,C1131,2025-08-21,Speaker,Electronics,2,185.64,0.0,371.28,PayPal,Yes
T08347,C0453,2025-12-31,Laptop,Electronics,1,1182.25,0.05,1123.14,PayPal,No
T08348,C0873,2024-07-16,Headphones,Electronics,1,132.56,0.0,132.56,Credit Card,No
T08349,C0643,2024-08-04,Camera,Electronics,1,820.5,0.0,820.5,Mobile Payment,No
T08350,C0178,2025-12-31,Headphones,Electronics,1,72.92,0.0,72.92,Debit Card,No
T08351,C0505,2025-12-31,Laptop,Electronics,4,1018.85,0.05,3871.64,Credit Card,No
T08352,C1112,2025-11-21,Phone,Electronics,2,257.2,0.0,514.4,Debit Card,No
T08353,C0927,2025-04-30,Headphones,Electronics,2,157.06,0.15,267.0,PayPal,No
T08354,C0181,2025-12-31,Mouse,Electronics,4,43.25,0.15,147.04,Mobile Payment,No
T08355,C0251,2024-11-21,Phone,Electronics,1,676.61,0.0,676.61,PayPal,Yes
T08356,C0974,2024-08-10,Headphones,Electronics,1,206.03,0.0,206.03,Debit Card,No
T08357,C1248,2025-04-01,Laptop,Electronics,1,1114.15,0.05,1058.44,PayPal,No
T08358,C0532,2024-12-29,Monitor,Electronics,1,297.64,0.0,297.64,Debit Card,No
T08359,C0902,2025-05-14,Camera,Electronics,1,486.44,0.0,486.44,Mobile Payment,No
T08360,C0263,2025-05-05,Keyboard,Electronics,1,64.01,0.0,64.01,Mobile Payment,No
T08361,C0481,2025-12-22,Headphones,Electronics,1,217.59,0.0,217.59,Credit Card,Yes
T08362,C0030,2025-10-20,Phone,Electronics,2,649.99,0.15,1104.98,Debit Card,No
T08363,C1178,2024-09-09,Phone,Electronics,1,536.35,0.0,536.35,PayPal,No
T08364,C0622,2025-05-26,Laptop,Electronics,1,861.68,0.0,861.68,PayPal,No
T08365,C1252,2024-09-30,Mouse,Electronics,2,80.71,0.05,153.35,Debit Card,No
T08366,C1084,2025-08-18,Laptop,Electronics,1,971.21,0.0,971.21,Debit Card,No
T08367,C1271,2025-12-31,Headphones,Electronics,2,87.21,0.0,174.43,Debit Card,No
T08368,C0437,2025-11-11,Mouse,Electronics,1,33.9,0.05,32.2,Debit Card,No
T08369,C0282,2024-10-07,Mouse,Electronics,2,30.78,0.0,61.56,Debit Card,No
T08370,C1461,2025-06-06,Keyboard,Electronics,1,67.37,0.05,64.0,PayPal,No
T08371,C1100,2025-05-15,Keyboard,Electronics,2,122.22,0.0,244.43,Debit Card,No
T08372,C1279,2025-11-01,Phone,Electronics,1,405.9,0.0,405.9,Mobile Payment,No
T08373,C0021,2025-09-28,Phone,Electronics,1,289.39,0.05,274.92,Debit Card,No
T08374,C0541,2024-12-27,Keyboard,Electronics,2,80.65,0.05,153.23,Credit Card,No
T08375,C1137,2025-03-21,Headphones,Electronics,2,141.12,0.0,282.24,Debit Card,No
T08376,C0123,2025-07-22,Laptop,Electronics,1,742.15,0.0,742.15,PayPal,No
T08377,C0859,2025-04-11,Smartwatch,Electronics,1,191.26,0.05,181.7,Debit Card,No
T08378,C0664,2024-04-11,Mouse,Electronics,3,19.44,0.05,55.42,Debit Card,No
T08379,C0028,2025-12-22,Tablet,Electronics,2,541.04,0.1,973.88,Debit Card,No
T08380,C0352,2025-07-20,Phone,Electronics,3,816.72,0.0,2450.17,Debit Card,No
T08381,C0435,2025-02-11,Keyboard,Electronics,1,174.39,0.0,174.39,Mobile Payment,No
T08382,C0173,2025-04-18,Headphones,Electronics,1,161.34,0.1,145.21,Credit Card,No
T08383,C0956,2025-10-21,Tablet,Electronics,1,477.07,0.0,477.07,Debit Card,No
T08384,C0363,2024-06-13,Mouse,Electronics,1,74.0,0.0,74.0,Debit Card,No
T08385,C0427,2025-05-26,Tablet,Electronics,1,581.68,0.0,581.68,Credit Card,No
T08386,C1369,2025-03-14,Phone,Electronics,1,774.61,0.0,774.61,Debit Card,No
T08387,C0723,2025-03-27,Monitor,Electronics,1,347.32,0.05,329.96,PayPal,No
T08388,C0606,2025-05-31,Smartwatch,Electronics,1,248.81,0.0,248.81,Credit Card,No
T08389,C1111,2025-09-13,Camera,Electronics,1,445.73,0.1,401.16,PayPal,No
T08390,C1381,2025-12-31,Camera,Electronics,1,925.43,0.0,925.43,Debit Card,No
T08391,C0037,2024-02-29,Headphones,Electronics,1,168.85,0.0,168.85,Mobile Payment,No
T08392,C0697,2025-12-31,Smartwatch,Electronics,1,292.38,0.05,277.76,PayPal,No
T08393,C0924,2025-05-07,Camera,Electronics,1,1035.88,0.05,984.09,Debit Card,No
T08394,C0490,2024-07-09,Monitor,Electronics,4,347.96,0.0,1391.83,Mobile Payment,No
T08395,C1184,2025-12-31,Tablet,Electronics,1,604.65,0.15,513.95,PayPal,Yes
T08396,C1461,2025-07-07,Mouse,Electronics,2,98.38,0.0,196.76,Mobile Payment,No
T08397,C1423,2025-12-31,Speaker,Electronics,1,294.29,0.0,294.29,Mobile Payment,No
T08398,C0404,2025-02-05,Speaker,Electronics,1,192.3,0.2,153.84,Mobile Payment,No
T08399,C0338,2024-09-28,Tablet,Electronics,3,442.96,0.0,1328.87,Credit Card,Yes
T08400,C1441,2025-04-28,Speaker,Electronics,2,158.91,0.05,301.92,Credit Card,No
T08401,C0710,2024-12-07,Monitor,Electronics,1,284.91,0.0,284.91,PayPal,No
T08402,C0313,2025-07-22,Tablet,Electronics,1,336.87,0.0,336.87,Credit Card,No
T08403,C1079,2025-12-31,Speaker,Electronics,1,96.1,0.2,76.88,Debit Card,No
T08404,C0435,2025-01-14,Camera,Electronics,1,1160.15,0.0,1160.15,Debit Card,No
T08405,C0407,2025-12-31,Mouse,Electronics,1,67.69,0.2,54.15,Debit Card,No
T08406,C1342,2024-07-16,Camera,Electronics,3,1141.02,0.0,3423.05,Mobile Payment,No
T08407,C0250,2025-10-18,Mouse,Electronics,3,47.91,0.0,143.72,Debit Card,No
T08408,C0103,2025-01-05,Headphones,Electronics,2,86.66,0.0,173.31,Mobile Payment,No
T08409,C0412,2025-12-31,Speaker,Electronics,1,74.51,0.05,70.79,PayPal,No
T08410,C0919,2025-04-09,Speaker,Electronics,1,118.06,0.05,112.16,PayPal,No
T08411,C0187,2024-10-26,Tablet,Electronics,1,598.38,0.15,508.62,PayPal,No
T08412,C0728,2025-01-27,Headphones,Electronics,2,140.63,0.0,281.26,Credit Card,No
T08413,C0951,2025-07-31,Headphones,Electronics,1,115.97,0.0,115.97,PayPal,No
T08414,C1294,2025-09-06,Smartwatch,Electronics,1,224.79,,179.83,Mobile Payment,No
T08415,C0342,2025-12-31,Smartwatch,Electronics,1,318.88,0.0,318.88,Debit Card,No
T08416,C1256,2025-04-07,Speaker,Electronics,2,90.13,0.0,180.27,Credit Card,No
T08417,C0349,2024-10-27,Monitor,Electronics,2,584.55,0.0,1169.09,PayPal,No
T08418,C1030,2024-07-18,Mouse,Electronics,2,71.63,0.1,128.93,Mobile Payment,No
T08419,C0665,2025-10-15,Camera,Electronics,3,1069.82,0.0,3209.45,Debit Card,No
T08420,C0173,2025-02-19,Phone,Electronics,2,591.51,0.05,1123.88,PayPal,No
T08421,C1092,2025-01-05,Keyboard,Electronics,1,61.68,0.0,61.68,PayPal,No
T08422,C0328,2025-02-24,Keyboard,Electronics,1,112.95,0.05,107.3,Debit Card,No
T08423,C0271,2024-08-31,Mouse,Electronics,1,20.77,0.15,17.66,Debit Card,No
T08424,C0548,2025-07-16,Mouse,Electronics,1,87.44,0.1,78.69,PayPal,No
T08425,C0994,2025-10-14,Smartwatch,Electronics,3,248.38,0.0,745.13,Debit Card,No
T08426,C0349,2024-10-26,Tablet,Electronics,1,312.94,0.05,297.3,Debit Card,No
T08427,C0280,2025-09-30,Phone,Electronics,1,428.41,0.05,406.98,Mobile Payment,No
T08428,C0017,2025-12-31,Smartwatch,Electronics,2,321.81,0.0,643.63,Mobile Payment,No
T08429,C0728,2024-07-14,Headphones,Electronics,1,189.77,0.1,170.8,Credit Card,No
T08430,C0664,2024-05-13,Tablet,Electronics,1,538.66,0.1,484.79,Debit Card,No
T08431,C0349,2025-01-15,Headphones,Electronics,4,108.81,0.05,413.48,Mobile Payment,No
T08432,C0083,2025-08-06,Laptop,Electronics,1,1310.75,0.1,1179.68,Credit Card,No
T08433,C0664,2024-09-24,Smartwatch,Electronics,1,131.6,0.0,131.6,Debit Card,No
T08434,C1209,2025-03-31,Mouse,Electronics,1,17.06,0.15,14.5,Debit Card,No
T08435,C1095,2025-11-23,Keyboard,Electronics,1,92.08,0.05,87.48,Debit Card,No
T08436,C1311,2025-05-07,Mouse,Electronics,1,93.16,0.0,93.16,Credit Card,No
T08437,C0017,2025-12-31,Headphones,Electronics,2,138.53,0.0,277.07,PayPal,No
T08438,C1454,2025-04-26,Tablet,Electronics,1,287.83,0.05,273.44,Debit Card,No
T08439,C0524,2024-09-05,Camera,Electronics,2,885.74,0.0,1771.48,Debit Card,No
T08440,C1486,2025-11-02,Headphones,Electronics,1,171.55,0.0,171.55,Debit Card,No
T08441,C0382,2024-10-04,Phone,Electronics,1,607.72,0.05,577.33,Mobile Payment,No
T08442,C0728,2024-10-08,Mouse,Electronics,2,86.62,0.05,164.58,Credit Card,No
T08443,C0540,2025-05-16,Headphones,Electronics,1,142.55,0.0,142.55,Mobile Payment,No
T08444,C0543,2025-02-21,Phone,Electronics,2,312.41,0.0,624.83,Credit Card,No
T08445,C1291,2024-02-22,Laptop,Electronics,3,1266.68,0.0,3800.04,Debit Card,No
T08446,C1145,2025-02-23,Speaker,Electronics,1,78.05,0.1,70.25,PayPal,No
T08447,C1486,2024-12-14,Monitor,Electronics,3,547.24,0.05,1559.63,Debit Card,No
T08448,C0928,2025-12-31,Phone,Electronics,1,589.2,0.05,559.74,Credit Card,Yes
T08449,C0717,2025-11-07,Smartwatch,Electronics,1,272.24,0.05,258.63,PayPal,No
T08450,C0144,2024-10-28,Camera,Electronics,2,1174.89,0.0,2349.77,Credit Card,No
T08451,C1493,2025-12-31,Monitor,Electronics,1,344.37,0.0,344.37,Credit Card,Yes
T08452,C0832,2025-12-02,Laptop,Electronics,1,1021.81,0.05,970.72,Credit Card,No
T08453,C1066,2024-02-21,Headphones,Electronics,1,186.91,0.05,177.57,PayPal,No
T08454,C0631,2025-06-02,Tablet,Electronics,1,231.81,0.0,231.81,Debit Card,No
T08455,C0828,2025-10-02,Mouse,Electronics,2,17.35,0.0,34.71,Debit Card,No
T08456,C1422,2025-07-18,Monitor,Electronics,1,421.94,0.0,421.94,Credit Card,No
T08457,C0255,2025-12-31,Headphones,Electronics,1,61.83,0.0,61.83,PayPal,No
T08458,C0449,2025-12-31,Mouse,Electronics,2,36.74,0.05,69.8,Credit Card,Yes
T08459,C0236,2025-09-25,Keyboard,Electronics,1,176.32,0.1,158.69,Mobile Payment,Yes
T08460,C1215,2025-12-31,Speaker,Electronics,1,209.82,0.0,209.82,Credit Card,No
T08461,C0097,2025-06-13,Keyboard,Electronics,1,157.64,0.0,157.64,Mobile Payment,No
T08462,C0128,2024-12-23,Monitor,Electronics,1,554.01,0.0,554.01,Debit Card,No
T08463,C0461,2025-01-21,Smartwatch,Electronics,1,95.19,0.0,95.19,PayPal,No
T08464,C0779,2025-03-20,Phone,Electronics,4,853.06,0.0,3412.22,Debit Card,No
T08465,C0630,2025-12-31,Tablet,Electronics,1,587.26,0.05,557.9,PayPal,No
T08466,C0071,2024-10-31,Smartwatch,Electronics,2,73.15,0.05,138.98,Debit Card,No
T08467,C1441,2025-12-26,Headphones,Electronics,2,215.67,0.0,431.34,Debit Card,No
T08468,C1434,2025-06-21,Headphones,Electronics,1,117.08,0.2,93.66,PayPal,No
T08469,C0428,2024-10-13,Camera,Electronics,1,1177.04,0.15,1000.48,Credit Card,No
T08470,C1122,2025-06-10,Keyboard,Electronics,3,152.7,0.1,412.28,Credit Card,Yes
T08471,C0878,2025-10-29,Smartwatch,Electronics,1,187.64,0.0,187.64,Mobile Payment,No
T08472,C0353,2024-07-04,Smartwatch,Electronics,2,208.35,0.1,375.03,PayPal,No
T08473,C0396,2024-09-21,Phone,Electronics,1,428.81,0.15,364.49,Mobile Payment,No
T08474,C0756,2025-12-31,Mouse,Electronics,2,56.39,0.1,101.5,Credit Card,No
T08475,C0648,2025-05-12,Speaker,Electronics,1,67.95,0.0,67.95,Credit Card,No
T08476,C0448,2024-12-09,Monitor,Electronics,2,558.89,0.0,1117.77,Debit Card,No
T08477,C1239,2025-12-31,Mouse,Electronics,2,75.62,0.15,128.56,PayPal,No
T08478,C0741,2025-12-31,Keyboard,Electronics,1,149.81,0.2,119.85,Debit Card,No
T08479,C0998,2025-02-16,Phone,Electronics,1,595.23,0.05,565.47,Debit Card,No
T08480,C0288,2024-12-04,Phone,Electronics,1,331.66,0.0,331.66,Credit Card,No
T08481,C0809,2025-03-25,Headphones,Electronics,1,132.08,0.1,118.87,Mobile Payment,No
T08482,C0489,2024-12-21,Monitor,Electronics,1,298.14,0.15,253.42,Debit Card,No
T08483,C0799,2025-01-13,Monitor,Electronics,2,154.55,0.0,309.1,Credit Card,No
T08484,C1200,2025-11-06,Speaker,Electronics,1,199.91,0.0,199.91,PayPal,No
T08485,C1179,2025-12-08,Phone,Electronics,1,804.87,0.0,804.87,Credit Card,No
T08486,C0541,2025-08-28,Headphones,Electronics,1,165.0,0.0,165.0,Debit Card,No
T08487,C1058,2025-07-17,Monitor,Electronics,3,250.59,0.05,714.18,PayPal,No
T08488,C1420,2025-12-31,Speaker,Electronics,1,252.97,0.0,252.97,PayPal,No
T08489,C0949,2025-12-29,Monitor,Electronics,1,289.27,0.15,245.88,Debit Card,No
T08490,C0230,2025-12-28,Smartwatch,Electronics,1,123.36,0.0,123.36,Credit Card,No
T08491,C1033,2024-08-30,Mouse,Electronics,2,96.7,0.0,193.39,Credit Card,No
T08492,C0162,2025-05-31,Keyboard,Electronics,1,27.57,0.1,24.82,Debit Card,No
T08493,C1328,2025-08-05,Phone,Electronics,1,358.92,0.0,358.92,PayPal,No
T08494,C0782,2025-05-17,Phone,Electronics,4,553.55,0.0,2214.2,Mobile Payment,No
T08495,C0596,2025-06-03,Tablet,Electronics,1,258.52,0.0,258.52,Credit Card,No
T08496,C0089,2025-12-31,Laptop,Electronics,2,816.81,0.05,1551.94,PayPal,No
T08497,C0588,2024-06-08,Headphones,Electronics,1,150.53,0.0,150.53,Credit Card,No
T08498,C1375,2025-09-26,Keyboard,Electronics,1,151.95,0.0,151.95,Debit Card,No
T08499,C0032,2025-10-13,Phone,Electronics,1,680.05,0.0,680.05,Debit Card,No
T08500,C0732,2024-05-27,Phone,Electronics,3,315.94,0.0,947.83,Credit Card,No
T08501,C1407,2025-03-31,Mouse,Electronics,1,91.11,0.05,86.55,Mobile Payment,No
T08502,C0611,2025-07-03,Phone,Electronics,1,849.79,0.0,849.79,Credit Card,No
T08503,C0662,2024-12-08,Phone,Electronics,1,432.65,0.15,367.75,Credit Card,No
T08504,C0878,2025-12-31,Speaker,Electronics,2,183.81,0.1,330.86,PayPal,No
T08505,C0717,2025-05-09,Laptop,Electronics,1,1039.67,0.15,883.72,Credit Card,No
T08506,C0259,2025-01-16,Tablet,Electronics,3,494.07,0.0,1482.2,Credit Card,No
T08507,C0029,2024-07-05,Laptop,Electronics,1,1384.56,0.0,1384.56,Mobile Payment,Yes
T08508,C0921,2025-02-02,Camera,Electronics,1,1187.74,0.0,1187.74,Debit Card,No
T08509,C1394,2025-02-05,Keyboard,Electronics,1,103.92,0.05,98.72,Credit Card,No
T08510,C0166,2024-05-30,Laptop,Electronics,2,764.36,0.0,1528.73,Credit Card,No
T08511,C0318,2025-04-12,Keyboard,Electronics,3,76.84,0.0,230.53,Credit Card,No
T08512,C0570,2025-02-08,Phone,Electronics,1,518.82,0.05,492.88,Mobile Payment,No
T08513,C1239,2025-02-24,Monitor,Electronics,3,390.59,0.0,1171.76,Credit Card,No
T08514,C0412,2025-12-31,Mouse,Electronics,2,96.63,0.1,173.94,Mobile Payment,No
T08515,C1345,2025-08-18,Phone,Electronics,2,420.57,0.15,714.97,PayPal,No
T08516,C0085,2025-12-31,Monitor,Electronics,1,391.51,0.05,371.93,Debit Card,No
T08517,C1419,2025-10-15,Monitor,Electronics,3,280.97,0.15,716.48,Mobile Payment,No
T08518,C0847,2025-11-01,Speaker,Electronics,2,279.06,0.0,558.12,Credit Card,No
T08519,C1003,2025-11-01,Speaker,Electronics,2,297.39,0.0,594.78,Debit Card,No
T08520,C0565,2025-08-23,Mouse,Electronics,1,89.01,0.0,89.01,Credit Card,No
T08521,C1201,2025-06-26,Camera,Electronics,1,604.87,0.05,574.63,PayPal,No
T08522,C0255,2025-12-31,Mouse,Electronics,2,38.62,0.05,73.38,Credit Card,No
T08523,C0077,2025-05-10,Camera,Electronics,1,688.05,0.0,688.05,Mobile Payment,No
T08524,C0612,2024-03-02,Headphones,Electronics,1,172.04,0.0,172.04,Debit Card,No
T08525,C1300,2025-12-27,Keyboard,Electronics,1,26.44,0.0,26.44,Credit Card,Yes
T08526,C1154,2024-11-14,Camera,Electronics,1,1195.6,0.15,1016.26,Credit Card,No
T08527,C0783,2025-03-17,Speaker,Electronics,1,269.69,0.0,269.69,PayPal,No
T08528,C0866,2025-12-31,Laptop,Electronics,2,716.67,0.0,1433.34,Mobile Payment,Yes
T08529,C0199,2024-07-06,Phone,Electronics,1,498.37,0.05,473.45,Mobile Payment,No
T08530,C1289,2025-09-20,Speaker,Electronics,3,218.84,0.0,656.51,Mobile Payment,No
T08531,C1207,2025-10-20,Keyboard,Electronics,1,62.42,0.0,62.42,Debit Card,No
T08532,C1001,2025-07-07,Speaker,Electronics,2,77.14,0.05,146.56,Mobile Payment,No
T08533,C0722,2025-12-31,Smartwatch,Electronics,2,242.5,0.15,412.25,PayPal,No
T08534,C1452,2025-06-13,Smartwatch,Electronics,1,322.02,0.15,273.72,Credit Card,No
T08535,C1342,2025-03-23,Headphones,Electronics,3,211.56,0.1,571.22,Credit Card,No
T08536,C0983,2024-11-04,Tablet,Electronics,2,184.82,0.0,369.65,Debit Card,No
T08537,C0572,2025-06-21,Keyboard,Electronics,1,160.54,0.15,136.46,Debit Card,No
T08538,C0934,2024-11-02,Camera,Electronics,1,804.69,0.05,764.46,Debit Card,No
T08539,C0873,2025-03-31,Mouse,Electronics,1,35.2,0.0,35.2,PayPal,No
T08540,C0610,2024-09-28,Monitor,Electronics,2,427.62,0.05,812.49,Credit Card,No
T08541,C0474,2025-07-02,Smartwatch,Electronics,1,348.78,0.0,348.78,PayPal,No
T08542,C0632,2025-12-31,Mouse,Electronics,1,38.47,0.0,38.47,Debit Card,No
T08543,C0869,2025-01-05,Speaker,Electronics,1,111.99,0.0,111.99,Mobile Payment,No
T08544,C0662,2024-12-27,Tablet,Electronics,1,508.5,0.1,457.65,Credit Card,No
T08545,C0398,2025-12-31,Phone,Electronics,1,278.08,0.0,278.08,Mobile Payment,No
T08546,C1165,2025-12-21,Monitor,Electronics,1,519.25,0.05,493.28,Credit Card,No
T08547,C0807,2025-04-11,Headphones,Electronics,1,153.98,0.05,146.28,Debit Card,No
T08548,C0105,2025-06-05,Speaker,Electronics,1,258.71,0.15,219.9,Mobile Payment,Yes
T08549,C0566,2024-07-09,Laptop,Electronics,2,861.52,0.1,1550.73,Debit Card,No
T08550,C1351,2025-12-24,Speaker,Electronics,1,260.27,0.0,260.27,Mobile Payment,No
T08551,C1154,2025-02-24,Speaker,Electronics,1,156.64,0.05,148.81,Mobile Payment,No
T08552,C0497,2025-12-31,Laptop,Electronics,1,792.91,0.15,673.97,Credit Card,No
T08553,C1414,2025-05-24,Camera,Electronics,1,1111.28,0.0,1111.28,Debit Card,Yes
T08554,C0117,2025-01-01,Monitor,Electronics,4,467.26,0.0,1869.02,Credit Card,No
T08555,C1447,2025-09-28,Smartwatch,Electronics,1,108.8,0.0,108.8,PayPal,No
T08556,C0368,2025-12-31,Laptop,Electronics,1,872.55,0.0,872.55,Credit Card,Yes
T08557,C0016,2025-12-31,Speaker,Electronics,1,109.9,0.0,109.9,PayPal,No
T08558,C0673,2025-06-11,Keyboard,Electronics,3,174.32,0.1,470.66,PayPal,No
T08559,C0550,2025-08-27,Camera,Electronics,1,1097.56,0.2,878.05,PayPal,No
T08560,C0815,2025-11-26,Mouse,Electronics,1,44.44,0.05,42.22,Debit Card,No
T08561,C1222,2025-02-20,Keyboard,Electronics,4,97.33,0.05,369.85,Debit Card,Yes
T08562,C1291,2024-03-30,Phone,Electronics,1,435.43,0.15,370.12,Credit Card,No
T08563,C0623,2025-05-21,Phone,Electronics,1,732.72,0.0,732.72,Credit Card,No
T08564,C0665,2025-03-18,Monitor,Electronics,4,222.54,0.05,845.67,Mobile Payment,No
T08565,C0229,2025-11-23,Camera,Electronics,1,604.75,0.1,544.28,Debit Card,No
T08566,C0075,2024-12-08,Phone,Electronics,1,643.97,0.0,643.97,Debit Card,No
T08567,C0974,2024-11-01,Speaker,Electronics,1,268.11,0.0,268.11,Credit Card,No
T08568,C0103,2025-11-17,Camera,Electronics,2,872.0,0.1,1569.59,Mobile Payment,No
T08569,C1125,2025-12-14,Headphones,Electronics,1,208.55,0.0,208.55,PayPal,No
T08570,C0815,2025-12-31,Tablet,Electronics,1,617.48,0.1,555.73,Credit Card,No
T08571,C0301,2025-12-31,Speaker,Electronics,1,226.76,0.15,192.74,Credit Card,No
T08572,C0816,2024-09-28,Phone,Electronics,2,431.16,0.0,862.31,Credit Card,No
T08573,C0280,2025-10-06,Headphones,Electronics,1,159.79,0.0,159.79,PayPal,No
T08574,C0683,2025-02-18,Phone,Electronics,2,375.28,0.15,637.98,Credit Card,No
T08575,C1226,2025-09-26,Speaker,Electronics,3,126.63,0.1,341.91,Mobile Payment,No
T08576,C0716,2024-12-14,Keyboard,Electronics,1,142.47,0.0,142.47,PayPal,No
T08577,C0231,2025-05-13,Headphones,Electronics,1,191.62,0.05,182.04,Mobile Payment,No
T08578,C1111,2025-05-11,Tablet,Electronics,2,375.88,0.0,751.76,PayPal,No
T08579,C0285,2025-12-31,Headphones,Electronics,1,129.45,0.0,129.45,Credit Card,No
T08580,C1131,2024-11-15,Phone,Electronics,1,500.99,0.05,475.94,Debit Card,No
T08581,C0739,2025-05-25,Camera,Electronics,2,731.37,0.05,1389.6,Debit Card,No
T08582,C0702,2025-03-04,Monitor,Electronics,3,380.62,0.0,1141.86,Mobile Payment,No
T08583,C1299,2025-12-31,Mouse,Electronics,1,73.81,0.0,73.81,Debit Card,No
T08584,C1085,2024-10-04,Tablet,Electronics,1,532.75,0.15,452.83,PayPal,No
T08585,C0047,2025-10-03,Monitor,Electronics,1,588.76,0.0,588.76,PayPal,No
T08586,C0455,2025-08-09,Phone,Electronics,1,534.47,0.0,534.47,PayPal,No
T08587,C1324,2025-07-17,Smartwatch,Electronics,1,84.11,0.1,75.7,Credit Card,No
T08588,C0029,2024-06-26,Smartwatch,Electronics,1,259.57,0.0,259.57,Mobile Payment,No
T08589,C0824,2025-08-17,Phone,Electronics,1,573.88,0.05,545.18,Mobile Payment,No
T08590,C1118,2025-10-02,Laptop,Electronics,1,1288.72,0.0,1288.72,Debit Card,No
T08591,C0943,2025-02-12,Smartwatch,Electronics,2,102.5,0.1,184.5,Credit Card,No
T08592,C1164,2025-05-24,Phone,Electronics,1,669.19,0.05,635.73,Mobile Payment,No
T08593,C1114,2024-05-27,Keyboard,Electronics,1,96.19,0.05,91.38,PayPal,No
T08594,C1053,2025-10-30,Keyboard,Electronics,2,89.99,0.1,161.99,PayPal,No
T08595,C1262,2024-06-07,Phone,Electronics,1,617.16,0.05,586.3,Mobile Payment,No
T08596,C0985,2024-11-14,Keyboard,Electronics,3,131.05,0.0,393.14,PayPal,No
T08597,C0624,2024-11-01,Monitor,Electronics,2,532.92,0.0,1065.83,Mobile Payment,No
T08598,C0728,2025-03-12,Monitor,Electronics,1,255.8,0.0,255.8,Mobile Payment,No
T08599,C1099,2024-11-23,Headphones,Electronics,1,85.69,0.1,77.12,Debit Card,No
T08600,C1335,2025-03-14,Camera,Electronics,1,793.72,0.0,793.72,Credit Card,No
T08601,C0419,2025-02-28,Phone,Electronics,1,475.26,0.2,380.21,Debit Card,No
T08602,C0524,2025-10-29,Headphones,Electronics,1,137.99,0.05,131.09,Mobile Payment,No
T08603,C1406,2024-12-12,Tablet,Electronics,1,274.07,0.1,246.66,Credit Card,No
T08604,C0878,2025-12-06,Camera,Electronics,2,576.88,0.0,1153.77,PayPal,No
T08605,C0274,2025-08-04,Phone,Electronics,2,461.15,0.05,876.18,Credit Card,No
T08606,C1009,2024-07-21,Smartwatch,Electronics,2,347.77,0.2,556.44,Mobile Payment,No
T08607,C1486,2025-05-10,Keyboard,Electronics,1,157.42,0.0,157.42,PayPal,No
T08608,C1265,2025-03-13,Camera,Electronics,1,1053.93,0.0,1053.93,Debit Card,Yes
T08609,C1143,2025-12-31,Keyboard,Electronics,2,104.6,0.05,198.75,PayPal,No
T08610,C0313,2024-12-02,Keyboard,Electronics,2,97.36,0.15,165.51,Credit Card,No
T08611,C1334,2024-07-21,Smartwatch,Electronics,1,80.34,0.0,80.34,Mobile Payment,No
T08612,C0797,2025-06-05,Keyboard,Electronics,1,55.59,0.2,44.47,Debit Card,No
T08613,C1358,2024-08-14,Camera,Electronics,1,1105.81,0.0,1105.81,Credit Card,No
T08614,C0504,2025-03-02,Laptop,Electronics,1,1067.95,0.1,961.15,Credit Card,No
T08615,C0097,2025-12-31,Monitor,Electronics,1,594.35,0.0,594.35,Credit Card,No
T08616,C0734,2025-12-07,Smartwatch,Electronics,1,231.62,0.0,231.62,PayPal,No
T08617,C0412,2025-12-31,Camera,Electronics,1,639.74,0.2,511.79,PayPal,No
T08618,C1095,2025-10-12,Camera,Electronics,1,546.7,0.0,546.7,Credit Card,No
T08619,C1441,2025-01-11,Keyboard,Electronics,1,167.35,0.0,167.35,PayPal,No
T08620,C1051,2025-12-31,Speaker,Electronics,2,136.39,0.0,272.78,Debit Card,No
T08621,C1355,2025-03-22,Phone,Electronics,1,344.99,0.0,344.99,Mobile Payment,No
T08622,C0702,2025-04-05,Phone,Electronics,1,430.87,0.0,430.87,PayPal,No
T08623,C1183,2024-11-29,Laptop,Electronics,3,1151.94,0.0,3455.81,Debit Card,No
T08624,C1292,2025-12-31,Speaker,Electronics,2,74.58,0.0,149.17,Debit Card,No
T08625,C1087,2025-05-13,Headphones,Electronics,1,47.4,0.1,42.66,Debit Card,No
T08626,C0770,2024-05-09,Smartwatch,Electronics,2,192.71,0.0,385.42,Credit Card,No
T08627,C0950,2025-09-29,Laptop,Electronics,1,758.56,0.1,682.7,PayPal,No
T08628,C1066,2024-03-06,Tablet,Electronics,3,364.68,0.05,1039.34,PayPal,No
T08629,C0383,2025-06-19,Keyboard,Electronics,1,75.02,0.15,63.77,Debit Card,No
T08630,C1241,2025-05-10,Monitor,Electronics,2,326.16,0.1,587.1,Credit Card,No
T08631,C1431,2025-04-23,Phone,Electronics,2,567.06,0.15,964.01,Mobile Payment,Yes
T08632,C0720,2024-08-10,Monitor,Electronics,2,233.4,0.0,466.8,Credit Card,No
T08633,C1066,2024-06-05,Phone,Electronics,2,537.58,0.15,913.88,Debit Card,No
T08634,C1128,2025-01-30,Keyboard,Electronics,1,81.04,0.0,81.04,Mobile Payment,No
T08635,C1008,2025-11-30,Phone,Electronics,1,767.06,0.0,767.06,PayPal,No
T08636,C0828,2025-01-28,Mouse,Electronics,2,74.05,0.0,148.1,PayPal,No
T08637,C1344,2024-12-26,Phone,Electronics,1,817.15,0.1,735.44,PayPal,No
T08638,C0698,2025-04-27,Keyboard,Electronics,3,128.7,0.0,386.09,Debit Card,No
T08639,C0095,2025-01-11,Phone,Electronics,3,328.71,0.2,788.89,Debit Card,No
T08640,C1292,2025-12-31,Headphones,Electronics,1,126.34,0.0,126.34,Credit Card,No
T08641,C1026,2024-09-28,Headphones,Electronics,1,171.07,0.05,162.52,Credit Card,No
T08642,C1296,2024-11-23,Smartwatch,Electronics,1,304.09,0.15,258.47,Credit Card,No
T08643,C0212,2024-10-09,Mouse,Electronics,1,30.41,0.2,24.33,Mobile Payment,No
T08644,C0044,2025-03-20,Speaker,Electronics,2,98.11,0.05,186.41,PayPal,No
T08645,C1411,2024-08-15,Speaker,Electronics,1,264.18,0.05,250.97,Credit Card,No
T08646,C0228,2025-02-21,Mouse,Electronics,1,56.26,0.0,56.26,Debit Card,No
T08647,C1241,2025-07-09,Smartwatch,Electronics,2,191.2,0.0,382.41,Credit Card,No
T08648,C1265,2024-09-19,Keyboard,Electronics,1,101.59,0.2,81.27,Mobile Payment,No
T08649,C1085,2024-06-13,Mouse,Electronics,1,29.73,0.0,29.73,Debit Card,No
T08650,C0203,2024-12-27,Keyboard,Electronics,1,122.28,0.0,122.28,Debit Card,No
T08651,C1015,2025-12-31,Tablet,Electronics,2,559.75,0.0,1119.5,PayPal,No
T08652,C1358,2024-07-16,Headphones,Electronics,1,189.04,0.0,189.04,Mobile Payment,No
T08653,C0656,2025-04-18,Keyboard,Electronics,3,29.71,0.0,89.13,Debit Card,No
T08654,C0640,2024-12-03,Mouse,Electronics,1,75.79,0.0,75.79,PayPal,No
T08655,C0692,2025-12-31,Headphones,Electronics,1,47.33,0.0,47.33,Debit Card,No
T08656,C0130,2024-09-28,Phone,Electronics,2,878.46,0.2,1405.54,PayPal,No
T08657,C1363,2025-04-18,Monitor,Electronics,1,367.01,0.0,367.01,Mobile Payment,No
T08658,C1321,2025-12-31,Speaker,Electronics,1,241.61,0.05,229.53,PayPal,No
T08659,C1497,2024-09-09,Phone,Electronics,1,654.21,0.0,654.21,Credit Card,No
T08660,C0888,2024-11-14,Mouse,Electronics,1,95.91,0.1,86.32,PayPal,No
T08661,C1151,2025-03-23,Speaker,Electronics,1,293.15,0.0,293.15,Mobile Payment,No
T08662,C0306,2025-07-04,Headphones,Electronics,1,82.99,0.05,78.84,Debit Card,No
T08663,C1015,2025-08-20,Camera,Electronics,1,734.58,0.1,661.12,PayPal,No
T08664,C0991,2025-12-31,Camera,Electronics,2,753.82,0.0,1507.63,Credit Card,No
T08665,C1374,2025-05-27,Headphones,Electronics,1,63.76,0.1,57.39,Debit Card,No
T08666,C1273,2024-12-08,Phone,Electronics,1,837.56,0.0,837.56,Credit Card,No
T08667,C1415,2024-10-29,Phone,Electronics,1,477.24,0.0,477.24,Mobile Payment,No
T08668,C1321,2025-12-31,Headphones,Electronics,1,46.62,0.0,46.62,Credit Card,No
T08669,C1321,2025-07-21,Speaker,Electronics,1,80.18,0.0,80.18,Credit Card,No
T08670,C0101,2025-12-31,Tablet,Electronics,2,421.25,0.0,842.51,Debit Card,No
T08671,C1293,2025-12-31,Speaker,Electronics,1,269.24,0.0,269.24,PayPal,Yes
T08672,C0919,2025-03-11,Phone,Electronics,1,658.34,0.0,658.34,Mobile Payment,No
T08673,C0588,2024-04-10,Speaker,Electronics,1,95.86,0.0,95.86,Credit Card,No
T08674,C0088,2025-08-12,Tablet,Electronics,2,319.5,0.15,543.15,PayPal,No
T08675,C1031,2024-10-23,Mouse,Electronics,1,97.96,0.0,97.96,PayPal,No
T08676,C0501,2025-12-31,Laptop,Electronics,1,736.99,0.05,700.14,PayPal,Yes
T08677,C0723,2025-12-31,Tablet,Electronics,3,647.34,0.05,1844.92,Credit Card,No
T08678,C1035,2024-04-26,Phone,Electronics,1,838.81,0.05,796.87,Debit Card,No
T08679,C1383,2025-12-31,Laptop,Electronics,2,1174.94,0.15,1997.4,Debit Card,No
T08680,C1269,2025-12-25,Phone,Electronics,1,863.08,0.0,863.08,PayPal,No
T08681,C0699,2025-12-31,Keyboard,Electronics,3,48.63,0.0,145.9,PayPal,No
T08682,C0602,2025-09-19,Headphones,Electronics,1,209.09,0.0,209.09,Mobile Payment,No
T08683,C0359,2024-09-03,Mouse,Electronics,1,33.07,0.0,33.07,Credit Card,No
T08684,C0574,2025-12-31,Mouse,Electronics,1,61.43,0.0,61.43,Debit Card,No
T08685,C0172,2024-08-07,Smartwatch,Electronics,1,201.74,0.1,181.57,PayPal,No
T08686,C1461,2025-12-20,Camera,Electronics,2,761.21,0.0,1522.42,Debit Card,No
T08687,C0869,2024-07-25,Smartwatch,Electronics,2,137.54,0.0,275.08,Mobile Payment,No
T08688,C0196,2025-10-14,Headphones,Electronics,1,178.32,0.0,178.32,Mobile Payment,No
T08689,C0536,2025-12-31,Tablet,Electronics,1,529.01,0.0,529.01,Mobile Payment,No
T08690,C0828,2025-12-31,Monitor,Electronics,2,579.28,0.0,1158.57,PayPal,No
T08691,C0808,2024-11-17,Keyboard,Electronics,1,103.58,0.0,103.58,Debit Card,No
T08692,C0050,2025-12-31,Tablet,Electronics,1,437.6,0.15,371.96,Debit Card,No
T08693,C1432,2025-09-11,Keyboard,Electronics,2,165.02,0.15,280.54,Credit Card,No
T08694,C0425,2024-05-26,Phone,Electronics,3,847.64,0.0,2542.91,Mobile Payment,No
T08695,C0027,2025-08-30,Tablet,Electronics,2,485.28,0.1,873.51,Credit Card,No
T08696,C0117,2025-05-19,Mouse,Electronics,2,84.73,0.1,152.52,Mobile Payment,No
T08697,C0880,2024-06-27,Phone,Electronics,4,578.34,0.05,2197.7,Credit Card,No
T08698,C0212,2025-08-05,Phone,Electronics,1,502.33,0.1,452.09,Debit Card,No
T08699,C0063,2024-12-27,Tablet,Electronics,3,586.11,0.15,1494.59,PayPal,Yes
T08700,C0587,2024-12-15,Headphones,Electronics,1,177.68,0.05,168.8,Debit Card,No
T08701,C0943,2025-08-29,Tablet,Electronics,2,293.93,0.0,587.87,Credit Card,No
T08702,C0173,2025-10-05,Headphones,Electronics,3,39.05,0.0,117.16,Credit Card,No
T08703,C0482,2025-07-28,Phone,Electronics,1,617.64,0.0,617.64,Mobile Payment,No
T08704,C0644,2025-01-07,Phone,Electronics,2,797.05,0.1,1434.69,Mobile Payment,No
T08705,C0245,2025-12-31,Tablet,Electronics,4,296.18,0.1,1066.26,Debit Card,No
T08706,C0768,2024-01-28,Headphones,Electronics,1,175.81,0.05,167.01,Credit Card,No
T08707,C0136,2025-11-20,Headphones,Electronics,1,108.66,0.0,108.66,Debit Card,No
T08708,C0073,2025-11-09,Smartwatch,Electronics,2,157.36,0.15,267.5,Debit Card,No
T08709,C0786,2024-12-15,Monitor,Electronics,1,227.77,0.0,227.77,Credit Card,No
T08710,C0372,2025-12-02,Keyboard,Electronics,1,169.82,0.05,161.32,Mobile Payment,No
T08711,C0150,2025-12-20,Keyboard,Electronics,1,59.98,0.0,59.98,Debit Card,No
T08712,C0652,2024-12-31,Headphones,Electronics,1,83.05,0.0,83.05,Mobile Payment,No
T08713,C1385,2024-11-06,Speaker,Electronics,2,126.19,0.0,252.37,PayPal,No
T08714,C1112,2025-12-31,Laptop,Electronics,1,899.26,0.0,899.26,Mobile Payment,No
T08715,C1252,2025-06-03,Phone,Electronics,1,355.89,0.0,355.89,PayPal,No
T08716,C1327,2025-12-10,Tablet,Electronics,1,346.59,0.1,311.93,Debit Card,Yes
T08717,C1462,2025-09-28,Camera,Electronics,2,724.6,0.0,1449.19,Debit Card,Yes
T08718,C1166,2025-06-05,Speaker,Electronics,1,183.46,0.0,183.46,Credit Card,No
T08719,C0920,2024-07-15,Camera,Electronics,1,440.85,0.0,440.85,PayPal,No
T08720,C0561,2024-12-17,Headphones,Electronics,1,178.09,0.05,169.18,Debit Card,No
T08721,C0278,2024-06-21,Speaker,Electronics,1,121.0,0.0,121.0,Credit Card,No
T08722,C1043,2025-07-02,Phone,Electronics,1,846.67,0.0,846.67,Credit Card,No
T08723,C1491,2024-05-18,Mouse,Electronics,2,43.01,0.05,81.72,Credit Card,No
T08724,C0723,2025-07-02,Speaker,Electronics,1,264.35,0.0,264.35,Debit Card,No
T08725,C1111,2025-09-10,Smartwatch,Electronics,2,162.23,0.0,324.47,Mobile Payment,No
T08726,C0759,2025-07-21,Tablet,Electronics,3,417.74,0.0,1253.22,Credit Card,No
T08727,C0671,2025-12-31,Mouse,Electronics,1,46.65,0.2,37.32,Debit Card,No
T08728,C0636,2025-05-24,Tablet,Electronics,1,361.93,0.15,307.64,Debit Card,No
T08729,C0766,2025-07-10,Phone,Electronics,1,652.08,0.15,554.27,Debit Card,No
T08730,C0563,2025-12-31,Mouse,Electronics,1,73.9,0.0,73.9,Credit Card,No
T08731,C1148,2025-06-02,Phone,Electronics,1,815.81,0.0,815.81,Debit Card,No
T08732,C1330,2025-07-09,Phone,Electronics,1,619.88,0.0,619.88,Debit Card,Yes
T08733,C1347,2025-11-27,Keyboard,Electronics,2,58.61,0.1,105.5,Mobile Payment,No
T08734,C0341,2025-07-20,Keyboard,Electronics,1,178.38,0.2,142.71,Credit Card,No
T08735,C1367,2025-05-13,Laptop,Electronics,2,1178.64,0.0,2357.28,Mobile Payment,No
T08736,C0524,2025-07-01,Laptop,Electronics,1,962.33,0.05,914.21,PayPal,No
T08737,C0477,2025-03-06,Camera,Electronics,2,1171.38,0.0,2342.77,Mobile Payment,No
T08738,C1116,2025-12-11,Phone,Electronics,1,873.01,0.1,785.71,Mobile Payment,Yes
T08739,C0469,2024-09-05,Keyboard,Electronics,1,37.33,0.05,35.46,PayPal,No
T08740,C0082,2024-08-27,Speaker,Electronics,1,45.15,0.1,40.64,Mobile Payment,No
T08741,C0576,2024-02-27,Monitor,Electronics,2,170.01,0.0,340.01,Credit Card,No
T08742,C1109,2025-03-14,Phone,Electronics,1,695.45,0.0,695.45,Credit Card,No
T08743,C0501,2025-10-12,Headphones,Electronics,1,165.07,0.0,165.07,Debit Card,No
T08744,C0954,2025-12-31,Keyboard,Electronics,2,137.22,0.0,274.45,Mobile Payment,No
T08745,C1006,2024-11-20,Smartwatch,Electronics,1,242.77,0.05,230.63,Debit Card,No
T08746,C1125,2025-04-19,Keyboard,Electronics,1,69.25,0.0,69.25,Mobile Payment,No
T08747,C1368,2024-12-29,Laptop,Electronics,1,816.99,0.0,816.99,Debit Card,Yes
T08748,C0671,2025-07-15,Phone,Electronics,1,853.11,0.0,853.11,Mobile Payment,No
T08749,C0255,2025-12-16,Headphones,Electronics,2,203.5,0.1,366.29,Mobile Payment,No
T08750,C0490,2024-12-05,Mouse,Electronics,2,35.61,0.0,71.22,PayPal,No
T08751,C0671,2025-05-30,Keyboard,Electronics,1,51.03,0.1,45.93,Mobile Payment,No
T08752,C1092,2025-11-01,Laptop,Electronics,2,962.74,0.0,1925.48,PayPal,No
T08753,C0021,2024-12-26,Smartwatch,Electronics,1,74.04,0.0,74.04,Credit Card,No
T08754,C0485,2025-03-20,Keyboard,Electronics,1,50.13,0.1,45.12,Mobile Payment,No
T08755,C1199,2025-04-13,Camera,Electronics,1,642.27,0.05,610.16,PayPal,No
T08756,C1020,2025-12-31,Headphones,Electronics,4,75.36,0.0,301.45,Debit Card,No
T08757,C1122,2025-09-08,Monitor,Electronics,1,481.57,0.15,409.33,Debit Card,No
T08758,C1245,2025-08-24,Headphones,Electronics,1,201.94,0.2,161.55,PayPal,No
T08759,C1202,2024-05-09,Mouse,Electronics,1,92.28,0.05,87.66,PayPal,No
T08760,C1035,2025-01-10,Smartwatch,Electronics,1,235.24,0.05,223.48,Mobile Payment,No
T08761,C0686,2025-12-16,Mouse,Electronics,1,74.8,0.0,74.8,Credit Card,No
T08762,C1477,2025-02-23,Tablet,Electronics,2,412.19,0.1,741.95,Mobile Payment,No
T08763,C0862,2025-06-27,Mouse,Electronics,1,27.47,0.0,27.47,Credit Card,No
T08764,C0306,2025-11-08,Headphones,Electronics,2,150.66,0.15,256.12,Debit Card,No
T08765,C0450,2025-05-08,Camera,Electronics,1,614.96,0.0,614.96,Credit Card,No
T08766,C1057,2025-12-26,Laptop,Electronics,2,704.06,0.0,1408.11,Debit Card,No
T08767,C1396,2025-12-31,Laptop,Electronics,2,1102.47,0.0,2204.94,PayPal,No
T08768,C0274,2025-12-31,Phone,Electronics,1,378.94,0.0,378.94,Debit Card,No
T08769,C0131,2025-03-05,Phone,Electronics,1,826.23,0.0,826.23,Credit Card,No
T08770,C1344,2025-08-19,Laptop,Electronics,2,1353.76,0.2,2166.02,Debit Card,No
T08771,C1385,2025-10-28,Laptop,Electronics,3,813.52,0.0,2440.56,PayPal,No
T08772,C0426,2024-10-10,Tablet,Electronics,1,193.82,0.0,193.82,Mobile Payment,No
T08773,C0585,2025-08-17,Phone,Electronics,1,252.63,0.05,240.0,Debit Card,No
T08774,C1006,2025-10-03,Smartwatch,Electronics,3,324.78,0.05,925.63,PayPal,No
T08775,C0504,2025-04-15,Laptop,Electronics,2,806.41,0.05,1532.18,Mobile Payment,No
T08776,C1336,2025-01-08,Speaker,Electronics,2,153.19,0.0,306.37,Mobile Payment,No
T08777,C0168,2025-09-26,Camera,Electronics,1,351.45,0.0,351.45,Credit Card,No
T08778,C0055,2024-09-23,Phone,Electronics,1,492.67,0.0,492.67,Debit Card,No
T08779,C0313,2025-10-04,Laptop,Electronics,1,1249.8,0.0,1249.8,PayPal,No
T08780,C0438,2025-05-06,Phone,Electronics,1,514.33,0.0,514.33,PayPal,No
T08781,C0173,2025-06-05,Keyboard,Electronics,2,145.21,0.05,275.91,PayPal,No
T08782,C0104,2025-09-02,Keyboard,Electronics,1,131.77,0.0,131.77,Credit Card,No
T08783,C1154,2025-02-27,Tablet,Electronics,1,423.13,0.0,423.13,Debit Card,No
T08784,C0253,2025-12-31,Tablet,Electronics,3,526.72,0.0,1580.17,PayPal,No
T08785,C1384,2024-10-24,Keyboard,Electronics,2,161.26,0.0,322.53,Debit Card,No
T08786,C0566,2025-06-16,Tablet,Electronics,2,552.72,0.15,939.62,Debit Card,No
T08787,C1020,2025-12-13,Speaker,Electronics,1,219.85,0.1,197.86,PayPal,No
T08788,C0337,2025-11-12,Headphones,Electronics,1,163.35,0.0,163.35,Debit Card,No
T08789,C0359,2024-02-23,Phone,Electronics,1,354.71,0.05,336.98,PayPal,Yes
T08790,C0873,2025-10-19,Phone,Electronics,1,867.94,0.1,781.14,Debit Card,No
T08791,C0847,2025-06-02,Mouse,Electronics,1,32.48,0.0,32.48,Debit Card,Yes
T08792,C1178,2024-10-26,Tablet,Electronics,1,344.01,0.1,309.61,Credit Card,No
T08793,C1157,2024-10-25,Phone,Electronics,1,586.69,0.1,528.02,Mobile Payment,No
T08794,C1020,2025-12-31,Tablet,Electronics,1,239.3,0.0,239.3,PayPal,No
T08795,C0698,2025-12-19,Tablet,Electronics,1,458.98,0.15,390.13,Credit Card,No
T08796,C1360,2025-09-19,Keyboard,Electronics,1,53.32,0.0,53.32,Credit Card,No
T08797,C0943,2024-10-07,Phone,Electronics,1,850.19,0.15,722.66,Credit Card,No
T08798,C1485,2025-11-22,Mouse,Electronics,1,90.54,0.1,81.48,PayPal,No
T08799,C1258,2025-11-01,Tablet,Electronics,1,435.88,0.1,392.29,Debit Card,No
T08800,C0070,2025-09-18,Monitor,Electronics,2,352.26,0.0,704.53,Debit Card,No
T08801,C0491,2024-09-30,Mouse,Electronics,1,23.72,0.05,22.54,PayPal,No
T08802,C0866,2025-11-08,Keyboard,Electronics,2,152.61,0.0,305.22,PayPal,Yes
T08803,C1109,2025-06-23,Mouse,Electronics,1,47.25,0.05,44.88,PayPal,No
T08804,C0832,2025-11-06,Tablet,Electronics,1,295.77,0.0,295.77,Credit Card,Yes
T08805,C1206,2025-09-21,Speaker,Electronics,2,298.78,0.0,597.55,Mobile Payment,No
T08806,C0430,2024-10-08,Monitor,Electronics,1,450.73,0.0,450.73,Credit Card,No
T08807,C0280,2025-08-19,Tablet,Electronics,1,214.72,0.05,203.98,PayPal,No
T08808,C0083,2024-06-13,Tablet,Electronics,1,556.61,0.05,528.78,Credit Card,No
T08809,C0868,2025-10-18,Laptop,Electronics,1,1225.28,0.0,1225.28,Mobile Payment,No
T08810,C1047,2025-01-12,Mouse,Electronics,1,49.1,0.0,49.1,PayPal,No
T08811,C0499,2024-03-08,Tablet,Electronics,1,238.13,0.15,202.41,Credit Card,No
T08812,C0928,2025-11-27,Speaker,Electronics,1,169.34,0.0,169.34,Debit Card,Yes
T08813,C0081,2025-07-05,Phone,Electronics,1,746.16,0.0,746.16,PayPal,No
T08814,C0154,2024-11-24,Monitor,Electronics,1,184.21,0.0,184.21,Credit Card,Yes
T08815,C1067,2025-12-31,Mouse,Electronics,1,28.89,0.0,28.89,Credit Card,No
T08816,C0566,2024-08-20,Camera,Electronics,1,857.03,0.0,857.03,Debit Card,No
T08817,C1022,2025-12-31,Phone,Electronics,2,613.7,0.0,1227.41,Mobile Payment,No
T08818,C1277,2025-07-28,Speaker,Electronics,2,275.32,0.0,550.65,Credit Card,No
T08819,C1300,2025-02-04,Speaker,Electronics,1,251.85,0.05,239.25,Debit Card,No
T08820,C0267,2025-12-09,Speaker,Electronics,4,278.9,0.05,1059.8,Mobile Payment,No
T08821,C0748,2025-06-25,Camera,Electronics,1,719.36,0.0,719.36,Debit Card,No
T08822,C1125,2025-12-31,Camera,Electronics,1,1009.02,0.05,958.57,Credit Card,No
T08823,C1187,2025-09-08,Keyboard,Electronics,1,32.55,0.0,32.55,PayPal,Yes
T08824,C1204,2024-07-24,Camera,Electronics,1,565.04,0.1,508.54,Mobile Payment,No
T08825,C0341,2024-09-23,Keyboard,Electronics,1,124.86,0.0,124.86,PayPal,No
T08826,C0292,2025-07-03,Keyboard,Electronics,1,143.37,0.2,114.7,Mobile Payment,No
T08827,C0894,2025-04-21,Keyboard,Electronics,2,113.43,0.05,215.51,Credit Card,No
T08828,C1135,2025-02-28,Speaker,Electronics,2,164.99,0.0,329.98,PayPal,No
T08829,C0490,2025-04-29,Phone,Electronics,1,401.62,0.0,401.62,Credit Card,No
T08830,C0161,2025-10-02,Smartwatch,Electronics,1,110.51,0.0,110.51,PayPal,No
T08831,C1099,2025-06-03,Tablet,Electronics,1,591.48,0.05,561.9,PayPal,No
T08832,C0461,2024-10-13,Headphones,Electronics,2,57.02,0.2,91.23,Credit Card,No
T08833,C0255,2025-12-31,Phone,Electronics,1,532.94,0.0,532.94,PayPal,No
T08834,C0228,2024-08-08,Headphones,Electronics,3,198.81,0.2,477.15,PayPal,No
T08835,C0483,2025-12-31,Speaker,Electronics,1,78.41,0.0,78.41,Mobile Payment,Yes
T08836,C0898,2024-10-01,Headphones,Electronics,1,54.23,0.05,51.52,Mobile Payment,No
T08837,C0548,2025-12-31,Mouse,Electronics,1,73.86,0.05,70.17,Mobile Payment,No
T08838,C0030,2025-12-31,Phone,Electronics,1,465.52,0.0,465.52,Mobile Payment,No
T08839,C0151,2025-07-22,Speaker,Electronics,1,153.28,0.0,153.28,Debit Card,No
T08840,C0448,2025-10-20,Smartwatch,Electronics,1,241.42,0.15,205.21,Mobile Payment,No
T08841,C1005,2025-05-14,Headphones,Electronics,1,102.01,0.05,96.91,PayPal,No
T08842,C0153,2025-02-27,Headphones,Electronics,4,181.97,0.1,655.09,PayPal,No
T08843,C0847,2024-12-20,Headphones,Electronics,3,214.11,0.05,610.21,Credit Card,No
T08844,C0182,2024-08-03,Headphones,Electronics,1,207.28,0.05,196.92,Credit Card,No
T08845,C0320,2024-05-24,Tablet,Electronics,2,436.36,0.0,872.72,Credit Card,No
T08846,C0267,2025-10-13,Speaker,Electronics,1,132.25,0.05,125.64,Credit Card,No
T08847,C0104,2025-12-31,Smartwatch,Electronics,1,185.78,0.0,185.78,Debit Card,No
T08848,C1022,2025-12-31,Tablet,Electronics,1,335.17,0.0,335.17,Debit Card,No
T08849,C0717,2025-07-09,Speaker,Electronics,1,154.85,0.1,139.36,Credit Card,No
T08850,C1274,2024-03-04,Laptop,Electronics,2,709.08,0.2,1134.53,PayPal,No
T08851,C0154,2024-11-12,Headphones,Electronics,1,40.49,0.05,38.47,Debit Card,No
T08852,C0223,2025-12-31,Keyboard,Electronics,2,144.56,0.0,289.11,Credit Card,No
T08853,C0473,2025-01-30,Laptop,Electronics,3,934.37,0.0,2803.11,PayPal,No
T08854,C1169,2025-05-03,Phone,Electronics,1,766.36,0.0,766.36,Credit Card,No
T08855,C0472,2025-12-17,Tablet,Electronics,1,405.57,0.05,385.3,Debit Card,No
T08856,C0635,2025-08-22,Mouse,Electronics,1,83.5,0.15,70.98,PayPal,No
T08857,C0464,2025-09-25,Speaker,Electronics,1,212.53,0.1,191.28,Debit Card,No
T08858,C0127,2025-12-31,Keyboard,Electronics,1,56.16,0.0,56.16,PayPal,No
T08859,C1418,2025-06-22,Keyboard,Electronics,1,94.4,0.15,80.24,Credit Card,No
T08860,C0830,2025-05-30,Keyboard,Electronics,2,134.17,0.15,228.09,Credit Card,No
T08861,C1209,2025-03-01,Headphones,Electronics,2,92.82,0.0,185.63,PayPal,No
T08862,C1003,2025-12-31,Smartwatch,Electronics,1,116.06,0.0,116.06,Mobile Payment,No
T08863,C0779,2025-05-22,Keyboard,Electronics,1,108.68,0.0,108.68,Credit Card,No
T08864,C0144,2024-06-26,Tablet,Electronics,1,308.61,0.0,308.61,Mobile Payment,No
T08865,C0978,2024-04-02,Phone,Electronics,2,636.32,0.0,1272.64,Debit Card,No
T08866,C0240,2024-11-26,Speaker,Electronics,1,110.65,0.1,99.59,Mobile Payment,No
T08867,C0642,2024-12-22,Laptop,Electronics,2,1334.61,0.05,2535.75,Debit Card,No
T08868,C0954,2025-12-31,Speaker,Electronics,3,129.41,0.15,330.01,PayPal,No
T08869,C1201,2025-12-31,Phone,Electronics,1,839.84,0.05,797.85,Credit Card,No
T08870,C1041,2024-12-02,Mouse,Electronics,3,38.76,0.0,116.27,Mobile Payment,No
T08871,C1023,2025-12-31,Tablet,Electronics,1,464.09,0.0,464.09,Credit Card,No
T08872,C0231,2025-11-24,Camera,Electronics,1,417.2,0.0,417.2,Mobile Payment,No
T08873,C0529,2024-10-04,Keyboard,Electronics,1,145.65,0.1,131.08,Debit Card,No
T08874,C0067,2025-12-31,Phone,Electronics,1,380.14,0.15,323.12,Credit Card,No
T08875,C1104,2025-11-27,Tablet,Electronics,1,586.09,0.0,586.09,PayPal,No
T08876,C1434,2025-12-31,Tablet,Electronics,2,392.65,0.1,706.77,Mobile Payment,No
T08877,C0401,2025-10-07,Camera,Electronics,1,385.09,0.0,385.09,Debit Card,No
T08878,C0141,2025-12-31,Smartwatch,Electronics,1,165.43,0.0,165.43,Credit Card,No
T08879,C0733,2025-10-06,Smartwatch,Electronics,3,286.12,0.2,686.69,Mobile Payment,No
T08880,C1304,2025-04-20,Laptop,Electronics,3,753.41,0.0,2260.22,PayPal,No
T08881,C0833,2025-04-24,Keyboard,Electronics,1,121.99,0.05,115.89,Credit Card,No
T08882,C0073,2025-12-31,Speaker,Electronics,1,171.89,0.05,163.29,Mobile Payment,No
T08883,C1465,2025-12-31,Smartwatch,Electronics,2,149.86,0.1,269.75,PayPal,No
T08884,C1271,2025-10-05,Phone,Electronics,1,741.15,0.1,667.04,Debit Card,No
T08885,C0203,2025-04-24,Mouse,Electronics,1,19.46,0.05,18.48,Debit Card,No
T08886,C1394,2024-05-16,Mouse,Electronics,2,57.3,0.05,108.87,PayPal,No
T08887,C0699,2025-06-16,Monitor,Electronics,1,378.09,0.05,359.18,Debit Card,Yes
T08888,C0573,2024-08-09,Laptop,Electronics,4,760.48,0.0,3041.94,PayPal,No
T08889,C0715,2025-02-20,Laptop,Electronics,2,795.22,0.0,1590.43,Credit Card,No
T08890,C1280,2025-10-29,Speaker,Electronics,3,146.51,0.1,395.58,Credit Card,No
T08891,C1004,2025-02-01,Tablet,Electronics,3,432.17,0.0,1296.5,Debit Card,No
T08892,C0092,2024-04-11,Headphones,Electronics,1,40.11,0.05,38.1,Mobile Payment,No
T08893,C1441,2025-08-25,Smartwatch,Electronics,2,63.41,0.0,126.82,Mobile Payment,No
T08894,C0228,2024-02-17,Mouse,Electronics,1,31.37,0.0,31.37,Debit Card,No
T08895,C1143,2025-11-03,Speaker,Electronics,1,166.83,0.05,158.49,PayPal,No
T08896,C0965,2024-12-07,Phone,Electronics,1,276.18,0.05,262.37,PayPal,No
T08897,C0285,2025-12-31,Mouse,Electronics,1,77.33,0.05,73.46,Debit Card,No
T08898,C0263,2025-01-13,Phone,Electronics,1,348.75,0.0,348.75,PayPal,No
T08899,C1323,2025-11-20,Laptop,Electronics,2,1240.83,0.0,2481.66,PayPal,No
T08900,C0648,2025-04-04,Phone,Electronics,1,383.08,0.05,363.92,Debit Card,No
T08901,C0998,2025-12-31,Keyboard,Electronics,1,78.73,0.0,78.73,Debit Card,No
T08902,C0765,2025-04-09,Mouse,Electronics,2,55.72,0.0,111.45,Mobile Payment,No
T08903,C1117,2025-10-16,Headphones,Electronics,1,95.98,0.0,95.98,Debit Card,No
T08904,C0739,2024-12-21,Laptop,Electronics,3,716.53,0.0,2149.6,Credit Card,No
T08905,C0440,2025-12-31,Mouse,Electronics,3,92.23,0.0,276.69,Mobile Payment,No
T08906,C0558,2024-10-16,Phone,Electronics,1,436.2,0.0,436.2,Mobile Payment,No
T08907,C1308,2025-12-31,Phone,Electronics,1,338.42,0.0,338.42,Credit Card,No
T08908,C0723,2025-08-02,Monitor,Electronics,2,209.63,0.0,419.27,Mobile Payment,No
T08909,C0323,2024-11-17,Headphones,Electronics,2,215.18,0.05,408.84,Mobile Payment,Yes
T08910,C1411,2024-09-20,Monitor,Electronics,2,205.38,0.0,410.75,Debit Card,No
T08911,C1221,2024-08-30,Mouse,Electronics,2,44.46,0.2,71.13,Debit Card,No
T08912,C0085,2025-07-19,Phone,Electronics,2,293.95,0.15,499.72,Credit Card,No
T08913,C1498,2025-12-31,Camera,Electronics,1,961.93,0.2,769.54,PayPal,No
T08914,C1059,2025-02-09,Keyboard,Electronics,2,117.5,0.0,234.99,PayPal,No
T08915,C0246,2025-02-20,Laptop,Electronics,1,1073.5,0.0,1073.5,Credit Card,No
T08916,C0352,2025-12-31,Keyboard,Electronics,3,157.66,0.1,425.67,Credit Card,No
T08917,C1055,2025-02-06,Monitor,Electronics,1,408.0,0.0,408.0,Debit Card,No
T08918,C1199,2025-04-20,Mouse,Electronics,1,96.22,0.05,91.41,Debit Card,No
T08919,C0358,2025-12-31,Smartwatch,Electronics,1,240.61,0.1,216.55,Mobile Payment,No
T08920,C0388,2025-12-31,Speaker,Electronics,1,132.13,0.05,125.52,Credit Card,No
T08921,C0474,2025-12-31,Speaker,Electronics,1,49.55,0.1,44.6,Mobile Payment,No
T08922,C0904,2025-08-06,Keyboard,Electronics,1,137.42,0.0,137.42,Mobile Payment,Yes
T08923,C0267,2025-08-27,Keyboard,Electronics,1,82.92,0.0,82.92,Credit Card,No
T08924,C0160,2025-05-30,Laptop,Electronics,1,1119.44,0.05,1063.47,Mobile Payment,No
T08925,C1033,2025-07-02,Camera,Electronics,1,1088.71,0.05,1034.28,Debit Card,No
T08926,C1199,2025-06-27,Laptop,Electronics,2,705.36,0.1,1269.65,Debit Card,No
T08927,C0764,2025-08-08,Mouse,Electronics,1,79.57,0.1,71.61,PayPal,No
T08928,C0558,2024-06-26,Phone,Electronics,1,532.94,0.2,426.35,Mobile Payment,No
T08929,C0671,2025-10-29,Tablet,Electronics,1,238.31,0.2,190.65,PayPal,No
T08930,C0604,2025-09-21,Phone,Electronics,2,628.6,0.05,1194.34,PayPal,No
T08931,C1443,2025-08-11,Phone,Electronics,2,596.2,0.0,1192.4,Debit Card,No
T08932,C1178,2025-11-19,Laptop,Electronics,1,1289.62,0.1,1160.65,PayPal,No
T08933,C0313,2025-02-14,Tablet,Electronics,4,425.13,0.0,1700.54,Credit Card,Yes
T08934,C0593,2024-11-27,Headphones,Electronics,1,187.2,0.0,187.2,Debit Card,No
T08935,C0823,2025-10-04,Monitor,Electronics,1,395.02,0.1,355.52,PayPal,No
T08936,C0927,2024-05-29,Headphones,Electronics,2,114.92,0.15,195.36,Credit Card,No
T08937,C0723,2025-12-22,Monitor,Electronics,4,317.03,0.15,1077.91,PayPal,No
T08938,C1242,2025-12-31,Camera,Electronics,1,456.33,0.0,456.33,Debit Card,No
T08939,C1177,2025-10-04,Mouse,Electronics,1,64.64,0.0,64.64,Credit Card,No
T08940,C0767,2025-05-08,Laptop,Electronics,3,1080.98,0.0,3242.93,Mobile Payment,No
T08941,C1302,2025-09-26,Phone,Electronics,1,884.23,0.0,884.23,Credit Card,Yes
T08942,C1151,2025-03-12,Headphones,Electronics,3,108.36,0.0,325.07,Credit Card,No
T08943,C1198,2025-11-04,Speaker,Electronics,2,149.6,0.0,299.19,Mobile Payment,No
T08944,C1439,2025-09-27,Laptop,Electronics,1,814.71,0.05,773.97,Mobile Payment,No
T08945,C0406,2025-07-16,Mouse,Electronics,1,65.79,0.0,65.79,Debit Card,No
T08946,C0409,2025-08-27,Laptop,Electronics,1,1293.5,0.15,1099.47,Mobile Payment,No
T08947,C1358,2025-01-16,Headphones,Electronics,1,77.11,0.0,77.11,Mobile Payment,No
T08948,C1183,2025-06-15,Smartwatch,Electronics,1,62.63,0.0,62.63,Credit Card,No
T08949,C1399,2024-09-08,Headphones,Electronics,2,161.38,0.1,290.48,Debit Card,No
T08950,C0100,2025-08-29,Headphones,Electronics,1,35.96,0.15,30.57,Credit Card,No
T08951,C0952,2025-12-31,Speaker,Electronics,2,146.41,0.15,248.9,Debit Card,No
T08952,C0223,2025-12-31,Laptop,Electronics,4,1128.9,0.0,4515.59,Credit Card,No
T08953,C0765,2025-12-12,Monitor,Electronics,1,323.71,0.15,275.15,Credit Card,Yes
T08954,C0240,2025-01-30,Headphones,Electronics,1,79.51,0.05,75.53,Mobile Payment,No
T08955,C0197,2024-10-26,Speaker,Electronics,1,247.81,0.0,247.81,Mobile Payment,No
T08956,C0020,2025-12-31,Smartwatch,Electronics,1,147.27,0.0,147.27,Mobile Payment,No
T08957,C0955,2025-12-31,Phone,Electronics,2,367.03,0.0,734.06,Credit Card,No
T08958,C0550,2025-12-31,Speaker,Electronics,2,140.98,0.0,281.97,Debit Card,Yes
T08959,C0162,2024-09-24,Phone,Electronics,2,335.58,0.0,671.16,PayPal,No
T08960,C0496,2025-09-20,Phone,Electronics,1,698.76,0.0,698.76,PayPal,No
T08961,C0260,2025-10-13,Keyboard,Electronics,2,135.06,0.0,270.12,Debit Card,No
T08962,C1421,2024-06-01,Mouse,Electronics,1,16.26,0.0,16.26,Credit Card,No
T08963,C0490,2025-06-28,Mouse,Electronics,1,74.06,0.0,74.06,PayPal,No
T08964,C0509,2024-08-02,Keyboard,Electronics,1,71.34,0.0,71.34,Mobile Payment,No
T08965,C1289,2025-07-15,Monitor,Electronics,1,445.29,0.0,445.29,Credit Card,No
T08966,C0988,2024-06-10,Speaker,Electronics,3,223.69,0.0,671.06,Debit Card,No
T08967,C1086,2025-05-16,Smartwatch,Electronics,3,140.56,0.0,421.67,Debit Card,Yes
T08968,C0964,2024-10-16,Mouse,Electronics,4,30.76,0.0,123.03,PayPal,No
T08969,C1426,2025-01-03,Phone,Electronics,1,787.13,0.05,747.78,Mobile Payment,No
T08970,C0311,2025-03-12,Smartwatch,Electronics,2,274.36,0.0,548.73,Debit Card,No
T08971,C1484,2024-12-31,Mouse,Electronics,3,86.16,0.15,219.7,Debit Card,No
T08972,C1273,2024-10-14,Speaker,Electronics,2,153.29,0.0,306.57,Credit Card,No
T08973,C0893,2025-12-31,Phone,Electronics,1,546.64,0.0,546.64,Credit Card,No
T08974,C1009,2025-03-12,Mouse,Electronics,2,44.25,0.1,79.66,Credit Card,No
T08975,C0990,2025-04-10,Speaker,Electronics,1,169.76,0.05,161.27,Mobile Payment,No
T08976,C0091,2025-02-14,Monitor,Electronics,2,440.96,0.0,881.91,Debit Card,No
T08977,C0328,2025-11-27,Mouse,Electronics,2,84.24,0.1,151.63,Credit Card,No
T08978,C1447,2025-12-31,Speaker,Electronics,2,87.62,0.0,175.25,Debit Card,No
T08979,C0809,2024-09-05,Keyboard,Electronics,2,87.84,0.0,175.68,Debit Card,No
T08980,C0586,2025-12-31,Mouse,Electronics,1,54.2,0.0,54.2,Mobile Payment,No
T08981,C1165,2025-12-31,Laptop,Electronics,3,1041.6,0.0,3124.79,Debit Card,No
T08982,C0796,2025-12-06,Monitor,Electronics,1,393.89,0.05,374.19,Credit Card,No
T08983,C0021,2025-06-01,Tablet,Electronics,1,556.82,0.0,556.82,PayPal,No
T08984,C1127,2025-04-22,Phone,Electronics,1,826.06,0.0,826.06,Mobile Payment,No
T08985,C1123,2025-10-06,Mouse,Electronics,2,28.53,0.0,57.06,PayPal,No
T08986,C0255,2025-12-31,Laptop,Electronics,2,1198.88,0.0,2397.75,PayPal,No
T08987,C1439,2025-01-14,Speaker,Electronics,3,164.57,0.05,469.02,Debit Card,No
T08988,C0336,2024-08-17,Monitor,Electronics,1,337.97,,337.97,Debit Card,No
T08989,C0710,2025-07-27,Mouse,Electronics,1,24.63,0.2,19.71,Mobile Payment,No
T08990,C0173,2025-08-13,Tablet,Electronics,1,210.14,0.05,199.64,Credit Card,No
T08991,C0912,2025-03-17,Phone,Electronics,2,885.58,0.0,1771.15,Credit Card,No
T08992,C0580,2025-11-04,Tablet,Electronics,1,481.91,0.0,481.91,PayPal,No
T08993,C0539,2024-11-11,Tablet,Electronics,2,392.64,0.1,706.75,Debit Card,No
T08994,C1269,2025-03-26,Camera,Electronics,4,985.59,0.0,3942.35,PayPal,No
T08995,C0017,2025-07-14,Smartwatch,Electronics,1,86.43,0.1,77.79,Credit Card,No
T08996,C1223,2025-11-21,Camera,Electronics,2,846.7,0.05,1608.73,Mobile Payment,No
T08997,C0864,2025-12-31,Mouse,Electronics,1,71.15,0.05,67.59,PayPal,No
T08998,C1480,2025-05-19,Mouse,Electronics,1,53.42,0.15,45.41,Credit Card,No
T08999,C0893,2024-11-16,Monitor,Electronics,1,263.67,0.0,263.67,Credit Card,No
T09000,C0085,2025-05-30,Tablet,Electronics,2,628.65,0.0,1257.31,Mobile Payment,No
T09001,C0080,2024-05-17,Mouse,Electronics,1,40.6,0.0,40.6,Debit Card,No
T09002,C1347,2024-09-10,Phone,Electronics,1,331.12,0.1,298.01,Credit Card,No
T09003,C1290,2025-07-06,Monitor,Electronics,3,433.71,0.0,1301.14,Credit Card,No
T09004,C0528,2025-07-22,Phone,Electronics,1,623.31,0.1,560.98,Credit Card,Yes
T09005,C0934,2024-09-05,Monitor,Electronics,2,489.65,0.1,881.37,Debit Card,Yes
T09006,C0755,2025-12-31,Tablet,Electronics,2,534.28,0.0,1068.56,Mobile Payment,No
T09007,C1454,2025-02-04,Laptop,Electronics,1,1134.17,0.0,1134.17,Credit Card,No
T09008,C1431,2024-11-09,Monitor,Electronics,1,243.39,0.0,243.39,Debit Card,No
T09009,C1477,2025-10-23,Phone,Electronics,1,826.64,0.0,826.64,Mobile Payment,No
T09010,C1316,2024-12-18,Phone,Electronics,3,411.38,0.15,1049.03,PayPal,Yes
T09011,C1381,2025-12-31,Headphones,Electronics,1,47.86,0.0,47.86,Credit Card,No
T09012,C0328,2024-08-27,Headphones,Electronics,2,87.28,0.2,139.66,Credit Card,No
T09013,C1274,2025-01-31,Camera,Electronics,2,734.91,0.0,1469.82,Credit Card,No
T09014,C1085,2025-06-20,Keyboard,Electronics,1,57.11,0.2,45.69,Credit Card,No
T09015,C1448,2024-10-05,Camera,Electronics,2,600.3,0.0,1200.61,Mobile Payment,No
T09016,C0864,2025-12-31,Phone,Electronics,1,583.9,0.0,583.9,PayPal,No
T09017,C0136,2025-12-31,Headphones,Electronics,1,91.36,0.0,91.36,Debit Card,No
T09018,C0904,2024-07-16,Keyboard,Electronics,1,38.84,0.0,38.84,Mobile Payment,No
T09019,C1042,2025-03-09,Phone,Electronics,3,378.19,0.05,1077.84,PayPal,No
T09020,C0330,2025-06-01,Phone,Electronics,4,766.23,0.05,2911.69,PayPal,No
T09021,C0610,2025-05-01,Mouse,Electronics,1,96.12,0.0,96.12,Credit Card,No
T09022,C0904,2025-08-02,Mouse,Electronics,1,27.62,0.0,27.62,PayPal,No
T09023,C0576,2025-05-18,Tablet,Electronics,2,500.08,0.2,800.13,PayPal,No
T09024,C0578,2025-12-31,Phone,Electronics,1,838.63,0.0,838.63,Mobile Payment,No
T09025,C0204,2025-05-03,Mouse,Electronics,2,40.43,0.0,80.85,Debit Card,Yes
T09026,C1419,2025-12-24,Phone,Electronics,1,789.15,0.0,789.15,Credit Card,No
T09027,C1151,2025-12-31,Speaker,Electronics,1,275.28,0.1,247.75,Debit Card,No
T09028,C0002,2025-04-15,Speaker,Electronics,2,117.87,0.0,235.74,Mobile Payment,No
T09029,C1169,2024-04-26,Camera,Electronics,1,351.07,0.0,351.07,Credit Card,No
T09030,C1133,2025-05-05,Phone,Electronics,1,845.92,0.2,676.73,Credit Card,No
T09031,C0017,2025-01-16,Laptop,Electronics,1,931.34,0.1,838.2,Credit Card,Yes
T09032,C0569,2024-04-14,Speaker,Electronics,1,43.57,0.0,43.57,Mobile Payment,No
T09033,C0919,2025-12-26,Headphones,Electronics,2,120.23,0.0,240.47,Credit Card,No
T09034,C0701,2025-12-31,Tablet,Electronics,3,234.46,0.1,633.05,Credit Card,No
T09035,C1196,2024-11-12,Tablet,Electronics,1,603.8,0.1,543.42,Mobile Payment,No
T09036,C0655,2025-11-06,Tablet,Electronics,1,252.85,0.05,240.21,PayPal,No
T09037,C0238,2024-05-06,Mouse,Electronics,2,40.88,0.0,81.75,Credit Card,No
T09038,C1467,2025-10-29,Speaker,Electronics,3,245.52,0.15,626.07,Credit Card,No
T09039,C0363,2025-09-01,Smartwatch,Electronics,1,293.84,0.0,293.84,Debit Card,No
T09040,C1101,2025-12-31,Mouse,Electronics,2,91.61,0.0,183.22,Credit Card,No
T09041,C0220,2025-04-09,Tablet,Electronics,1,413.78,0.1,372.4,PayPal,Yes
T09042,C0503,2025-07-24,Keyboard,Electronics,2,177.94,0.05,338.09,Debit Card,No
T09043,C0690,2024-12-11,Tablet,Electronics,1,422.61,0.15,359.22,Debit Card,No
T09044,C0292,2025-12-31,Phone,Electronics,2,763.96,0.05,1451.52,Debit Card,No
T09045,C0698,2025-07-16,Phone,Electronics,1,485.24,0.0,485.24,Debit Card,No
T09046,C0243,2025-04-26,Keyboard,Electronics,1,170.9,0.0,170.9,Credit Card,No
T09047,C0845,2025-09-25,Laptop,Electronics,1,1179.51,0.0,1179.51,Credit Card,No
T09048,C1009,2025-03-28,Speaker,Electronics,2,60.05,0.1,108.08,PayPal,No
T09049,C0098,2025-09-11,Speaker,Electronics,1,68.22,0.1,61.39,Debit Card,No
T09050,C1326,2025-10-15,Phone,Electronics,1,829.03,0.1,746.12,PayPal,No
T09051,C0282,2024-08-13,Headphones,Electronics,2,183.82,0.05,349.25,Mobile Payment,No
T09052,C0337,2025-02-01,Smartwatch,Electronics,2,155.73,0.0,311.45,Mobile Payment,No
T09053,C1007,2025-01-18,Speaker,Electronics,2,175.61,0.0,351.23,Credit Card,No
T09054,C0724,2025-05-07,Camera,Electronics,3,1067.47,0.0,3202.42,Credit Card,No
T09055,C0764,2025-01-24,Tablet,Electronics,1,228.61,0.1,205.75,Mobile Payment,No
T09056,C0197,2024-02-25,Phone,Electronics,2,339.79,0.0,679.58,Debit Card,No
T09057,C1236,2025-01-11,Tablet,Electronics,3,516.3,0.1,1394.0,Mobile Payment,No
T09058,C0933,2025-03-22,Headphones,Electronics,1,45.62,0.1,41.06,Credit Card,No
T09059,C0209,2025-03-08,Headphones,Electronics,1,96.99,0.0,96.99,Debit Card,No
T09060,C0576,2024-03-02,Smartwatch,Electronics,1,133.02,0.15,113.07,Credit Card,No
T09061,C1244,2025-09-11,Tablet,Electronics,4,537.33,0.15,1826.94,Mobile Payment,No
T09062,C0860,2025-10-11,Camera,Electronics,1,302.2,0.05,287.09,Credit Card,No
T09063,C0171,2025-10-20,Phone,Electronics,1,325.0,0.0,325.0,Credit Card,Yes
T09064,C0574,2024-12-09,Headphones,Electronics,2,48.81,0.05,92.74,Debit Card,No
T09065,C0364,2025-09-01,Headphones,Electronics,1,90.43,0.0,90.43,Mobile Payment,No
T09066,C0783,2025-08-20,Tablet,Electronics,2,289.27,0.05,549.6,Mobile Payment,No
T09067,C1292,2025-12-31,Smartwatch,Electronics,3,126.2,0.2,302.88,Credit Card,No
T09068,C0676,2025-05-23,Headphones,Electronics,1,100.37,0.0,100.37,Mobile Payment,No
T09069,C0673,2024-09-30,Camera,Electronics,1,492.64,0.0,492.64,Credit Card,No
T09070,C1376,2025-07-26,Speaker,Electronics,1,67.62,0.0,67.62,Debit Card,No
T09071,C0874,2024-09-07,Camera,Electronics,1,824.93,0.0,824.93,Credit Card,No
T09072,C0859,2025-07-25,Monitor,Electronics,1,578.28,0.2,462.63,PayPal,No
T09073,C0396,2025-02-02,Monitor,Electronics,2,423.22,0.05,804.13,Credit Card,No
T09074,C0919,2025-12-23,Phone,Electronics,1,742.06,0.0,742.06,Mobile Payment,No
T09075,C0874,2025-10-29,Keyboard,Electronics,1,175.69,0.15,149.33,Mobile Payment,Yes
T09076,C0615,2025-01-05,Speaker,Electronics,1,79.82,0.0,79.82,Credit Card,No
T09077,C1486,2025-05-16,Phone,Electronics,1,548.88,0.0,548.88,Mobile Payment,No
T09078,C1345,2025-11-22,Smartwatch,Electronics,1,228.74,0.15,194.43,Mobile Payment,No
T09079,C1149,2025-01-21,Camera,Electronics,3,589.9,0.05,1681.22,PayPal,No
T09080,C0811,2025-10-03,Speaker,Electronics,1,199.41,0.15,169.5,Debit Card,No
T09081,C0716,2024-02-17,Headphones,Electronics,2,148.53,0.2,237.64,PayPal,No
T09082,C0282,2024-09-19,Headphones,Electronics,3,190.02,0.0,570.07,Debit Card,No
T09083,C0472,2025-07-19,Phone,Electronics,2,791.13,0.05,1503.16,PayPal,No
T09084,C1187,2024-10-04,Smartwatch,Electronics,1,101.33,0.1,91.2,Credit Card,No
T09085,C0702,2025-12-10,Phone,Electronics,1,359.78,0.0,359.78,Debit Card,No
T09086,C1345,2025-12-31,Tablet,Electronics,1,284.51,0.0,284.51,Debit Card,No
T09087,C0229,2025-08-19,Tablet,Electronics,1,302.78,0.0,302.78,Credit Card,No
T09088,C0771,2025-12-31,Headphones,Electronics,1,137.25,0.05,130.39,Credit Card,Yes
T09089,C0987,2024-08-23,Headphones,Electronics,1,92.22,0.0,92.22,PayPal,No
T09090,C0782,2024-08-27,Keyboard,Electronics,1,172.71,0.0,172.71,Credit Card,Yes
T09091,C1358,2025-08-28,Speaker,Electronics,2,70.76,0.15,120.29,Credit Card,No
T09092,C1484,2025-12-25,Tablet,Electronics,2,295.85,0.15,502.94,Debit Card,No
T09093,C0175,2025-03-20,Smartwatch,Electronics,1,311.81,0.1,280.63,Credit Card,No
T09094,C0199,2024-02-03,Mouse,Electronics,1,64.67,0.0,64.67,Credit Card,Yes
T09095,C0200,2025-04-09,Phone,Electronics,1,605.83,0.0,605.83,PayPal,No
T09096,C1035,2025-01-08,Smartwatch,Electronics,1,232.36,0.05,220.74,Debit Card,No
T09097,C0574,2025-02-03,Phone,Electronics,1,413.97,0.0,413.97,Debit Card,No
T09098,C1124,2025-11-20,Mouse,Electronics,1,79.72,0.0,79.72,Debit Card,No
T09099,C0629,2025-09-17,Mouse,Electronics,4,57.21,0.0,228.82,Credit Card,No
T09100,C0952,2025-12-31,Mouse,Electronics,2,18.62,0.0,37.24,Mobile Payment,No
T09101,C1181,2025-12-24,Tablet,Electronics,2,263.26,0.1,473.88,Mobile Payment,No
T09102,C0828,2025-12-31,Keyboard,Electronics,2,151.58,0.0,303.15,Debit Card,No
T09103,C0816,2025-07-19,Smartwatch,Electronics,2,160.06,0.1,288.11,Credit Card,No
T09104,C0142,2025-12-31,Mouse,Electronics,1,80.74,0.0,80.74,PayPal,No
T09105,C0637,2024-06-02,Smartwatch,Electronics,1,252.38,0.0,252.38,PayPal,Yes
T09106,C0827,2025-05-21,Mouse,Electronics,1,40.62,0.1,36.56,Debit Card,No
T09107,C0716,2025-05-01,Tablet,Electronics,2,239.71,0.0,479.41,Debit Card,No
T09108,C1373,2025-12-31,Phone,Electronics,2,774.51,0.0,1549.03,Debit Card,No
T09109,C1378,2025-11-28,Mouse,Electronics,1,69.66,0.0,69.66,Mobile Payment,No
T09110,C1262,2025-05-24,Smartwatch,Electronics,3,147.23,0.0,441.69,Credit Card,No
T09111,C0580,2025-01-14,Phone,Electronics,1,590.13,0.15,501.61,Debit Card,No
T09112,C1100,2024-02-23,Phone,Electronics,2,647.74,0.0,1295.47,Debit Card,No
T09113,C0612,2024-08-25,Laptop,Electronics,2,701.48,0.2,1122.37,Debit Card,Yes
T09114,C0347,2025-12-31,Keyboard,Electronics,1,128.93,0.1,116.04,Mobile Payment,No
T09115,C0525,2025-05-17,Keyboard,Electronics,2,126.69,0.1,228.05,Debit Card,No
T09116,C0109,2025-12-31,Monitor,Electronics,1,187.16,0.05,177.8,PayPal,No
T09117,C0506,2025-07-08,Tablet,Electronics,1,550.24,0.1,495.22,Mobile Payment,No
T09118,C0715,2025-04-12,Headphones,Electronics,1,186.77,0.15,158.75,Debit Card,No
T09119,C1437,2024-10-21,Smartwatch,Electronics,2,144.15,0.0,288.29,Debit Card,No
T09120,C0482,2024-09-25,Phone,Electronics,2,355.44,0.0,710.88,Credit Card,No
T09121,C1375,2025-08-06,Phone,Electronics,1,696.21,0.1,626.59,PayPal,No
T09122,C0341,2025-07-11,Mouse,Electronics,2,25.48,0.0,50.97,Credit Card,No
T09123,C0291,2025-12-31,Camera,Electronics,1,1072.24,0.05,1018.63,Credit Card,No
T09124,C0785,2025-06-02,Headphones,Electronics,1,121.22,0.1,109.1,Mobile Payment,No
T09125,C1024,2025-05-04,Speaker,Electronics,1,276.55,0.0,276.55,PayPal,No
T09126,C0070,2024-12-23,Laptop,Electronics,1,1149.52,0.0,1149.52,Mobile Payment,No
T09127,C0330,2024-08-03,Phone,Electronics,2,435.31,0.15,740.03,Mobile Payment,No
T09128,C0706,2025-12-31,Monitor,Electronics,1,360.62,0.0,360.62,Mobile Payment,No
T09129,C0506,2025-11-24,Mouse,Electronics,1,59.99,0.05,56.99,Debit Card,No
T09130,C1089,2025-08-01,Headphones,Electronics,1,184.88,0.0,184.88,Debit Card,Yes
T09131,C0773,2024-11-18,Keyboard,Electronics,3,158.59,0.1,428.19,Mobile Payment,No
T09132,C0246,2025-04-29,Laptop,Electronics,1,1178.11,0.0,1178.11,Credit Card,No
T09133,C1366,2025-10-31,Monitor,Electronics,2,282.39,0.0,564.78,Mobile Payment,No
T09134,C0450,2025-07-28,Tablet,Electronics,2,428.43,0.0,856.85,Mobile Payment,No
T09135,C1122,2025-04-13,Monitor,Electronics,1,208.78,0.0,208.78,Debit Card,No
T09136,C1199,2025-11-11,Monitor,Electronics,2,253.55,0.05,481.74,Debit Card,No
T09137,C1449,2025-12-31,Smartwatch,Electronics,1,147.89,0.0,147.89,Credit Card,No
T09138,C0763,2025-11-06,Keyboard,Electronics,1,36.28,0.05,34.46,Debit Card,No
T09139,C0931,2024-08-17,Keyboard,Electronics,2,162.17,0.0,324.35,Credit Card,No
T09140,C0511,2025-03-27,Monitor,Electronics,2,205.19,0.0,410.38,Credit Card,No
T09141,C1032,2024-06-17,Speaker,Electronics,2,221.18,0.0,442.36,Mobile Payment,No
T09142,C0717,2025-07-28,Smartwatch,Electronics,1,206.64,0.0,206.64,Debit Card,No
T09143,C0681,2025-08-14,Smartwatch,Electronics,1,301.21,0.05,286.15,PayPal,No
T09144,C1303,2025-12-03,Keyboard,Electronics,2,139.86,0.0,279.72,Mobile Payment,No
T09145,C0079,2025-03-22,Monitor,Electronics,1,491.88,0.0,491.88,Credit Card,No
T09146,C1345,2025-05-30,Headphones,Electronics,1,109.49,0.0,109.49,Credit Card,No
T09147,C1299,2025-10-07,Smartwatch,Electronics,1,301.85,0.1,271.67,PayPal,No
T09148,C0768,2024-06-19,Phone,Electronics,2,311.58,0.2,498.53,Mobile Payment,No
T09149,C0756,2025-04-10,Laptop,Electronics,3,1011.09,0.1,2729.95,PayPal,No
T09150,C0554,2024-12-14,Mouse,Electronics,1,99.54,0.0,99.54,PayPal,No
T09151,C1490,2025-03-09,Phone,Electronics,1,866.27,0.0,866.27,PayPal,No
T09152,C0172,2025-09-25,Speaker,Electronics,3,61.38,0.0,184.13,Debit Card,No
T09153,C0894,2025-07-26,Smartwatch,Electronics,2,226.17,0.0,452.33,Debit Card,No
T09154,C1035,2025-04-24,Keyboard,Electronics,3,73.93,0.0,221.78,Mobile Payment,No
T09155,C1411,2024-09-14,Tablet,Electronics,1,522.38,0.0,522.38,Mobile Payment,Yes
T09156,C1200,2025-04-28,Mouse,Electronics,1,77.54,0.0,77.54,PayPal,No
T09157,C0980,2024-07-21,Monitor,Electronics,1,150.04,0.0,150.04,PayPal,No
T09158,C0178,2025-07-29,Tablet,Electronics,1,577.54,0.0,577.54,Debit Card,No
T09159,C0576,2024-11-15,Speaker,Electronics,3,98.13,0.0,294.39,Debit Card,No
T09160,C0213,2024-04-30,Phone,Electronics,1,877.84,0.0,877.84,Debit Card,No
T09161,C1344,2024-07-07,Smartwatch,Electronics,3,322.58,0.15,822.57,Credit Card,No
T09162,C1149,2024-12-02,Smartwatch,Electronics,1,115.29,0.2,92.23,Credit Card,No
T09163,C1157,2024-11-06,Speaker,Electronics,1,205.45,0.05,195.17,Debit Card,No
T09164,C0993,2024-07-24,Keyboard,Electronics,1,70.93,0.15,60.29,Credit Card,No
T09165,C0769,2025-10-18,Keyboard,Electronics,1,40.96,0.05,38.91,Debit Card,No
T09166,C0233,2024-10-03,Speaker,Electronics,2,267.24,0.0,534.48,Credit Card,No
T09167,C0504,2025-05-02,Smartwatch,Electronics,1,112.44,0.0,112.44,Debit Card,No
T09168,C0211,2025-08-15,Smartwatch,Electronics,2,182.08,0.0,364.16,Debit Card,No
T09169,C1112,2025-05-02,Smartwatch,Electronics,1,328.01,0.0,328.01,Mobile Payment,No
T09170,C0246,2025-07-19,Monitor,Electronics,1,183.91,0.0,183.91,PayPal,No
T09171,C1070,2024-06-02,Laptop,Electronics,1,1085.41,0.0,1085.41,Mobile Payment,No
T09172,C1055,2024-12-09,Phone,Electronics,2,621.89,0.0,1243.79,Debit Card,No
T09173,C0712,2025-12-31,Mouse,Electronics,2,79.86,0.0,159.72,Mobile Payment,No
T09174,C0208,2025-10-19,Headphones,Electronics,2,187.15,0.0,374.31,Mobile Payment,No
T09175,C0483,2025-12-31,Keyboard,Electronics,1,90.74,0.0,90.74,Debit Card,No
T09176,C0490,2024-09-26,Keyboard,Electronics,1,140.27,0.05,133.26,PayPal,No
T09177,C1066,2025-04-04,Headphones,Electronics,1,202.98,0.0,202.98,Credit Card,No
T09178,C0173,2025-02-15,Tablet,Electronics,2,596.55,0.0,1193.09,Debit Card,No
T09179,C1271,2025-12-22,Mouse,Electronics,1,57.65,0.05,54.77,Credit Card,No
T09180,C1165,2025-12-31,Speaker,Electronics,2,197.83,0.2,316.52,Mobile Payment,No
T09181,C0285,2025-04-10,Smartwatch,Electronics,1,255.11,0.1,229.6,Debit Card,No
T09182,C1103,2024-05-30,Phone,Electronics,1,782.42,0.0,782.42,PayPal,No
T09183,C1016,2024-09-22,Keyboard,Electronics,3,103.7,0.0,311.1,PayPal,No
T09184,C1148,2025-01-16,Camera,Electronics,1,400.71,0.0,400.71,Credit Card,No
T09185,C0287,2025-08-19,Keyboard,Electronics,1,84.72,0.05,80.49,Credit Card,No
T09186,C0244,2025-07-06,Headphones,Electronics,2,166.84,0.0,333.68,PayPal,Yes
T09187,C0352,2025-12-31,Tablet,Electronics,1,473.19,0.05,449.53,Debit Card,No
T09188,C0561,2024-11-10,Headphones,Electronics,1,173.16,0.1,155.85,Credit Card,No
T09189,C1216,2025-02-10,Tablet,Electronics,2,414.98,0.1,746.96,Debit Card,No
T09190,C1129,2025-12-31,Phone,Electronics,3,363.36,0.0,1090.09,Credit Card,No
T09191,C1397,2025-11-14,Keyboard,Electronics,2,42.86,0.1,77.14,Credit Card,No
T09192,C0091,2024-11-29,Monitor,Electronics,1,366.57,0.05,348.24,Debit Card,No
T09193,C0019,2025-12-31,Mouse,Electronics,2,32.49,0.0,64.97,PayPal,Yes
T09194,C1063,2025-02-25,Tablet,Electronics,1,641.67,0.0,641.67,Credit Card,No
T09195,C0428,2024-12-21,Monitor,Electronics,2,239.44,0.0,478.88,PayPal,No
T09196,C0510,2025-08-24,Mouse,Electronics,1,63.18,0.1,56.86,Credit Card,No
T09197,C0828,2025-12-31,Speaker,Electronics,1,40.46,0.0,40.46,Credit Card,No
T09198,C0157,2025-05-09,Headphones,Electronics,3,78.19,0.05,222.85,Credit Card,No
T09199,C0977,2025-10-06,Tablet,Electronics,3,301.8,0.1,814.85,Credit Card,No
T09200,C0499,2025-04-22,Headphones,Electronics,1,170.22,0.05,161.71,Debit Card,No
T09201,C0958,2025-11-07,Mouse,Electronics,1,57.13,0.1,51.42,Debit Card,No
T09202,C1279,2025-07-14,Speaker,Electronics,3,43.14,0.0,129.43,Debit Card,No
T09203,C0264,2025-01-01,Keyboard,Electronics,1,83.77,0.15,71.21,Debit Card,No
T09204,C1407,2024-03-22,Smartwatch,Electronics,1,246.99,0.1,222.29,Mobile Payment,No
T09205,C0805,2025-12-31,Monitor,Electronics,1,436.52,0.15,371.04,Mobile Payment,Yes
T09206,C1395,2025-10-24,Laptop,Electronics,1,737.72,0.1,663.95,PayPal,No
T09207,C0312,2025-06-20,Camera,Electronics,1,1136.02,0.0,1136.02,Debit Card,No
T09208,C0915,2024-12-28,Tablet,Electronics,4,296.09,0.0,1184.34,Credit Card,No
T09209,C0626,2024-08-31,Phone,Electronics,1,829.49,0.0,829.49,PayPal,No
T09210,C1188,2025-07-11,Speaker,Electronics,1,95.49,0.0,95.49,Mobile Payment,No
T09211,C0918,2025-12-31,Headphones,Electronics,1,137.89,0.0,137.89,Mobile Payment,No
T09212,C0759,2025-12-31,Phone,Electronics,1,513.95,0.05,488.25,Debit Card,No
T09213,C1384,2024-07-29,Tablet,Electronics,1,453.23,0.0,453.23,Credit Card,No
T09214,C0584,2025-12-31,Monitor,Electronics,3,374.04,0.0,1122.11,Mobile Payment,No
T09215,C0329,2024-10-27,Phone,Electronics,1,251.33,0.0,251.33,Debit Card,No
T09216,C0920,2024-05-08,Headphones,Electronics,3,96.75,0.0,290.26,PayPal,No
T09217,C0947,2025-04-27,Mouse,Electronics,2,15.95,0.0,31.91,Credit Card,No
T09218,C0683,2024-07-17,Speaker,Electronics,2,217.68,0.05,413.58,Mobile Payment,No
T09219,C0749,2025-04-07,Headphones,Electronics,1,192.16,0.0,192.16,Credit Card,No
T09220,C1442,2025-04-28,Keyboard,Electronics,1,84.63,0.0,84.63,PayPal,No
T09221,C1124,2025-06-02,Mouse,Electronics,1,59.61,0.1,53.65,PayPal,No
T09222,C0172,2025-05-15,Laptop,Electronics,2,746.09,0.15,1268.35,Debit Card,No
T09223,C0320,2024-05-07,Headphones,Electronics,1,103.19,0.0,103.19,Debit Card,No
T09224,C1467,2025-02-12,Mouse,Electronics,1,26.8,0.2,21.44,Debit Card,No
T09225,C1114,2025-04-20,Mouse,Electronics,2,20.5,0.15,34.85,Credit Card,No
T09226,C1385,2025-10-06,Headphones,Electronics,1,62.69,0.0,62.69,Credit Card,Yes
T09227,C0467,2025-12-31,Laptop,Electronics,1,1309.59,0.0,1309.59,Mobile Payment,No
T09228,C1136,2025-04-29,Laptop,Electronics,1,1387.54,0.0,1387.54,PayPal,No
T09229,C1092,2025-11-08,Keyboard,Electronics,2,161.28,0.1,290.3,PayPal,No
T09230,C0453,2024-12-26,Keyboard,Electronics,1,175.3,0.05,166.53,Debit Card,No
T09231,C0832,2025-01-04,Keyboard,Electronics,1,138.28,0.05,131.36,Debit Card,No
T09232,C0951,2025-11-22,Mouse,Electronics,1,28.57,0.1,25.72,Credit Card,No
T09233,C0741,2025-09-24,Speaker,Electronics,2,186.42,0.0,372.85,PayPal,No
T09234,C1269,2024-10-25,Speaker,Electronics,1,230.21,0.0,230.21,Credit Card,No
T09235,C1278,2025-06-20,Mouse,Electronics,1,58.64,0.1,52.78,Credit Card,No
T09236,C1298,2025-06-27,Monitor,Electronics,2,399.6,0.0,799.2,Debit Card,No
T09237,C1232,2025-04-08,Phone,Electronics,2,631.02,0.0,1262.05,Debit Card,No
T09238,C0753,2025-02-20,Headphones,Electronics,2,118.7,0.0,237.4,Credit Card,No
T09239,C0588,2024-06-16,Keyboard,Electronics,2,70.04,0.1,126.07,PayPal,Yes
T09240,C1276,2025-08-30,Speaker,Electronics,1,205.63,0.1,185.06,Mobile Payment,No
T09241,C0756,2025-05-07,Phone,Electronics,1,284.78,0.0,284.78,Debit Card,No
T09242,C0369,2025-03-18,Smartwatch,Electronics,1,109.57,0.0,109.57,PayPal,No
T09243,C0769,2025-09-18,Speaker,Electronics,2,280.57,0.0,561.14,PayPal,No
T09244,C0219,2025-07-01,Smartwatch,Electronics,1,201.76,0.05,191.67,PayPal,No
T09245,C1051,2025-12-06,Smartwatch,Electronics,1,298.29,0.05,283.37,Debit Card,No
T09246,C0513,2025-08-22,Tablet,Electronics,1,521.47,0.0,521.47,Debit Card,No
T09247,C0392,2025-08-25,Laptop,Electronics,1,924.5,0.0,924.5,PayPal,Yes
T09248,C1439,2025-12-31,Phone,Electronics,1,772.37,0.15,656.52,Mobile Payment,No
T09249,C1193,2025-07-21,Smartwatch,Electronics,1,86.48,0.0,86.48,PayPal,No
T09250,C1207,2025-03-31,Phone,Electronics,1,818.74,0.0,818.74,Debit Card,No
T09251,C0946,2025-12-31,Tablet,Electronics,1,499.86,0.05,474.87,PayPal,No
T09252,C1288,2025-01-30,Keyboard,Electronics,2,168.7,0.0,337.39,Mobile Payment,No
T09253,C1160,2024-02-26,Keyboard,Electronics,1,163.8,0.0,163.8,Debit Card,No
T09254,C0905,2025-08-19,Keyboard,Electronics,1,83.94,0.0,83.94,Credit Card,No
T09255,C1447,2025-05-16,Speaker,Electronics,1,262.78,0.0,262.78,PayPal,No
T09256,C0291,2025-09-29,Laptop,Electronics,1,1094.11,0.0,1094.11,PayPal,No
T09257,C1423,2024-10-13,Monitor,Electronics,1,220.7,0.0,220.7,Credit Card,No
T09258,C0623,2024-05-09,Monitor,Electronics,1,523.3,0.0,523.3,Credit Card,No
T09259,C0800,2025-12-08,Tablet,Electronics,2,606.72,0.1,1092.1,PayPal,No
T09260,C0186,2025-10-08,Monitor,Electronics,1,188.05,0.0,188.05,Mobile Payment,No
T09261,C0817,2025-12-31,Mouse,Electronics,2,94.1,0.0,188.19,Credit Card,No
T09262,C0925,2024-10-10,Mouse,Electronics,1,66.11,0.15,56.19,PayPal,No
T09263,C1497,2024-05-14,Phone,Electronics,2,266.83,0.1,480.3,Debit Card,No
T09264,C1465,2025-12-31,Smartwatch,Electronics,1,217.12,0.0,217.12,Debit Card,No
T09265,C1454,2025-05-14,Speaker,Electronics,2,247.15,0.0,494.31,Mobile Payment,No
T09266,C0530,2025-04-21,Phone,Electronics,1,596.57,0.05,566.74,Mobile Payment,No
T09267,C1486,2025-04-30,Headphones,Electronics,2,164.38,0.05,312.32,Credit Card,No
T09268,C0706,2025-12-31,Monitor,Electronics,1,545.81,0.0,545.81,PayPal,No
T09269,C1299,2025-12-31,Phone,Electronics,1,815.34,0.0,815.34,PayPal,No
T09270,C0327,2025-09-15,Monitor,Electronics,2,230.49,0.0,460.98,Mobile Payment,No
T09271,C0767,2024-12-25,Phone,Electronics,1,527.63,0.1,474.87,Credit Card,No
T09272,C1454,2024-03-17,Speaker,Electronics,1,68.9,0.05,65.46,Mobile Payment,No
T09273,C1427,2025-05-28,Headphones,Electronics,2,143.07,0.0,286.14,Credit Card,No
T09274,C1040,2025-12-21,Speaker,Electronics,1,288.23,0.0,288.23,Mobile Payment,No
T09275,C1223,2025-10-17,Laptop,Electronics,1,827.29,0.0,827.29,Mobile Payment,No
T09276,C0271,2025-01-11,Phone,Electronics,2,512.36,0.0,1024.72,Mobile Payment,No
T09277,C1109,2025-12-24,Headphones,Electronics,2,211.27,0.0,422.53,Debit Card,No
T09278,C0934,2024-12-02,Camera,Electronics,1,975.11,0.0,975.11,PayPal,No
T09279,C0147,2025-01-16,Keyboard,Electronics,2,36.03,0.1,64.86,Credit Card,No
T09280,C0173,2024-08-02,Mouse,Electronics,1,51.42,0.0,51.42,Debit Card,No
T09281,C0170,2024-09-16,Headphones,Electronics,2,217.7,0.05,413.63,Mobile Payment,No
T09282,C1112,2025-04-03,Laptop,Electronics,1,1017.27,0.05,966.41,PayPal,Yes
T09283,C0219,2025-07-27,Mouse,Electronics,1,68.5,0.15,58.22,Debit Card,No
T09284,C0723,2025-11-11,Mouse,Electronics,1,74.58,0.05,70.85,PayPal,No
T09285,C0546,2024-07-19,Laptop,Electronics,2,1164.75,0.0,2329.5,Mobile Payment,No
T09286,C0832,2024-08-24,Phone,Electronics,1,587.17,0.05,557.81,Debit Card,No
T09287,C1077,2025-12-31,Monitor,Electronics,2,209.76,0.05,398.54,Credit Card,No
T09288,C1041,2025-05-05,Headphones,Electronics,1,164.6,0.0,164.6,PayPal,No
T09289,C0781,2025-01-19,Smartwatch,Electronics,2,330.67,0.0,661.33,PayPal,No
T09290,C0718,2025-12-31,Headphones,Electronics,1,208.92,0.0,208.92,PayPal,No
T09291,C0615,2025-07-07,Mouse,Electronics,2,65.44,0.0,130.88,PayPal,No
T09292,C1312,2025-10-31,Mouse,Electronics,2,56.84,0.0,113.67,Mobile Payment,Yes
T09293,C0505,2025-12-31,Mouse,Electronics,1,43.39,0.15,36.88,Credit Card,No
T09294,C0391,2025-06-07,Keyboard,Electronics,1,41.05,0.0,41.05,Credit Card,No
T09295,C1138,2024-12-07,Smartwatch,Electronics,3,316.1,0.0,948.31,Mobile Payment,No
T09296,C0550,2025-08-19,Mouse,Electronics,3,26.65,0.1,71.95,Debit Card,No
T09297,C1294,2025-05-15,Camera,Electronics,1,559.15,0.1,503.24,PayPal,No
T09298,C0501,2025-04-01,Mouse,Electronics,1,77.93,0.05,74.04,Debit Card,No
T09299,C1069,2025-10-27,Phone,Electronics,2,708.1,0.0,1416.19,Mobile Payment,No
T09300,C0071,2025-08-02,Tablet,Electronics,2,500.08,0.0,1000.15,Debit Card,No
T09301,C0598,2024-12-02,Headphones,Electronics,1,170.92,0.1,153.83,Mobile Payment,No
T09302,C0525,2025-12-31,Phone,Electronics,1,602.29,0.1,542.06,Debit Card,No
T09303,C1253,2025-06-10,Mouse,Electronics,2,28.17,0.0,56.34,Debit Card,No
T09304,C1454,2024-03-27,Keyboard,Electronics,1,179.75,0.05,170.76,Credit Card,No
T09305,C0715,2024-08-27,Keyboard,Electronics,2,163.28,0.0,326.56,Mobile Payment,No
T09306,C1268,2025-03-31,Monitor,Electronics,2,344.02,0.0,688.04,Mobile Payment,No
T09307,C1065,2025-12-31,Keyboard,Electronics,2,107.2,0.0,214.4,Mobile Payment,No
T09308,C1454,2025-04-24,Laptop,Electronics,2,975.49,0.05,1853.42,PayPal,Yes
T09309,C1245,2025-06-29,Phone,Electronics,1,664.69,0.0,664.69,Debit Card,No
T09310,C0121,2025-03-18,Mouse,Electronics,1,77.15,0.0,77.15,Debit Card,No
T09311,C1091,2024-11-14,Tablet,Electronics,1,288.83,0.1,259.95,Debit Card,No
T09312,C0809,2024-09-14,Phone,Electronics,3,531.32,0.0,1593.95,PayPal,No
T09313,C0027,2025-07-11,Tablet,Electronics,1,480.91,0.0,480.91,Debit Card,No
T09314,C0379,2024-04-05,Tablet,Electronics,1,644.37,0.1,579.93,PayPal,No
T09315,C1394,2025-02-19,Laptop,Electronics,2,927.41,0.05,1762.08,Mobile Payment,No
T09316,C1398,2025-02-16,Headphones,Electronics,1,171.55,0.05,162.97,Credit Card,No
T09317,C1225,2025-12-31,Laptop,Electronics,2,942.67,0.05,1791.07,Credit Card,Yes
T09318,C1475,2025-02-12,Laptop,Electronics,1,764.64,0.0,764.64,Credit Card,No
T09319,C1237,2025-09-23,Smartwatch,Electronics,1,283.34,0.0,283.34,Credit Card,No
T09320,C0017,2025-11-12,Tablet,Electronics,1,485.17,0.0,485.17,PayPal,No
T09321,C0443,2025-01-19,Keyboard,Electronics,1,104.72,0.1,94.25,PayPal,No
T09322,C0043,2024-11-06,Tablet,Electronics,2,497.27,0.05,944.81,Debit Card,No
T09323,C0150,2025-12-31,Speaker,Electronics,3,268.62,0.05,765.56,PayPal,No
T09324,C0328,2024-09-20,Mouse,Electronics,1,79.3,0.05,75.34,Credit Card,No
T09325,C0765,2025-05-09,Headphones,Electronics,3,192.99,0.0,578.96,Debit Card,No
T09326,C1294,2025-12-04,Phone,Electronics,3,438.51,0.1,1183.98,Credit Card,No
T09327,C1312,2025-10-25,Phone,Electronics,1,770.31,0.05,731.8,Debit Card,No
T09328,C0931,2025-07-27,Smartwatch,Electronics,1,164.4,0.0,164.4,Mobile Payment,No
T09329,C1403,2025-12-31,Monitor,Electronics,4,159.29,0.0,637.17,Mobile Payment,Yes
T09330,C0764,2025-10-02,Tablet,Electronics,1,200.3,0.1,180.27,PayPal,No
T09331,C1358,2025-06-07,Speaker,Electronics,1,229.89,0.15,195.41,Credit Card,No
T09332,C0702,2024-12-05,Headphones,Electronics,1,81.66,0.0,81.66,Debit Card,No
T09333,C0427,2024-07-09,Keyboard,Electronics,2,72.68,0.0,145.35,Debit Card,No
T09334,C1387,2025-12-29,Camera,Electronics,1,860.32,0.05,817.3,Credit Card,No
T09335,C0603,2025-04-20, phone ,Electronics,1,967.36,0.0,967.36,Mobile Payment,Yes
T09336,C0765,2025-07-29,Mouse,Electronics,1,62.51,0.1,56.25,Credit Card,No
T09337,C0503,2024-08-22,Camera,Electronics,1,935.74,0.1,842.16,Debit Card,No
T09338,C1009,2025-04-25,Speaker,Electronics,1,284.67,0.0,284.67,Mobile Payment,No
T09339,C1491,2025-04-03,Speaker,Electronics,1,262.08,0.1,235.87,Mobile Payment,No
T09340,C0038,2024-08-22,Headphones,Electronics,2,75.75,0.0,151.51,Credit Card,No
T09341,C1372,2025-04-02,Headphones,Electronics,1,202.29,0.0,202.29,Credit Card,No
T09342,C0005,2025-03-09,Tablet,Electronics,1,319.71,0.0,319.71,Debit Card,No
T09343,C0558,2024-08-16,Camera,Electronics,2,894.53,0.1,1610.15,Debit Card,No
T09344,C0259,2024-12-21,Phone,Electronics,1,818.57,0.2,654.85,Credit Card,No
T09345,C1157,2024-12-10,Headphones,Electronics,1,148.45,0.05,141.03,Credit Card,No
T09346,C0080,2024-12-21,Laptop,Electronics,1,1264.34,0.1,1137.9,Debit Card,No
T09347,C0836,2025-05-10,Keyboard,Electronics,2,168.74,0.0,337.48,Debit Card,No
T09348,C0453,2025-12-31,Mouse,Electronics,1,97.19,0.05,92.33,Credit Card,No
T09349,C0205,2024-07-26,Tablet,Electronics,4,373.0,0.0,1491.99,Debit Card,No
T09350,C1183,2024-04-29,Mouse,Electronics,3,99.39,0.05,283.25,Credit Card,No
T09351,C0328,2024-09-17,Headphones,Electronics,1,81.62,0.0,81.62,Mobile Payment,No
T09352,C0336,2024-11-08,Tablet,Electronics,1,397.23,0.0,397.23,PayPal,No
T09353,C0423,2024-06-27,Speaker,Electronics,2,237.78,0.15,404.23,Debit Card,No
T09354,C0890,2025-07-09,Keyboard,Electronics,1,175.37,0.1,157.84,Credit Card,No
T09355,C1005,2025-09-30,Tablet,Electronics,1,204.88,0.1,184.39,PayPal,No
T09356,C0028,2025-07-21,Speaker,Electronics,2,285.87,0.1,514.56,Credit Card,Yes
T09357,C0363,2025-05-15,Headphones,Electronics,1,219.75,0.05,208.76,Mobile Payment,No
T09358,C0667,2025-01-20,Mouse,Electronics,1,92.31,0.1,83.08,Mobile Payment,No
T09359,C0506,2025-12-31,Mouse,Electronics,1,24.21,0.0,24.21,Debit Card,No
T09360,C1349,2025-12-31,Headphones,Electronics,1,189.73,0.1,170.76,PayPal,No
T09361,C1209,2025-09-25, phone ,Electronics,1,124.16,0.15,105.54,Credit Card,No
T09362,C0950,2025-07-07,Tablet,Electronics,1,184.48,0.05,175.25,Debit Card,No
T09363,C0516,2025-05-05,Monitor,Electronics,1,592.97,0.05,563.32,Mobile Payment,Yes
T09364,C1066,2025-02-17,Tablet,Electronics,1,250.75,0.0,250.75,Credit Card,No
T09365,C1292,2025-12-31,Keyboard,Electronics,1,86.51,0.1,77.86,Credit Card,No
T09366,C0902,2025-08-20,Mouse,Electronics,1,17.57,0.05,16.69,PayPal,No
T09367,C1204,2025-02-01,Keyboard,Electronics,1,72.98,0.05,69.33,Debit Card,No
T09368,C1149,2025-05-07,Smartwatch,Electronics,1,224.81,0.05,213.57,PayPal,No
T09369,C0866,2025-01-31,Laptop,Electronics,1,1351.6,0.1,1216.44,Mobile Payment,No
T09370,C0481,2025-12-19,Laptop,Electronics,2,1393.26,0.0,2786.51,Credit Card,No
T09371,C1143,2025-12-24,Phone,Electronics,1,525.18,0.0,525.18,Debit Card,No
T09372,C0311,2025-12-31,Speaker,Electronics,1,151.33,0.0,151.33,Debit Card,No
T09373,C1199,2025-10-17,Smartwatch,Electronics,1,106.5,0.0,106.5,PayPal,No
T09374,C1234,2025-12-31,Speaker,Electronics,3,169.57,0.0,508.72,Mobile Payment,No
T09375,C1262,2024-11-05,Tablet,Electronics,1,621.84,0.0,621.84,Debit Card,No
T09376,C0729,2025-05-09,Keyboard,Electronics,2,50.64,0.0,101.27,Debit Card,No
T09377,C0292,2025-10-15,Keyboard,Electronics,1,66.3,0.1,59.67,Mobile Payment,No
T09378,C0154,2024-03-21,Keyboard,Electronics,1,163.15,0.0,163.15,Mobile Payment,No
T09379,C1138,2025-06-19,Mouse,Electronics,1,68.25,0.15,58.01,Debit Card,Yes
T09380,C1354,2024-12-01,Headphones,Electronics,1,92.8,0.1,83.52,PayPal,No
T09381,C0992,2025-03-08,Mouse,Electronics,1,84.08,0.0,84.08,Credit Card,No
T09382,C0221,2025-12-31,Smartwatch,Electronics,2,91.6,0.0,183.2,Credit Card,Yes
T09383,C1411,2024-07-31,Tablet,Electronics,3,583.43,0.05,1662.76,Debit Card,No
T09384,C1484,2025-09-06,Speaker,Electronics,1,174.68,0.0,174.68,Debit Card,No
T09385,C0673,2025-03-26,Monitor,Electronics,3,490.62,0.05,1398.27,Credit Card,No
T09386,C0902,2025-12-31,Mouse,Electronics,1,59.06,0.0,59.06,Credit Card,No
T09387,C1194,2024-07-05,Mouse,Electronics,1,35.93,0.0,35.93,PayPal,No
T09388,C1127,2025-12-31,Keyboard,Electronics,2,124.33,0.0,248.66,PayPal,No
T09389,C1455,2025-04-09,Tablet,Electronics,1,252.75,0.05,240.11,Credit Card,No
T09390,C0174,2025-02-09,Mouse,Electronics,1,34.54,0.0,34.54,Debit Card,No
T09391,C0880,2024-10-01,Phone,Electronics,1,607.06,0.0,607.06,Debit Card,No
T09392,C1053,2025-08-14,Speaker,Electronics,1,141.4,0.1,127.26,Debit Card,No
T09393,C1359,2024-06-24,Phone,Electronics,1,734.38,0.0,734.38,Mobile Payment,No
T09394,C1329,2025-07-17,Tablet,Electronics,1,454.28,0.0,454.28,Debit Card,Yes
T09395,C1470,2025-03-26,Speaker,Electronics,1,139.15,0.0,139.15,Debit Card,No
T09396,C0774,2024-06-05,Phone,Electronics,1,462.37,0.1,416.14,Debit Card,No
T09397,C1273,2024-11-28,Phone,Electronics,1,843.61,0.0,843.61,Credit Card,No
T09398,C0660,2025-12-31,Smartwatch,Electronics,2,71.62,0.0,143.25,Mobile Payment,No
T09399,C0650,2024-03-11,Tablet,Electronics,1,504.78,0.0,504.78,Mobile Payment,No
T09400,C0383,2025-12-31,Phone,Electronics,1,504.73,0.0,504.73,Debit Card,No
T09401,C1257,2025-12-31,Phone,Electronics,1,495.28,0.1,445.75,Mobile Payment,No
T09402,C1480,2025-09-22,Camera,Electronics,1,886.69,0.1,798.02,Debit Card,No
T09403,C0387,2025-12-31,Tablet,Electronics,3,579.72,0.0,1739.16,Debit Card,No
T09404,C0086,2025-12-26,Mouse,Electronics,1,76.58,0.0,76.58,Credit Card,No
T09405,C1252,2024-10-31,Headphones,Electronics,3,157.32,0.0,471.96,PayPal,No
T09406,C0940,2025-11-22,Tablet,Electronics,2,413.22,0.2,661.14,Mobile Payment,No
T09407,C1443,2025-12-31,Phone,Electronics,3,554.97,0.0,1664.9,Credit Card,No
T09408,C0381,2024-08-28,Speaker,Electronics,2,159.79,0.15,271.64,Credit Card,No
T09409,C0109,2025-12-26,Monitor,Electronics,2,215.45,0.0,430.9,PayPal,No
T09410,C0757,2025-04-10,Phone,Electronics,1,613.68,0.0,613.68,Credit Card,No
T09411,C0137,2025-12-31,Phone,Electronics,2,455.05,0.0,910.1,Debit Card,No
T09412,C0395,2025-01-30,Headphones,Electronics,1,147.46,0.0,147.46,Debit Card,No
T09413,C0192,2025-06-08,Keyboard,Electronics,1,107.82,0.0,107.82,Mobile Payment,No
T09414,C0336,2025-07-07,Phone,Electronics,1,860.95,0.0,860.95,Debit Card,No
T09415,C0164,2025-11-29,Tablet,Electronics,1,384.42,0.0,384.42,Credit Card,No
T09416,C1435,2024-07-22,Smartwatch,Electronics,2,252.68,0.0,505.35,Credit Card,No
T09417,C0427,2025-06-05,Headphones,Electronics,2,142.63,0.0,285.26,Debit Card,No
T09418,C0694,2025-12-31,Laptop,Electronics,1,1179.08,0.15,1002.21,Debit Card,No
T09419,C1369,2025-03-24,Laptop,Electronics,1,886.88,0.0,886.88,Debit Card,No
T09420,C1030,2025-04-23,Headphones,Electronics,1,78.88,0.0,78.88,Debit Card,No
T09421,C0934,2024-12-13,Laptop,Electronics,1,1091.77,0.0,1091.77,Mobile Payment,No
T09422,C1075,2025-01-07,Phone,Electronics,1,801.89,0.05,761.8,PayPal,No
T09423,C1271,2025-08-28,Mouse,Electronics,1,76.2,0.0,76.2,PayPal,Yes
T09424,C1337,2025-01-30,Monitor,Electronics,1,370.02,0.0,370.02,PayPal,No
T09425,C0977,2025-12-31,Monitor,Electronics,1,264.79,0.0,264.79,PayPal,No
T09426,C1359,2024-12-09,Keyboard,Electronics,1,142.7,0.0,142.7,Credit Card,No
T09427,C0809,2025-07-14,Smartwatch,Electronics,2,328.61,0.0,657.22,PayPal,No
T09428,C0427,2024-11-24,Phone,Electronics,1,388.46,0.0,388.46,Mobile Payment,No
T09429,C1342,2025-03-26,Phone,Electronics,1,769.41,0.0,769.41,Mobile Payment,No
T09430,C0821,2024-08-19,Phone,Electronics,1,362.09,0.05,343.99,Debit Card,No
T09431,C1377,2024-04-19,Speaker,Electronics,1,274.2,0.1,246.78,Debit Card,No
T09432,C0058,2025-12-31,Keyboard,Electronics,1,124.52,0.0,124.52,Debit Card,No
T09433,C0615,2024-07-19,Phone,Electronics,2,367.66,0.0,735.31,Debit Card,No
T09434,C1427,2025-10-19,Phone,Electronics,1,273.57,0.0,273.57,Debit Card,No
T09435,C0375,2025-10-03,Mouse,Electronics,1,74.04,0.05,70.34,Debit Card,No
T09436,C1421,2025-07-23,Laptop,Electronics,1,1124.27,0.1,1011.84,Credit Card,No
T09437,C1435,2024-12-18,Mouse,Electronics,1,66.96,0.0,66.96,Credit Card,No
T09438,C1345,2025-12-31,Speaker,Electronics,3,165.39,0.0,496.16,Credit Card,No
T09439,C0851,2025-12-31,Laptop,Electronics,1,1130.11,0.15,960.59,Mobile Payment,No
T09440,C0987,2024-03-23,Phone,Electronics,2,817.6,0.0,1635.19,Debit Card,No
T09441,C1321,2025-10-21,Laptop,Electronics,1,1366.4,0.0,1366.4,Credit Card,No
T09442,C1192,2025-05-07,Phone,Electronics,1,473.93,0.0,473.93,Debit Card,No
T09443,C0955,2025-07-29,Keyboard,Electronics,2,100.62,0.0,201.24,PayPal,Yes
T09444,C1476,2024-05-21,Laptop,Electronics,1,891.12,0.05,846.56,PayPal,No
T09445,C1042,2025-06-19,Headphones,Electronics,2,108.2,0.0,216.4,Mobile Payment,No
T09446,C1467,2025-09-08,Monitor,Electronics,3,508.15,0.0,1524.45,Credit Card,No
T09447,C0090,2025-09-06,Speaker,Electronics,3,150.5,0.0,451.49,Mobile Payment,No
T09448,C0213,2024-04-22,Monitor,Electronics,3,326.24,0.05,929.78,Mobile Payment,No
T09449,C0699,2025-10-30,Phone,Electronics,1,802.57,0.2,642.06,Debit Card,No
T09450,C0596,2025-09-25,Tablet,Electronics,1,180.6,0.0,180.6,Mobile Payment,No
T09451,C1202,2025-02-06,Mouse,Electronics,1,87.44,0.2,69.95,Credit Card,No
T09452,C0248,2025-12-31,Phone,Electronics,1,367.92,0.05,349.52,Debit Card,No
T09453,C1467,2025-09-20,Tablet,Electronics,1,309.02,0.1,278.12,PayPal,Yes
T09454,C0484,2025-12-31,Speaker,Electronics,4,134.02,0.0,536.07,Mobile Payment,No
T09455,C0664,2024-02-05,Laptop,Electronics,1,1316.46,0.0,1316.46,Credit Card,No
T09456,C0422,2025-08-01,Phone,Electronics,1,840.64,0.05,798.61,PayPal,No
T09457,C0880,2024-10-15,Camera,Electronics,2,895.06,0.2,1432.1,Mobile Payment,No
T09458,C0091,2024-05-29,Phone,Electronics,1,535.64,0.05,508.86,Credit Card,No
T09459,C0232,2024-12-09,Laptop,Electronics,1,1061.29,0.05,1008.22,Credit Card,No
T09460,C1143,2025-01-08,Phone,Electronics,2,627.26,0.0,1254.52,PayPal,No
T09461,C0285,2025-11-04,Mouse,Electronics,1,96.09,0.1,86.48,PayPal,No
T09462,C0351,2024-02-15,Speaker,Electronics,2,291.98,0.05,554.77,Debit Card,No
T09463,C1215,2025-03-17,Keyboard,Electronics,1,156.34,0.05,148.52,Mobile Payment,No
T09464,C0149,2025-02-28,Phone,Electronics,1,629.42,0.0,629.42,Debit Card,No
T09465,C0681,2025-11-28,Phone,Electronics,2,503.98,0.15,856.76,Debit Card,Yes
T09466,C0036,2025-12-31,Keyboard,Electronics,2,60.69,0.0,121.39,Mobile Payment,No
T09467,C0529,2025-09-26,Mouse,Electronics,3,60.43,0.0,181.29,Debit Card,No
T09468,C1063,2025-11-11,Mouse,Electronics,1,44.38,0.0,44.38,Debit Card,No
T09469,C0144,2025-06-10,Keyboard,Electronics,2,36.28,0.0,72.55,Debit Card,No
T09470,C1358,2024-10-04,Speaker,Electronics,1,163.82,0.0,163.82,PayPal,No
T09471,C1381,2025-07-16,Phone,Electronics,2,621.21,0.0,1242.41,Credit Card,No
T09472,C0162,2024-12-15,Phone,Electronics,3,647.35,0.05,1844.96,Debit Card,No
T09473,C1486,2025-05-16,Camera,Electronics,2,366.43,0.2,586.29,Mobile Payment,No
T09474,C0457,2024-08-26,Tablet,Electronics,1,407.06,0.1,366.36,PayPal,No
T09475,C0133,2024-10-14,Headphones,Electronics,1,154.62,0.0,154.62,Credit Card,No
T09476,C0008,2025-08-28,Keyboard,Electronics,1,173.96,0.0,173.96,Debit Card,No
T09477,C0635,2025-12-31,Headphones,Electronics,1,34.76,0.05,33.02,Debit Card,No
T09478,C0954,2025-07-09,Tablet,Electronics,1,497.85,0.0,497.85,Mobile Payment,No
T09479,C0506,2025-12-31,Speaker,Electronics,1,56.21,0.1,50.59,Credit Card,No
T09480,C1285,2025-03-09,Phone,Electronics,1,353.25,0.1,317.92,Credit Card,No
T09481,C1099,2024-10-26,Headphones,Electronics,2,62.93,0.1,113.27,PayPal,No
T09482,C0533,2025-01-30,Laptop,Electronics,2,930.21,0.05,1767.4,Mobile Payment,No
T09483,C1125,2025-07-02,Smartwatch,Electronics,2,301.08,0.2,481.72,Debit Card,No
T09484,C1419,2025-04-09,Phone,Electronics,1,806.55,0.0,806.55,Mobile Payment,No
T09485,C0149,2025-06-24,Smartwatch,Electronics,1,168.74,0.2,134.99,Debit Card,No
T09486,C0473,2024-12-11,Phone,Electronics,1,530.35,0.15,450.79,PayPal,Yes
T09487,C0717,2025-09-30,Headphones,Electronics,2,71.24,0.0,142.47,Debit Card,No
T09488,C0763,2025-09-21,Mouse,Electronics,2,51.76,0.15,88.0,PayPal,No
T09489,C0821,2024-05-12,Tablet,Electronics,1,309.17,0.0,309.17,Credit Card,No
T09490,C0462,2025-08-29,Tablet,Electronics,1,262.19,0.1,235.98,Debit Card,No
T09491,C1015,2025-07-15,Mouse,Electronics,2,28.47,0.0,56.94,Mobile Payment,No
T09492,C0983,2025-07-23,Phone,Electronics,1,754.17,0.0,754.17,PayPal,No
T09493,C0876,2024-06-02,Speaker,Electronics,1,70.41,0.1,63.37,Credit Card,No
T09494,C0173,2024-12-08,Phone,Electronics,1,650.42,0.2,520.34,Debit Card,No
T09495,C0735,2024-06-03,Mouse,Electronics,1,29.24,0.0,29.24,PayPal,No
T09496,C0544,2025-04-10,Smartwatch,Electronics,4,302.97,0.0,1211.89,Credit Card,No
T09497,C0756,2025-11-01,Headphones,Electronics,2,82.15,0.05,156.08,Credit Card,No
T09498,C1394,2024-12-10,Phone,Electronics,1,279.18,0.15,237.3,PayPal,No
T09499,C0741,2025-12-31,Phone,Electronics,1,543.85,0.0,543.85,PayPal,No
T09500,C0022,2024-10-04,Speaker,Electronics,1,299.95,0.15,254.96,PayPal,No
T09501,C0683,2024-05-13,Mouse,Electronics,4,84.12,0.2,269.17,Credit Card,No
T09502,C1260,2025-12-31,Monitor,Electronics,1,406.62,0.15,345.63,Debit Card,No
T09503,C1200,2025-12-31,Tablet,Electronics,3,269.04,0.1,726.4,Debit Card,No
T09504,C0776,2025-02-24,Laptop,Electronics,1,782.25,0.0,782.25,PayPal,Yes
T09505,C0375,2024-12-31,Mouse,Electronics,3,86.28,0.05,245.89,Mobile Payment,No
T09506,C0720,2024-07-28,Speaker,Electronics,2,244.8,0.1,440.65,Debit Card,No
T09507,C0851,2025-12-31,Phone,Electronics,3,550.42,0.15,1403.58,Mobile Payment,No
T09508,C1499,2025-12-18,Smartwatch,Electronics,3,182.21,0.1,491.96,PayPal,No
T09509,C0981,2025-03-22,Phone,Electronics,1,736.64,0.0,736.64,Debit Card,No
T09510,C1058,2025-09-09,Smartwatch,Electronics,2,215.45,0.0,430.9,PayPal,No
T09511,C0756,2025-03-29,Headphones,Electronics,2,106.79,0.0,213.58,PayPal,No
T09512,C0541,2024-10-14,Mouse,Electronics,3,36.4,0.05,103.73,Credit Card,No
T09513,C1248,2024-12-31,Speaker,Electronics,1,71.87,0.0,71.87,Credit Card,No
T09514,C0759,2025-12-31,Keyboard,Electronics,1,117.19,0.0,117.19,Credit Card,No
T09515,C1491,2025-05-02,Speaker,Electronics,2,254.77,0.0,509.55,Mobile Payment,No
T09516,C0709,2024-12-31,Tablet,Electronics,1,530.71,0.1,477.64,Mobile Payment,No
T09517,C0105,2025-12-31,Speaker,Electronics,2,221.04,0.0,442.09,Credit Card,No
T09518,C1036,2024-03-19,Camera,Electronics,1,1135.97,0.0,1135.97,PayPal,No
T09519,C0073,2025-09-25,Phone,Electronics,1,506.44,0.0,506.44,Mobile Payment,No
T09520,C0376,2025-09-24,Headphones,Electronics,1,56.07,0.2,44.86,Mobile Payment,No
T09521,C0540,2025-07-28,Speaker,Electronics,2,66.51,0.15,113.06,Debit Card,No
T09522,C1132,2025-01-06,Laptop,Electronics,2,1368.51,0.05,2600.17,PayPal,No
T09523,C0759,2025-12-31,Monitor,Electronics,4,415.03,0.05,1577.13,Debit Card,No
T09524,C0040,2025-12-31,Mouse,Electronics,1,83.92,0.0,83.92,Credit Card,No
T09525,C0932,2024-08-14,Laptop,Electronics,1,1074.89,0.0,1074.89,Debit Card,No
T09526,C0637,2024-07-18,Smartwatch,Electronics,1,175.56,0.0,175.56,Debit Card,No
T09527,C1394,2024-09-01,Headphones,Electronics,1,68.05,0.1,61.25,Debit Card,No
T09528,C0764,2025-05-22,Tablet,Electronics,1,582.51,0.05,553.39,Credit Card,No
T09529,C1085,2024-07-15,Keyboard,Electronics,1,34.84,0.1,31.36,PayPal,No
T09530,C0328,2025-01-28,Keyboard,Electronics,1,164.54,0.1,148.08,Mobile Payment,No
T09531,C1165,2025-12-31,Camera,Electronics,2,484.51,0.0,969.02,PayPal,No
T09532,C1109,2025-06-22,Mouse,Electronics,2,15.81,0.0,31.62,Debit Card,No
T09533,C1375,2025-01-10,Headphones,Electronics,1,49.74,0.05,47.25,Debit Card,No
T09534,C0049,2025-09-09,Mouse,Electronics,1,90.1,0.1,81.09,Debit Card,Yes
T09535,C0696,2025-09-15,Smartwatch,Electronics,1,81.38,0.1,73.24,PayPal,No
T09536,C1033,2024-11-03,Speaker,Electronics,1,132.36,0.0,132.36,Credit Card,No
T09537,C0150,2025-12-31,Mouse,Electronics,1,36.28,0.15,30.84,Mobile Payment,No
T09538,C0636,2025-01-13,Keyboard,Electronics,1,30.71,0.0,30.71,Credit Card,No
T09539,C1422,2025-04-13,Headphones,Electronics,1,130.98,0.0,130.98,Mobile Payment,No
T09540,C0675,2025-01-26,Camera,Electronics,4,1198.5,0.0,4794.0,Debit Card,No
T09541,C1479,2024-11-04,Smartwatch,Electronics,1,307.37,0.0,307.37,Debit Card,No
T09542,C0088,2025-12-31,Laptop,Electronics,1,818.22,0.0,818.22,Credit Card,No
T09543,C1101,2025-11-21,Mouse,Electronics,1,90.17,0.0,90.17,PayPal,No
T09544,C0880,2025-02-07,Keyboard,Electronics,1,95.03,0.0,95.03,Credit Card,No
T09545,C0764,2025-10-02,Phone,Electronics,1,427.61,0.0,427.61,Mobile Payment,Yes
T09546,C1461,2025-12-31,Keyboard,Electronics,1,124.25,0.0,124.25,Debit Card,No
T09547,C0199,2025-01-20,Phone,Electronics,1,390.85,0.0,390.85,Credit Card,No
T09548,C1367,2025-12-31,Mouse,Electronics,1,89.77,0.1,80.79,Credit Card,No
T09549,C1051,2025-12-31,Tablet,Electronics,1,473.37,0.0,473.37,Debit Card,No
T09550,C0390,2025-10-09,Phone,Electronics,1,338.41,0.05,321.49,Debit Card,No
T09551,C1374,2025-04-04,Phone,Electronics,2,620.92,0.0,1241.84,Debit Card,No
T09552,C0664,2024-11-10,Monitor,Electronics,1,379.67,0.0,379.67,PayPal,No
T09553,C1249,2025-03-07,Phone,Electronics,2,556.45,0.1,1001.6,Debit Card,No
T09554,C0604,2025-02-10,Camera,Electronics,1,628.48,0.05,597.05,Debit Card,No
T09555,C1298,2024-10-30,Laptop,Electronics,1,1031.94,0.05,980.35,Credit Card,No
T09556,C0966,2024-10-16,Camera,Electronics,1,827.41,0.0,827.41,Credit Card,No
T09557,C0218,2025-12-31,Monitor,Electronics,1,480.11,0.1,432.1,Credit Card,No
T09558,C0991,2025-12-21,Speaker,Electronics,3,278.65,0.15,710.55,Credit Card,No
T09559,C0291,2025-12-31,Phone,Electronics,1,278.85,0.0,278.85,Mobile Payment,No
T09560,C0637,2024-07-06,Phone,Electronics,1,620.07,0.15,527.06,PayPal,No
T09561,C0263,2024-10-01,Keyboard,Electronics,2,141.56,0.0,283.11,PayPal,No
T09562,C0034,2025-12-31,Mouse,Electronics,1,24.82,0.05,23.58,Credit Card,No
T09563,C0320,2024-09-06,Headphones,Electronics,1,203.18,0.0,203.18,Debit Card,No
T09564,C0810,2024-07-05,Laptop,Electronics,2,871.49,0.1,1568.69,Debit Card,No
T09565,C0741,2025-09-16,Headphones,Electronics,1,188.33,0.0,188.33,Debit Card,No
T09566,C0764,2024-08-25,Tablet,Electronics,3,491.14,0.0,1473.43,Debit Card,No
T09567,C0372,2025-08-06,Headphones,Electronics,1,136.31,0.0,136.31,PayPal,No
T09568,C1041,2025-01-02,Monitor,Electronics,2,541.16,0.15,919.97,Debit Card,No
T09569,C1072,2025-07-14,Mouse,Electronics,3,97.38,0.0,292.15,PayPal,No
T09570,C0547,2025-02-23,Speaker,Electronics,2,299.25,0.0,598.51,Mobile Payment,No
T09571,C1344,2024-07-18,Phone,Electronics,2,694.13,0.05,1318.85,Debit Card,No
T09572,C0981,2024-10-04,Mouse,Electronics,1,43.83,0.0,43.83,PayPal,No
T09573,C1090,2025-09-10,Tablet,Electronics,1,591.11,0.0,591.11,Mobile Payment,Yes
T09574,C0427,2024-12-18,Phone,Electronics,2,675.33,0.0,1350.65,PayPal,No
T09575,C0001,2024-11-16,Mouse,Electronics,1,42.48,0.0,42.48,Credit Card,No
T09576,C1316,2025-08-23,Smartwatch,Electronics,3,330.39,0.0,991.16,Credit Card,No
T09577,C1263,2025-12-31,Speaker,Electronics,2,234.39,0.0,468.78,Credit Card,No
T09578,C0187,2025-05-08,Smartwatch,Electronics,2,191.32,0.0,382.64,Debit Card,No
T09579,C0576,2025-04-28,Phone,Electronics,1,545.42,0.0,545.42,Debit Card,No
T09580,C1007,2025-03-06,Phone,Electronics,1,897.35,0.0,897.35,Debit Card,No
T09581,C0993,2025-01-07,Smartwatch,Electronics,2,168.38,0.0,336.75,PayPal,No
T09582,C1310,2025-12-31,Monitor,Electronics,4,192.34,0.05,730.88,Mobile Payment,No
T09583,C0216,2024-05-22,Tablet,Electronics,2,433.12,0.0,866.25,PayPal,No
T09584,C0665,2025-09-15,Monitor,Electronics,2,548.18,0.0,1096.37,Mobile Payment,No
T09585,C0152,2024-12-31,Speaker,Electronics,2,191.98,0.1,345.56,Debit Card,No
T09586,C0604,2025-03-31,Smartwatch,Electronics,1,290.0,0.0,290.0,Credit Card,No
T09587,C0025,2025-07-27,Monitor,Electronics,2,174.69,0.0,349.38,Mobile Payment,No
T09588,C1369,2025-05-18,Speaker,Electronics,1,215.08,0.0,215.08,PayPal,No
T09589,C0799,2025-03-27,Smartwatch,Electronics,1,82.97,0.0,82.97,Credit Card,No
T09590,C1296,2024-08-22,Laptop,Electronics,2,1089.45,0.2,1743.12,Debit Card,No
T09591,C0093,2025-03-15,Phone,Electronics,2,573.55,0.15,975.03,Mobile Payment,No
T09592,C0341,2024-10-20,Keyboard,Electronics,1,171.57,0.05,162.99,Mobile Payment,No
T09593,C0391,2025-11-23,Headphones,Electronics,1,55.17,0.0,55.17,Debit Card,No
T09594,C0599,2025-02-25,Smartwatch,Electronics,2,62.75,0.0,125.51,Debit Card,No
T09595,C1231,2025-10-21,Camera,Electronics,3,423.62,0.0,1270.86,Debit Card,No
T09596,C0599,2025-04-03,Tablet,Electronics,1,260.23,0.15,221.2,Mobile Payment,No
T09597,C0308,2025-03-16,Smartwatch,Electronics,2,132.76,0.05,252.25,PayPal,No
T09598,C0104,2025-09-10,Keyboard,Electronics,1,151.34,0.05,143.77,PayPal,No
T09599,C0125,2025-12-31,Headphones,Electronics,1,101.61,0.0,101.61,Credit Card,Yes
T09600,C1164,2025-12-31,Smartwatch,Electronics,3,303.82,0.0,911.46,Debit Card,No
T09601,C0695,2025-08-02,Keyboard,Electronics,1,67.15,0.0,67.15,Debit Card,Yes
T09602,C1114,2025-03-26,Mouse,Electronics,2,88.15,0.0,176.29,Debit Card,No
T09603,C1036,2025-02-17,Laptop,Electronics,1,705.66,0.05,670.38,Credit Card,No
T09604,C0209,2025-12-31,Keyboard,Electronics,2,169.85,0.2,271.76,Debit Card,No
T09605,C0220,2025-04-22,Tablet,Electronics,1,530.64,0.0,530.64,PayPal,No
T09606,C1154,2025-09-09,Monitor,Electronics,1,335.73,0.2,268.58,PayPal,No
T09607,C1109,2025-08-15,Phone,Electronics,2,625.27,0.15,1062.96,Credit Card,No
T09608,C0586,2025-03-15,Keyboard,Electronics,1,169.62,0.15,144.17,Mobile Payment,No
T09609,C0121,2025-04-18,Phone,Electronics,2,628.66,0.1,1131.6,Credit Card,No
T09610,C0020,2025-01-24,Phone,Electronics,1,398.57,0.15,338.78,Debit Card,No
T09611,C0443,2024-11-30,Phone,Electronics,1,622.37,0.0,622.37,Credit Card,No
T09612,C0016,2025-03-11,Smartwatch,Electronics,3,312.72,0.0,938.16,Mobile Payment,No
T09613,C0342,2025-12-31,Laptop,Electronics,1,1391.21,0.0,1391.21,Debit Card,No
T09614,C0648,2025-03-23,Mouse,Electronics,2,64.65,0.0,129.29,PayPal,No
T09615,C0184,2025-12-31,Laptop,Electronics,2,808.95,0.2,1294.32,Debit Card,No
T09616,C0160,2024-09-22,Keyboard,Electronics,2,144.62,0.05,274.78,Debit Card,No
T09617,C1368,2024-12-30,Smartwatch,Electronics,1,349.1,0.0,349.1,Credit Card,No
T09618,C0888,2024-07-05,Tablet,Electronics,2,402.61,0.2,644.17,Mobile Payment,No
T09619,C1411,2024-09-09,Phone,Electronics,2,499.43,0.0,998.85,PayPal,No
T09620,C0528,2025-03-13,Tablet,Electronics,1,439.68,0.0,439.68,Debit Card,No
T09621,C1030,2024-09-16,Mouse,Electronics,1,29.01,0.0,29.01,Credit Card,No
T09622,C0308,2024-05-04,Tablet,Electronics,1,636.5,0.0,636.5,Debit Card,Yes
T09623,C0935,2025-09-14,Monitor,Electronics,1,527.25,0.0,527.25,Debit Card,No
T09624,C0199,2025-04-12,Phone,Electronics,2,323.44,0.05,614.54,PayPal,No
T09625,C0003,2024-10-16,Monitor,Electronics,2,575.29,0.0,1150.57,Credit Card,No
T09626,C1408,2025-04-20,Keyboard,Electronics,1,171.14,0.15,145.47,PayPal,No
T09627,C0837,2025-02-05,Laptop,Electronics,1,921.45,0.1,829.3,Mobile Payment,No
T09628,C1399,2025-08-19,Smartwatch,Electronics,1,239.55,0.0,239.55,Mobile Payment,No
T09629,C0509,2024-08-31,Speaker,Electronics,1,68.8,0.1,61.92,Debit Card,No
T09630,C0501,2024-12-12,Phone,Electronics,3,304.72,0.0,914.17,Credit Card,No
T09631,C0622,2024-07-03,Smartwatch,Electronics,2,205.52,0.0,411.04,Debit Card,No
T09632,C1076,2025-12-31,Tablet,Electronics,3,203.35,0.1,549.04,Debit Card,No
T09633,C0858,2024-06-13,Mouse,Electronics,1,89.37,0.1,80.43,Debit Card,No
T09634,C1397,2025-12-10,Tablet,Electronics,1,616.2,0.2,492.96,Credit Card,No
T09635,C0037,2025-04-16,Camera,Electronics,1,360.58,0.0,360.58,Debit Card,Yes
T09636,C1084,2025-12-31,Headphones,Electronics,3,38.98,0.05,111.1,PayPal,No
T09637,C0505,2025-08-09,Camera,Electronics,1,499.28,0.05,474.31,Mobile Payment,No
T09638,C0276,2025-12-06,Smartwatch,Electronics,2,329.69,0.05,626.41,PayPal,No
T09639,C0773,2025-05-02,Phone,Electronics,2,749.86,0.0,1499.72,Credit Card,No
T09640,C0767,2025-01-20,Phone,Electronics,2,689.72,0.0,1379.45,Credit Card,No
T09641,C0211,2024-12-28,Smartwatch,Electronics,1,285.14,0.0,285.14,Debit Card,No
T09642,C0304,2024-07-07,Headphones,Electronics,2,67.9,0.15,115.43,Mobile Payment,No
T09643,C0635,2025-12-31,Speaker,Electronics,2,106.71,0.0,213.43,PayPal,No
T09644,C0635,2025-12-31,Speaker,Electronics,1,122.58,0.0,122.58,Mobile Payment,No
T09645,C0488,2024-10-22,Mouse,Electronics,2,66.43,0.2,106.29,Credit Card,No
T09646,C0230,2025-09-16,Monitor,Electronics,4,423.7,0.1,1525.32,Debit Card,No
T09647,C0005,2025-05-12,Phone,Electronics,1,385.6,0.2,308.48,Credit Card,Yes
T09648,C1460,2025-12-31,Camera,Electronics,1,693.05,0.0,693.05,Credit Card,No
T09649,C1424,2025-08-31,Phone,Electronics,2,698.51,0.0,1397.03,Mobile Payment,No
T09650,C0744,2024-11-12,Headphones,Electronics,2,88.83,0.1,159.89,PayPal,No
T09651,C1491,2025-02-25,Tablet,Electronics,1,215.47,0.05,204.7,Debit Card,No
T09652,C1026,2025-08-05,Speaker,Electronics,2,91.32,0.0,182.64,Mobile Payment,No
T09653,C0106,2025-12-31,Phone,Electronics,2,357.08,0.0,714.16,PayPal,No
T09654,C0178,2025-06-30,Camera,Electronics,1,868.75,0.05,825.31,Debit Card,No
T09655,C1387,2025-09-20,Monitor,Electronics,1,180.85,0.05,171.8,Credit Card,No
T09656,C0955,2025-07-23,Laptop,Electronics,1,1319.32,0.05,1253.36,Mobile Payment,No
T09657,C1292,2025-12-31,Mouse,Electronics,4,22.17,0.1,79.82,PayPal,No
T09658,C1369,2024-12-13,Phone,Electronics,3,638.64,0.0,1915.92,Mobile Payment,No
T09659,C0696,2025-12-31,Tablet,Electronics,2,616.88,0.05,1172.07,Mobile Payment,No
T09660,C0076,2024-09-02,Smartwatch,Electronics,2,78.1,0.1,140.58,Credit Card,No
T09661,C0286,2025-12-31,Phone,Electronics,1,499.02,0.0,499.02,PayPal,No
T09662,C0104,2025-12-31,Tablet,Electronics,1,334.13,0.0,334.13,Credit Card,No
T09663,C0287,2025-12-31,Headphones,Electronics,3,95.4,0.0,286.2,Debit Card,No
T09664,C0636,2024-11-30,Keyboard,Electronics,1,118.05,0.0,118.05,PayPal,No
T09665,C0178,2025-12-31,Smartwatch,Electronics,1,136.01,0.0,136.01,Debit Card,No
T09666,C0256,2025-12-27,Tablet,Electronics,3,192.84,0.0,578.53,Debit Card,No
T09667,C0696,2025-12-19,Phone,Electronics,1,875.48,0.0,875.48,Debit Card,No
T09668,C0521,2024-06-26,Phone,Electronics,1,736.7,0.15,626.2,PayPal,No
T09669,C0723,2025-07-22,Headphones,Electronics,1,55.67,0.15,47.32,Credit Card,No
T09670,C0664,2024-02-25,Keyboard,Electronics,4,95.55,0.2,305.76,Credit Card,No
T09671,C0983,2025-05-04,Laptop,Electronics,4,743.91,0.0,2975.62,Credit Card,Yes
T09672,C1414,2025-07-06,Smartwatch,Electronics,1,68.08,0.0,68.08,Credit Card,No
T09673,C0168,2025-01-12,Speaker,Electronics,2,52.35,0.15,89.0,Debit Card,No
T09674,C0154,2024-07-29,Camera,Electronics,2,980.2,0.05,1862.38,Credit Card,No
T09675,C1300,2025-12-20,Laptop,Electronics,1,1011.45,0.1,910.3,Credit Card,No
T09676,C0768,2024-10-16,Monitor,Electronics,1,529.98,0.0,529.98,Credit Card,No
T09677,C1171,2024-06-04,Smartwatch,Electronics,1,148.51,0.0,148.51,Mobile Payment,No
T09678,C0326,2024-11-28,Headphones,Electronics,1,177.31,0.0,177.31,Mobile Payment,Yes
T09679,C1271,2025-05-01,Camera,Electronics,2,370.14,0.05,703.27,PayPal,No
T09680,C1396,2025-11-13,Camera,Electronics,1,871.6,0.2,697.28,PayPal,No
T09681,C0964,2024-06-24,Phone,Electronics,4,484.39,0.05,1840.69,Mobile Payment,No
T09682,C0164,2024-11-16,Monitor,Electronics,1,274.53,0.05,260.8,Debit Card,No
T09683,C1366,2025-07-18,Laptop,Electronics,2,1270.58,0.1,2287.04,PayPal,No
T09684,C1215,2025-02-15,Tablet,Electronics,1,204.4,0.0,204.4,Debit Card,No
T09685,C1151,2025-12-31,Smartwatch,Electronics,1,335.36,0.0,335.36,Debit Card,No
T09686,C0052,2025-06-03,Speaker,Electronics,3,244.24,0.1,659.45,Mobile Payment,No
T09687,C1225,2025-12-31,Speaker,Electronics,1,132.46,0.2,105.97,Mobile Payment,No
T09688,C0212,2024-09-13,Laptop,Electronics,3,1393.93,0.0,4181.8,Debit Card,No
T09689,C0333,2024-05-28,Speaker,Electronics,3,92.65,0.0,277.94,Mobile Payment,No
T09690,C0875,2025-02-11,Smartwatch,Electronics,2,176.7,0.0,353.4,Credit Card,No
T09691,C0402,2025-05-21,Camera,Electronics,1,1096.39,0.1,986.75,Mobile Payment,No
T09692,C1007,2025-05-14,Speaker,Electronics,3,299.17,0.0,897.51,Mobile Payment,Yes
T09693,C0920,2025-04-27,Monitor,Electronics,1,257.6,0.1,231.84,PayPal,No
T09694,C0169,2025-05-22,Phone,Electronics,3,733.02,0.05,2089.12,Debit Card,No
T09695,C1001,2025-12-01,Laptop,Electronics,1,914.01,0.05,868.31,Mobile Payment,No
T09696,C1396,2025-12-31,Laptop,Electronics,1,1236.53,0.0,1236.53,Debit Card,No
T09697,C0249,2024-10-16,Mouse,Electronics,2,25.65,0.0,51.3,Credit Card,No
T09698,C0904,2025-03-15,Headphones,Electronics,1,93.87,0.0,93.87,Debit Card,No
T09699,C0524,2025-09-29,Monitor,Electronics,2,183.75,0.05,349.12,Credit Card,No
T09700,C0713,2025-03-05,Phone,Electronics,1,569.73,0.05,541.25,Debit Card,Yes
T09701,C0439,2024-09-25,Speaker,Electronics,1,222.39,0.1,200.15,PayPal,No
T09702,C0541,2025-08-08,Phone,Electronics,1,496.1,0.0,496.1,Credit Card,No
T09703,C0041,2025-04-30,Headphones,Electronics,1,146.8,0.05,139.46,Debit Card,No
T09704,C1475,2025-06-30,Headphones,Electronics,1,138.13,0.1,124.31,Debit Card,No
T09705,C0948,2025-01-31,Laptop,Electronics,1,906.22,0.0,906.22,Credit Card,No
T09706,C0764,2024-11-26,Mouse,Electronics,2,56.38,0.2,90.2,PayPal,No
T09707,C0592,2025-08-24,Keyboard,Electronics,1,35.7,0.1,32.13,PayPal,No
T09708,C0815,2025-12-31,Monitor,Electronics,1,356.96,0.05,339.11,Debit Card,No
T09709,C0588,2024-12-06,Smartwatch,Electronics,1,192.87,0.1,173.59,Mobile Payment,No
T09710,C0550,2025-07-15,Tablet,Electronics,2,193.5,0.1,348.3,Mobile Payment,No
T09711,C0717,2025-11-12,Camera,Electronics,2,762.49,0.0,1524.97,PayPal,No
T09712,C0425,2024-10-30,Camera,Electronics,4,963.92,0.0,3855.7,PayPal,No
T09713,C0276,2025-12-31,Smartwatch,Electronics,1,191.15,0.05,181.6,Mobile Payment,No
T09714,C0843,2025-12-31,Headphones,Electronics,1,152.74,0.0,152.74,Credit Card,No
T09715,C1292,2025-12-31,Phone,Electronics,1,596.07,0.1,536.47,Mobile Payment,No
T09716,C0237,2025-09-17,Monitor,Electronics,3,503.33,0.0,1509.99,Credit Card,No
T09717,C0047,2025-05-04,Tablet,Electronics,1,421.79,0.0,421.79,Credit Card,No
T09718,C0369,2025-12-31,Laptop,Electronics,1,932.13,0.0,932.13,Debit Card,Yes
T09719,C1473,2024-12-25,Tablet,Electronics,2,568.96,0.2,910.33,Mobile Payment,No
T09720,C1271,2025-12-31,Monitor,Electronics,2,180.43,0.0,360.86,Mobile Payment,No
T09721,C0902,2025-01-15,Phone,Electronics,2,438.15,0.2,701.03,Debit Card,No
T09722,C1405,2025-05-10,Speaker,Electronics,1,193.79,0.05,184.1,PayPal,No
T09723,C0696,2025-12-31,Mouse,Electronics,1,87.76,0.0,87.76,Debit Card,Yes
T09724,C1477,2025-05-17,Phone,Electronics,1,296.89,0.0,296.89,Debit Card,No
T09725,C0455,2025-10-24,Smartwatch,Electronics,1,87.86,0.0,87.86,Mobile Payment,No
T09726,C0359,2025-05-17,Speaker,Electronics,1,113.42,0.0,113.42,PayPal,No
T09727,C0968,2024-12-10,Tablet,Electronics,1,341.95,0.2,273.56,PayPal,No
T09728,C0586,2025-05-11,Phone,Electronics,1,798.3,0.05,758.38,PayPal,No
T09729,C0950,2025-12-31,Tablet,Electronics,2,630.68,0.0,1261.37,Credit Card,No
T09730,C0470,2025-04-21,Camera,Electronics,1,315.51,0.0,315.51,Mobile Payment,No
T09731,C0934,2024-05-06,Phone,Electronics,3,259.98,0.15,662.95,Credit Card,No
T09732,C0425,2024-04-27,Smartwatch,Electronics,2,310.79,0.0,621.59,PayPal,No
T09733,C0080,2024-05-23,Mouse,Electronics,2,26.53,0.05,50.4,Credit Card,No
T09734,C1383,2025-12-31,Mouse,Electronics,1,43.84,0.1,39.46,Debit Card,No
T09735,C1347,2025-08-23,Headphones,Electronics,1,82.29,0.0,82.29,Credit Card,No
T09736,C1461,2025-12-31,Headphones,Electronics,1,83.55,0.1,75.2,Mobile Payment,No
T09737,C1099,2025-01-02,Phone,Electronics,2,463.58,0.0,927.17,Debit Card,No
T09738,C1037,2024-05-07,Headphones,Electronics,1,93.85,0.0,93.85,Mobile Payment,No
T09739,C0845,2025-05-18,Keyboard,Electronics,1,121.12,0.1,109.01,Mobile Payment,No
T09740,C0192,2025-12-31,Camera,Electronics,2,865.91,0.05,1645.22,Credit Card,No
T09741,C0288,2024-09-08,Camera,Electronics,1,770.6,0.0,770.6,Debit Card,No
T09742,C0446,2025-12-31,Laptop,Electronics,2,1300.98,0.0,2601.96,Mobile Payment,No
T09743,C1359,2024-12-27,Phone,Electronics,3,799.69,0.05,2279.11,Debit Card,No
T09744,C0268,2025-05-04,Camera,Electronics,3,495.5,0.0,1486.49,Credit Card,No
T09745,C1395,2025-12-31,Speaker,Electronics,1,181.35,0.0,181.35,PayPal,Yes
T09746,C0793,2025-07-29,Laptop,Electronics,1,1248.69,0.0,1248.69,PayPal,No
T09747,C1097,2025-12-24,Mouse,Electronics,1,88.68,0.0,88.68,PayPal,No
T09748,C0171,2025-12-31,Headphones,Electronics,1,78.49,0.0,78.49,Debit Card,No
T09749,C0411,2024-12-05,Headphones,Electronics,1,123.88,0.1,111.49,Credit Card,No
T09750,C1441,2025-07-29,Mouse,Electronics,4,59.63,,238.51,Debit Card,No
T09751,C0404,2025-02-17,Smartwatch,Electronics,4,262.9,0.05,999.0,PayPal,No
T09752,C0455,2025-11-18,Tablet,Electronics,1,335.22,0.0,335.22,Credit Card,No
T09753,C0300,2025-02-12,Mouse,Electronics,2,39.94,0.0,79.89,Mobile Payment,No
T09754,C0199,2024-05-11,Mouse,Electronics,1,74.98,0.0,74.98,Debit Card,No
T09755,C0348,2025-12-31,Monitor,Electronics,1,329.7,0.0,329.7,PayPal,No
T09756,C0977,2025-12-31,Keyboard,Electronics,2,25.62,0.0,51.25,Mobile Payment,No
T09757,C0706,2025-12-31,Laptop,Electronics,1,1356.49,0.0,1356.49,Debit Card,No
T09758,C0836,2024-08-31,Laptop,Electronics,2,804.75,0.1,1448.55,Debit Card,No
T09759,C0186,2025-12-29,Keyboard,Electronics,4,48.04,0.0,192.15,Credit Card,No
T09760,C1230,2025-05-06,Monitor,Electronics,1,518.26,0.0,518.26,Debit Card,No
T09761,C1203,2025-12-31,Laptop,Electronics,3,934.85,0.0,2804.56,Debit Card,No
T09762,C0033,2025-12-31,Monitor,Electronics,1,297.68,0.15,253.03,Credit Card,No
T09763,C0591,2025-12-31,Smartwatch,Electronics,1,240.49,0.1,216.45,Credit Card,No
T09764,C0106,2025-03-08,Keyboard,Electronics,1,34.15,0.0,34.15,Credit Card,No
T09765,C1215,2025-04-11,Monitor,Electronics,2,256.63,0.0,513.27,PayPal,No
T09766,C1128,2025-08-14,Mouse,Electronics,2,19.53,0.05,37.1,Mobile Payment,No
T09767,C1375,2025-04-23,Phone,Electronics,3,439.48,0.0,1318.44,Credit Card,No
T09768,C0352,2025-12-31,Monitor,Electronics,1,541.47,0.05,514.4,PayPal,No
T09769,C0708,2025-12-31,Phone,Electronics,1,841.07,0.05,799.01,Debit Card,No
T09770,C0281,2025-04-01,Monitor,Electronics,1,289.25,0.05,274.78,Debit Card,No
T09771,C0572,2025-03-20,Keyboard,Electronics,1,54.08,0.0,54.08,Debit Card,No
T09772,C0792,2024-04-16,Phone,Electronics,1,337.93,0.0,337.93,Mobile Payment,No
T09773,C0083,2025-05-14,Laptop,Electronics,1,976.09,0.0,976.09,PayPal,No
T09774,C1094,2025-12-31,Phone,Electronics,1,787.16,0.05,747.81,PayPal,No
T09775,C0823,2025-01-11,Keyboard,Electronics,1,157.16,0.0,157.16,Credit Card,No
T09776,C1271,2025-12-31,Phone,Electronics,1,279.85,0.15,237.88,Credit Card,No
T09777,C0417,2024-06-13,Tablet,Electronics,1,278.34,0.15,236.59,Debit Card,No
T09778,C1375,2024-09-21,Mouse,Electronics,2,32.27,0.1,58.09,PayPal,No
T09779,C1497,2024-04-12,Tablet,Electronics,2,569.36,0.0,1138.72,Credit Card,No
T09780,C1389,2025-12-31,Headphones,Electronics,2,116.7,0.0,233.39,Debit Card,No
T09781,C1196,2025-08-20,Speaker,Electronics,2,135.78,0.0,271.57,Mobile Payment,No
T09782,C1246,2025-12-31,Smartwatch,Electronics,1,337.42,0.0,337.42,Debit Card,No
T09783,C0869,2024-07-07,Tablet,Electronics,1,614.92,0.2,491.93,Debit Card,No
T09784,C0289,2024-05-19,Keyboard,Electronics,1,93.22,0.0,93.22,PayPal,No
T09785,C1030,2025-04-04,Mouse,Electronics,1,25.91,0.0,25.91,PayPal,No
T09786,C1090,2025-06-04,Speaker,Electronics,2,84.46,0.0,168.92,Debit Card,No
T09787,C1479,2025-03-09,Keyboard,Electronics,2,42.37,0.0,84.75,Debit Card,No
T09788,C0821,2024-09-04,Keyboard,Electronics,1,130.48,0.0,130.48,Credit Card,Yes
T09789,C0416,2024-08-29,Camera,Electronics,1,799.22,0.0,799.22,Mobile Payment,No
T09790,C1039,2025-12-31,Laptop,Electronics,2,1089.65,0.1,1961.37,Credit Card,No
T09791,C1473,2024-12-21,Keyboard,Electronics,1,40.25,0.05,38.24,Debit Card,No
T09792,C0271,2024-11-06,Headphones,Electronics,2,180.72,0.0,361.44,PayPal,No
T09793,C0499,2024-08-19,Speaker,Electronics,2,179.25,0.0,358.5,PayPal,No
T09794,C0821,2024-05-01,Speaker,Electronics,1,63.65,0.05,60.47,PayPal,No
T09795,C0263,2025-02-12,Phone,Electronics,3,735.64,0.0,2206.91,Debit Card,No
T09796,C0034,2025-10-27,Tablet,Electronics,1,641.21,0.0,641.21,Credit Card,No
T09797,C0514,2024-08-30,Tablet,Electronics,1,387.35,0.05,367.99,Mobile Payment,No
T09798,C1316,2025-10-24,Phone,Electronics,2,325.18,0.05,617.83,Credit Card,No
T09799,C0068,2025-12-31,Monitor,Electronics,3,195.63,0.2,469.51,Mobile Payment,No
T09800,C0664,2024-12-26,Monitor,Electronics,3,161.65,0.05,460.69,Credit Card,No
T09801,C1166,2025-04-01,Keyboard,Electronics,1,144.41,0.1,129.97,Credit Card,No
T09802,C1434,2025-12-30,Mouse,Electronics,2,73.99,0.15,125.78,Credit Card,No
T09803,C1480,2025-12-31,Laptop,Electronics,1,1108.97,0.0,1108.97,Debit Card,No
T09804,C0650,2024-01-09,Keyboard,Electronics,2,143.67,0.0,287.35,Credit Card,No
T09805,C1431,2024-09-16,Speaker,Electronics,2,299.82,0.0,599.63,Debit Card,No
T09806,C0050,2025-12-31,Monitor,Electronics,2,330.83,0.0,661.66,Debit Card,No
T09807,C1144,2024-08-11,Phone,Electronics,1,708.78,0.15,602.46,Mobile Payment,No
T09808,C0978,2025-01-16,Phone,Electronics,2,495.16,0.05,940.79,PayPal,No
T09809,C0375,2025-08-01,Tablet,Electronics,3,345.47,0.0,1036.4,PayPal,No
T09810,C0769,2025-02-16,Smartwatch,Electronics,1,306.77,0.05,291.43,PayPal,No
T09811,C0199,2025-05-09,Tablet,Electronics,1,450.14,0.15,382.62,Credit Card,No
T09812,C1326,2025-12-10,Smartwatch,Electronics,1,94.98,0.0,94.98,PayPal,No
T09813,C0547,2025-04-04,Smartwatch,Electronics,1,177.02,0.0,177.02,Debit Card,No
T09814,C0950,2025-12-31,Monitor,Electronics,2,508.45,0.0,1016.9,Mobile Payment,No
T09815,C0245,2025-12-15,Tablet,Electronics,1,621.8,0.1,559.62,Credit Card,No
T09816,C0310,2025-07-27,Keyboard,Electronics,1,120.24,0.15,102.2,PayPal,No
T09817,C1486,2025-12-12,Smartwatch,Electronics,1,174.32,0.05,165.61,PayPal,No
T09818,C1152,2025-05-14,Laptop,Electronics,1,876.39,0.1,788.75,Credit Card,No
T09819,C1447,2025-04-07,Speaker,Electronics,1,149.73,0.05,142.24,Credit Card,No
T09820,C0454,2025-12-31,Mouse,Electronics,1,63.08,0.05,59.93,Mobile Payment,No
T09821,C0253,2025-12-31,Headphones,Electronics,2,30.84,0.05,58.59,Debit Card,No
T09822,C0765,2025-02-10,Monitor,Electronics,1,270.91,0.0,270.91,Debit Card,No
T09823,C0759,2025-12-31,Headphones,Electronics,3,157.59,0.15,401.85,Mobile Payment,Yes
T09824,C0268,2024-10-02,Headphones,Electronics,1,157.91,0.0,157.91,PayPal,No
T09825,C1124,2025-08-14,Keyboard,Electronics,2,126.22,0.1,227.19,PayPal,No
T09826,C0554,2025-05-30,Laptop,Electronics,1,1364.96,0.1,1228.46,PayPal,No
T09827,C0285,2025-11-27,Phone,Electronics,2,619.55,0.2,991.29,Debit Card,No
T09828,C0506,2025-02-25,Phone,Electronics,1,425.32,0.0,425.32,Mobile Payment,No
T09829,C0851,2025-12-31,Headphones,Electronics,1,184.21,0.2,147.37,Credit Card,No
T09830,C1114,2024-02-02,Headphones,Electronics,1,103.98,0.0,103.98,Debit Card,No
T09831,C0741,2025-12-31,Mouse,Electronics,1,35.34,0.0,35.34,Mobile Payment,No
T09832,C0797,2024-11-28,Tablet,Electronics,1,441.67,0.05,419.59,Debit Card,No
T09833,C0213,2025-01-18,Laptop,Electronics,1,902.32,0.0,902.32,Credit Card,No
T09834,C1385,2025-09-30,Laptop,Electronics,1,977.31,0.0,977.31,Credit Card,No
T09835,C1404,2024-11-28,Laptop,Electronics,3,1185.21,0.05,3377.85,Mobile Payment,No
T09836,C1039,2025-07-21,Laptop,Electronics,1,1397.16,0.2,1117.73,Mobile Payment,No
T09837,C0028,2025-12-31,Camera,Electronics,2,880.26,0.1,1584.47,Credit Card,No
T09838,C0811,2025-07-16,Mouse,Electronics,1,38.5,0.1,34.65,Mobile Payment,No
T09839,C0954,2025-09-21,Speaker,Electronics,2,63.52,0.0,127.04,Credit Card,No
T09840,C1491,2024-09-22,Laptop,Electronics,2,953.38,0.05,1811.42,Mobile Payment,No
T09841,C1493,2025-12-31,Camera,Electronics,1,317.38,0.15,269.77,Mobile Payment,No
T09842,C1305,2025-08-11,Mouse,Electronics,2,54.5,0.05,103.56,Mobile Payment,No
T09843,C0102,2024-10-17,Mouse,Electronics,2,71.1,0.05,135.09,Credit Card,No
T09844,C1434,2025-08-26,Headphones,Electronics,1,127.24,0.0,127.24,Debit Card,No
T09845,C0927,2024-06-20,Headphones,Electronics,1,194.4,0.1,174.96,PayPal,No
T09846,C1229,2025-12-31,Camera,Electronics,2,744.65,0.1,1340.36,Debit Card,No
T09847,C0632,2025-06-13,Mouse,Electronics,1,54.3,0.05,51.59,Debit Card,No
T09848,C0490,2024-06-21,Mouse,Electronics,1,41.32,0.0,41.32,PayPal,No
T09849,C0717,2025-05-30,Laptop,Electronics,2,1286.33,0.1,2315.39,PayPal,No
T09850,C0227,2025-07-22,Phone,Electronics,3,837.34,0.0,2512.02,Debit Card,No
T09851,C0546,2025-04-26,Speaker,Electronics,2,294.26,0.1,529.67,Credit Card,No
T09852,C1305,2025-07-15,Monitor,Electronics,1,591.54,0.0,591.54,PayPal,No
T09853,C0055,2025-03-14,Smartwatch,Electronics,1,344.32,0.05,327.11,Debit Card,No
T09854,C0234,2025-07-24,Headphones,Electronics,1,165.27,0.1,148.74,Mobile Payment,No
T09855,C0190,2025-04-17,Smartwatch,Electronics,1,223.17,0.0,223.17,Credit Card,No
T09856,C0625,2025-06-19,Phone,Electronics,2,362.02,0.0,724.05,PayPal,No
T09857,C1495,2025-05-20,Laptop,Electronics,1,1236.94,0.05,1175.1,Credit Card,No
T09858,C0268,2025-03-28,Monitor,Electronics,1,480.7,0.15,408.59,Credit Card,No
T09859,C0224,2025-12-31,Keyboard,Electronics,1,155.57,0.0,155.57,Debit Card,No
T09860,C1385,2025-12-07,Tablet,Electronics,1,397.35,0.15,337.75,Credit Card,No
T09861,C1345,2025-08-21,Mouse,Electronics,1,90.86,0.0,90.86,Credit Card,Yes
T09862,C0046,2024-08-30,Monitor,Electronics,1,473.4,0.2,378.72,Mobile Payment,No
T09863,C1151,2025-03-29,Speaker,Electronics,1,84.49,0.1,76.04,Credit Card,No
T09864,C0999,2025-12-31,Phone,Electronics,1,384.49,0.1,346.04,Debit Card,No
T09865,C1178,2025-04-05,Laptop,Electronics,2,1269.99,0.05,2412.97,Mobile Payment,No
T09866,C0759,2025-12-31,Speaker,Electronics,1,150.68,0.1,135.61,PayPal,No
T09867,C1486,2024-12-28,Mouse,Electronics,2,36.17,0.05,68.72,Debit Card,No
T09868,C0068,2025-06-26,Mouse,Electronics,1,50.92,0.05,48.37,Credit Card,No
T09869,C0349,2025-08-17,Laptop,Electronics,1,812.96,0.1,731.67,Mobile Payment,No
T09870,C0613,2024-05-22,Speaker,Electronics,1,271.85,0.0,271.85,PayPal,No
T09871,C0698,2024-12-28,Smartwatch,Electronics,1,80.75,0.0,80.75,Credit Card,No
T09872,C1394,2024-07-23,Smartwatch,Electronics,1,162.44,0.1,146.2,Mobile Payment,No
T09873,C0846,2025-12-31,Speaker,Electronics,2,184.8,0.0,369.6,Credit Card,No
T09874,C0071,2024-07-21,Keyboard,Electronics,1,160.42,0.15,136.35,PayPal,No
T09875,C0634,2025-01-02,Headphones,Electronics,1,178.49,0.1,160.64,Debit Card,No
T09876,C0644,2025-12-31,Monitor,Electronics,2,160.09,0.1,288.16,Mobile Payment,No
T09877,C1453,2024-09-16,Smartwatch,Electronics,1,299.32,0.05,284.36,Mobile Payment,No
T09878,C0906,2025-03-25,Smartwatch,Electronics,2,245.05,0.0,490.11,PayPal,No
T09879,C0964,2024-06-26,Keyboard,Electronics,2,45.67,0.0,91.34,PayPal,No
T09880,C1091,2024-12-26,Phone,Electronics,1,651.36,0.1,586.22,Mobile Payment,Yes
T09881,C1182,2025-12-25,Smartwatch,Electronics,2,297.19,0.0,594.38,Mobile Payment,No
T09882,C0963,2024-12-24,Mouse,Electronics,1,66.18,0.0,66.18,PayPal,No
T09883,C0352,2025-12-31,Phone,Electronics,3,899.45,0.0,2698.34,Credit Card,No
T09884,C1329,2025-06-01,Monitor,Electronics,1,378.15,0.2,302.52,Debit Card,No
T09885,C1123,2025-04-23,Speaker,Electronics,1,215.01,0.0,215.01,PayPal,No
T09886,C1136,2024-06-14,Tablet,Electronics,2,213.08,0.0,426.15,PayPal,No
T09887,C1493,2025-05-21,Phone,Electronics,2,778.58,0.2,1245.73,Debit Card,No
T09888,C1231,2025-12-25,Laptop,Electronics,1,1136.87,0.0,1136.87,Mobile Payment,No
T09889,C1271,2025-06-07,Phone,Electronics,1,614.81,0.0,614.81,Debit Card,No
T09890,C1432,2025-12-28,Phone,Electronics,2,710.73,0.0,1421.45,PayPal,No
T09891,C0235,2025-08-01,Camera,Electronics,3,804.46,0.0,2413.38,Credit Card,No
T09892,C0763,2025-10-24,Phone,Electronics,3,748.19,0.15,1907.89,Debit Card,No
T09893,C0880,2025-07-08,Camera,Electronics,2,825.16,0.05,1567.81,Debit Card,Yes
T09894,C0503,2025-03-11,Phone,Electronics,2,588.03,0.0,1176.07,Credit Card,No
T09895,C1288,2024-06-01,Speaker,Electronics,4,75.11,0.0,300.42,Credit Card,No
T09896,C1166,2024-10-04,Tablet,Electronics,1,401.76,0.0,401.76,Credit Card,No
T09897,C1108,2025-12-31,Keyboard,Electronics,1,108.43,0.05,103.01,Mobile Payment,No
T09898,C1496,2025-11-10,Phone,Electronics,1,655.97,0.05,623.17,Credit Card,No
T09899,C0391,2025-11-11,Headphones,Electronics,1,116.62,0.05,110.79,Mobile Payment,No
T09900,C1126,2025-01-14,Phone,Electronics,3,345.32,0.2,828.76,PayPal,No
T09901,C0832,2024-08-25,Keyboard,Electronics,4,48.31,0.15,164.24,PayPal,No
T09902,C0482,2025-11-01,Headphones,Electronics,3,166.99,0.0,500.96,PayPal,Yes
T09903,C0247,2025-06-02,Camera,Electronics,1,895.3,0.0,895.3,Mobile Payment,No
T09904,C1367,2025-09-01,Phone,Electronics,2,418.67,0.05,795.48,PayPal,No
T09905,C0902,2025-07-25,Tablet,Electronics,2,389.55,0.0,779.11,PayPal,No
T09906,C1268,2024-12-17,Phone,Electronics,1,449.52,0.0,449.52,Debit Card,No
T09907,C0824,2025-08-29,Keyboard,Electronics,2,53.06,0.15,90.2,Mobile Payment,No
T09908,C0329,2025-09-22,Phone,Electronics,3,462.01,0.2,1108.82,Credit Card,No
T09909,C0515,2024-09-04,Phone,Electronics,4,420.75,0.15,1430.54,Debit Card,No
T09910,C0588,2025-07-11,Mouse,Electronics,1,22.01,0.0,22.01,Debit Card,No
T09911,C1463,2025-10-13,Laptop,Electronics,1,1053.14,0.05,1000.48,Debit Card,No
T09912,C0010,2025-06-09,Mouse,Electronics,3,53.33,0.0,159.98,Debit Card,No
T09913,C1480,2025-12-31,Phone,Electronics,1,714.5,0.15,607.32,Mobile Payment,No
T09914,C1474,2025-04-02,Keyboard,Electronics,1,121.15,0.0,121.15,Mobile Payment,Yes
T09915,C1493,2025-07-25,Speaker,Electronics,1,129.28,0.0,129.28,PayPal,No
T09916,C0735,2025-03-31,Phone,Electronics,1,572.6,0.0,572.6,Credit Card,No
T09917,C1450,2025-06-25,Tablet,Electronics,1,431.96,0.05,410.36,Debit Card,No
T09918,C0613,2025-07-30,Camera,Electronics,2,1125.79,0.15,1913.85,Credit Card,No
T09919,C0038,2025-07-15,Keyboard,Electronics,1,177.16,0.0,177.16,Debit Card,Yes
T09920,C0336,2025-07-23,Monitor,Electronics,1,516.99,0.0,516.99,Debit Card,No
T09921,C1426,2025-05-03,Keyboard,Electronics,4,112.13,0.0,448.5,PayPal,No
T09922,C0022,2025-12-31,Tablet,Electronics,3,616.21,0.05,1756.2,Credit Card,No
T09923,C0828,2025-12-31,Camera,Electronics,2,460.3,0.0,920.6,PayPal,No
T09924,C0116,2025-12-31,Mouse,Electronics,1,74.2,0.0,74.2,Mobile Payment,Yes
T09925,C0439,2024-08-30,Mouse,Electronics,2,54.14,0.0,108.28,Credit Card,No
T09926,C0142,2025-09-27,Speaker,Electronics,1,77.63,0.0,77.63,Credit Card,No
T09927,C1310,2025-12-31,Keyboard,Electronics,1,36.66,0.1,32.99,Mobile Payment,No
T09928,C0895,2025-12-31,Monitor,Electronics,3,366.33,0.0,1099.0,PayPal,No
T09929,C1375,2025-06-02,Speaker,Electronics,1,102.13,0.0,102.13,Mobile Payment,No
T09930,C1046,2025-12-31,Phone,Electronics,1,412.83,0.0,412.83,Debit Card,Yes
T09931,C1461,2025-12-31,Phone,Electronics,2,458.14,0.0,916.28,Credit Card,No
T09932,C0772,2024-07-14,Phone,Electronics,1,716.94,0.05,681.09,Debit Card,No
T09933,C0970,2025-12-31,Speaker,Electronics,1,82.66,0.05,78.53,Mobile Payment,No
T09934,C0874,2024-09-09,Mouse,Electronics,1,75.99,0.0,75.99,Credit Card,No
T09935,C0744,2024-10-09,Tablet,Electronics,2,547.87,0.0,1095.75,Mobile Payment,No
T09936,C1293,2025-08-21,Tablet,Electronics,1,459.41,0.05,436.44,Debit Card,Yes
T09937,C0983,2025-06-15,Laptop,Electronics,1,873.29,0.0,873.29,Credit Card,No
T09938,C1229,2025-02-15,Phone,Electronics,1,283.5,0.1,255.15,Debit Card,No
T09939,C1206,2025-04-01,Speaker,Electronics,1,146.07,0.05,138.76,Credit Card,No
T09940,C0291,2025-12-31,Mouse,Electronics,1,87.03,0.2,69.63,PayPal,No
T09941,C0992,2025-06-30,Speaker,Electronics,2,66.49,0.05,126.32,Credit Card,No
T09942,C0303,2025-10-19,Headphones,Electronics,1,171.52,0.0,171.52,Mobile Payment,No
T09943,C0885,2024-11-17,Keyboard,Electronics,2,97.52,0.0,195.05,Credit Card,No
T09944,C1030,2024-09-20,Monitor,Electronics,1,554.47,0.0,554.47,PayPal,No
T09945,C1496,2025-11-18,Camera,Electronics,1,620.58,0.1,558.52,Mobile Payment,No
T09946,C0043,2025-10-10,Speaker,Electronics,2,223.23,0.0,446.47,PayPal,No
T09947,C0146,2025-05-11,Speaker,Electronics,2,232.43,0.05,441.62,PayPal,No
T09948,C0120,2025-10-20,Keyboard,Electronics,1,55.8,0.05,53.01,Debit Card,No
T09949,C0616,2025-12-14,Laptop,Electronics,2,810.7,0.05,1540.34,Credit Card,No
T09950,C1262,2024-11-01,Keyboard,Electronics,2,39.37,0.0,78.75,Credit Card,Yes
T09951,C1292,2025-12-31,Phone,Electronics,1,706.03,0.0,706.03,PayPal,No
T09952,C1127,2025-11-23,Phone,Electronics,1,606.3,0.0,606.3,Mobile Payment,No
T09953,C1368,2025-07-29,Phone,Electronics,1,306.37,0.15,260.41,Mobile Payment,No
T09954,C0496,2025-12-31,Headphones,Electronics,1,88.58,0.15,75.3,Debit Card,No
T09955,C0142,2025-07-14,Keyboard,Electronics,2,47.06,0.0,94.13,Mobile Payment,No
T09956,C0091,2025-04-22,Headphones,Electronics,2,47.61,0.15,80.94,PayPal,No
T09957,C1299,2025-11-05,Monitor,Electronics,1,284.45,0.05,270.22,Credit Card,No
T09958,C1122,2025-11-09,Laptop,Electronics,2,767.41,0.15,1304.59,Credit Card,No
T09959,C1063,2025-12-31,Keyboard,Electronics,2,65.33,0.0,130.66,Debit Card,No
T09960,C0520,2025-12-31,Mouse,Electronics,2,61.98,0.0,123.96,PayPal,No
T09961,C0587,2025-12-31,Phone,Electronics,1,614.59,0.0,614.59,Credit Card,No
T09962,C1441,2025-02-26,Smartwatch,Electronics,2,108.72,0.05,206.57,Credit Card,No
T09963,C0102,2025-04-14,Mouse,Electronics,2,31.24,0.1,56.23,PayPal,No
T09964,C1186,2025-03-29,Monitor,Electronics,3,534.74,0.0,1604.21,Mobile Payment,No
T09965,C0477,2024-06-01,Keyboard,Electronics,1,50.87,0.0,50.87,PayPal,No
T09966,C0056,2025-12-31,Monitor,Electronics,1,170.58,0.0,170.58,Credit Card,No
T09967,C1137,2024-08-02,Laptop,Electronics,1,871.37,0.1,784.24,Credit Card,No
T09968,C0505,2025-12-31,Mouse,Electronics,1,64.0,0.0,64.0,Mobile Payment,No
T09969,C1110,2025-04-03,Monitor,Electronics,1,153.25,0.15,130.26,Mobile Payment,No
T09970,C1082,2025-12-31,Phone,Electronics,1,890.24,0.0,890.24,Debit Card,No
T09971,C0809,2024-09-23,Mouse,Electronics,3,34.58,0.0,103.75,Credit Card,No
T09972,C1195,2025-08-01,Mouse,Electronics,2,35.24,0.05,66.96,PayPal,No
T09973,C0880,2024-12-28,Phone,Electronics,1,730.1,0.0,730.1,Debit Card,No
T09974,C0439,2024-10-02,Smartwatch,Electronics,1,131.97,0.1,118.77,Mobile Payment,Yes
T09975,C1125,2025-12-31,Monitor,Electronics,2,328.27,0.2,525.23,Credit Card,No
T09976,C0893,2025-09-10,Phone,Electronics,1,603.55,0.0,603.55,Debit Card,No
T09977,C0021,2024-10-24,Mouse,Electronics,1,16.86,0.0,16.86,Debit Card,No
T09978,C1374,2025-10-15,Keyboard,Electronics,1,154.78,0.2,123.82,Debit Card,No
T09979,C0827,2024-11-21,Phone,Electronics,3,582.83,0.0,1748.5,Mobile Payment,No
T09980,C1321,2025-06-17,Camera,Electronics,2,581.63,0.05,1105.09,PayPal,No
T09981,C1347,2025-08-04,Camera,Electronics,1,659.81,0.1,593.83,Mobile Payment,No
T09982,C0695,2025-12-31,Camera,Electronics,1,350.24,0.0,350.24,Credit Card,No
T09983,C0770,2025-07-18,Headphones,Electronics,1,166.42,0.0,166.42,Debit Card,Yes
T09984,C0643,2025-01-25,Smartwatch,Electronics,3,216.46,0.0,649.37,Credit Card,No
T09985,C0698,2025-12-31,Camera,Electronics,2,1122.59,0.1,2020.67,Mobile Payment,No
T09986,C1366,2025-03-06,Speaker,Electronics,1,160.69,0.0,160.69,Credit Card,No
T09987,C1209,2025-10-04,Speaker,Electronics,2,255.38,0.0,510.77,Credit Card,No
T09988,C0194,2025-07-15,Headphones,Electronics,3,65.78,0.0,197.35,Credit Card,No
T09989,C0922,2025-12-06,Phone,Electronics,1,286.73,0.05,272.39,PayPal,No
T09990,C1493,2025-08-28,Tablet,Electronics,1,625.77,0.15,531.9,Debit Card,No
T09991,C0902,2025-08-01,Monitor,Electronics,1,265.63,0.0,265.63,Credit Card,No
T09992,C1206,2024-11-05,Smartwatch,Electronics,1,301.74,0.0,301.74,Debit Card,No
T09993,C1179,2025-12-25,Mouse,Electronics,2,36.87,0.0,73.75,PayPal,No
T09994,C0533,2025-01-25,Smartwatch,Electronics,1,105.19,0.0,105.19,PayPal,No
T09995,C0573,2025-08-17,Headphones,Electronics,1,169.18,0.05,160.72,Credit Card,No
T09996,C1112,2025-11-26,Tablet,Electronics,1,545.85,0.0,545.85,PayPal,Yes
T09997,C0764,2025-06-01,Laptop,Electronics,3,1290.53,0.1,3484.43,Credit Card,No
T09998,C0864,2025-11-11,Keyboard,Electronics,1,159.05,0.05,151.1,Mobile Payment,No
T09999,C1090,2024-08-01,Smartwatch,Electronics,3,200.11,0.0,600.32,Credit Card,No
T10000,C1195,2025-10-15,Camera,Electronics,3,660.2,0.0,1980.59,Debit Card,Yes
T00101,C0717,2025-02-12,Mouse,Electronics,1,59.12,0.1,53.21,Debit Card,No
T00251,C0850,2024-01-19,Speaker,Electronics,1,152.0,0.0,152.0,PayPal,No
T00501,C0606,2024-04-26,Phone,Electronics,3,407.08,0.15,1038.06,Debit Card,No
T00901,C1112,2025-08-16,Headphones,Electronics,1,206.73,0.0,206.73,PayPal,No
